{
   "keypoints_3d_coordinates": {
      "1": [
         -0.05866444110870361,
         0.002977948635816574,
         0.13240587711334229
      ],
      "2": [
         -0.0591253936290741,
         -0.001019911840558052,
         0.11612319946289062
      ],
      "3": [
         -0.05940741300582886,
         0.00012310221791267395,
         0.09884226322174072
      ],
      "4": [
         -0.0569947175681591,
         -0.0002631060779094696,
         0.07915854454040527
      ],
      "5": [
         -0.051181793212890625,
         -0.007011353969573975,
         0.06415212154388428
      ],
      "6": [
         -0.043861839920282364,
         -0.02089637890458107,
         0.05464935302734375
      ],
      "7": [
         -0.034742631018161774,
         -0.0295410118997097,
         0.04627180099487305
      ],
      "8": [
         -0.023742208257317543,
         -0.03864332288503647,
         0.0401996374130249
      ],
      "9": [
         -0.0014764098450541496,
         -0.045112159103155136,
         0.03241622447967529
      ],
      "10": [
         0.01967938244342804,
         -0.03793809190392494,
         0.04168403148651123
      ],
      "11": [
         0.03048376739025116,
         -0.028985854238271713,
         0.04790151119232178
      ],
      "12": [
         0.038794923573732376,
         -0.020231394097208977,
         0.05603945255279541
      ],
      "13": [
         0.04572681710124016,
         -0.006284777075052261,
         0.06520378589630127
      ],
      "14": [
         0.05153839662671089,
         0.0004930030554533005,
         0.07936728000640869
      ],
      "15": [
         0.05333307012915611,
         0.00027667172253131866,
         0.09819567203521729
      ],
      "16": [
         0.05282582715153694,
         -0.0015965905040502548,
         0.1147909164428711
      ],
      "17": [
         0.05330674722790718,
         0.001315578818321228,
         0.13100826740264893
      ],
      "18": [
         -0.04480825364589691,
         -0.04219888895750046,
         0.15048480033874512
      ],
      "19": [
         -0.04213905334472656,
         -0.045431092381477356,
         0.15330708026885986
      ],
      "20": [
         -0.03556755557656288,
         -0.050923243165016174,
         0.1562807559967041
      ],
      "21": [
         -0.027536604553461075,
         -0.055783942341804504,
         0.15759027004241943
      ],
      "22": [
         -0.018199704587459564,
         -0.05874869227409363,
         0.15502047538757324
      ],
      "23": [
         0.010117996484041214,
         -0.05876629054546356,
         0.15472257137298584
      ],
      "24": [
         0.019420547410845757,
         -0.055738139897584915,
         0.15683531761169434
      ],
      "25": [
         0.027467545121908188,
         -0.051511093974113464,
         0.15522456169128418
      ],
      "26": [
         0.03454039618372917,
         -0.04570049047470093,
         0.15181338787078857
      ],
      "27": [
         0.03734799474477768,
         -0.042491838335990906,
         0.14920330047607422
      ],
      "28": [
         -0.0037779209669679403,
         -0.05926685035228729,
         0.13967812061309814
      ],
      "29": [
         -0.003458909224718809,
         -0.06470641493797302,
         0.12578439712524414
      ],
      "30": [
         -0.0029573789797723293,
         -0.06915561854839325,
         0.11766219139099121
      ],
      "31": [
         -0.002412722911685705,
         -0.07533552497625351,
         0.10596752166748047
      ],
      "32": [
         -0.01551808975636959,
         -0.05720015987753868,
         0.09526407718658447
      ],
      "33": [
         -0.009565901942551136,
         -0.06169353425502777,
         0.0932532548904419
      ],
      "34": [
         -0.003009852021932602,
         -0.06429091840982437,
         0.09269988536834717
      ],
      "35": [
         0.003239844460040331,
         -0.06065652146935463,
         0.09332358837127686
      ],
      "36": [
         0.008575864136219025,
         -0.05639982223510742,
         0.09595310688018799
      ],
      "37": [
         -0.037743426859378815,
         -0.047418445348739624,
         0.13099277019500732
      ],
      "38": [
         -0.031217921525239944,
         -0.055128246545791626,
         0.13027000427246094
      ],
      "39": [
         -0.022462023422122,
         -0.055776771157979965,
         0.13065648078918457
      ],
      "40": [
         -0.016570033505558968,
         -0.051288902759552,
         0.1306244134902954
      ],
      "41": [
         -0.022447494789958,
         -0.05399090051651001,
         0.12871980667114258
      ],
      "42": [
         -0.03130778297781944,
         -0.05318530276417732,
         0.1281147003173828
      ],
      "43": [
         0.008375268429517746,
         -0.0510593019425869,
         0.13044559955596924
      ],
      "44": [
         0.015606226399540901,
         -0.055251095443964005,
         0.13055264949798584
      ],
      "45": [
         0.024172941222786903,
         -0.055024974048137665,
         0.13028061389923096
      ],
      "46": [
         0.030051738023757935,
         -0.04713304340839386,
         0.13055717945098877
      ],
      "47": [
         0.024243291467428207,
         -0.05356000363826752,
         0.12777018547058105
      ],
      "48": [
         0.014935467392206192,
         -0.054322145879268646,
         0.12824153900146484
      ],
      "49": [
         -0.02214483544230461,
         -0.053549185395240784,
         0.07147789001464844
      ],
      "50": [
         -0.017469089478254318,
         -0.06142792850732803,
         0.07655370235443115
      ],
      "51": [
         -0.010903595015406609,
         -0.06514143943786621,
         0.08131492137908936
      ],
      "52": [
         -0.0022730808705091476,
         -0.0669623464345932,
         0.08198249340057373
      ],
      "53": [
         0.006834656000137329,
         -0.06373116374015808,
         0.08171534538269043
      ],
      "54": [
         0.013199755921959877,
         -0.05839566886425018,
         0.07765185832977295
      ],
      "55": [
         0.01597367413341999,
         -0.051364511251449585,
         0.0725332498550415
      ],
      "56": [
         0.012536119669675827,
         -0.056105490773916245,
         0.06604492664337158
      ],
      "57": [
         0.006668809801340103,
         -0.06077306345105171,
         0.06181609630584717
      ],
      "58": [
         -0.0016893119318410754,
         -0.06317666172981262,
         0.060236573219299316
      ],
      "59": [
         -0.009955035522580147,
         -0.06261470168828964,
         0.061095595359802246
      ],
      "60": [
         -0.017272792756557465,
         -0.058378055691719055,
         0.06479918956756592
      ],
      "61": [
         -0.020474016666412354,
         -0.05159032344818115,
         0.07141625881195068
      ],
      "62": [
         -0.009251752868294716,
         -0.061635758727788925,
         0.07497632503509521
      ],
      "63": [
         -0.0022671050392091274,
         -0.0627213716506958,
         0.07472968101501465
      ],
      "64": [
         0.0052242521196603775,
         -0.06038542091846466,
         0.07553863525390625
      ],
      "65": [
         0.014457294717431068,
         -0.04916202276945114,
         0.07242918014526367
      ],
      "66": [
         0.004970653913915157,
         -0.05843397229909897,
         0.06907534599304199
      ],
      "67": [
         -0.002154247835278511,
         -0.060468293726444244,
         0.06830477714538574
      ],
      "68": [
         -0.009223027154803276,
         -0.05968160182237625,
         0.06866252422332764
      ]
   },
   "keypoints_2d_coordinates": {
      "1": [
         57,
         31
      ],
      "2": [
         66,
         30
      ],
      "3": [
         76,
         30
      ],