{
   "version": "1.0.0",
   "face_expression": {
      "intensity_level": 4.264813491701027,
      "name": "disgust"
   },
   "facial_hair_included": false,
   "center_of_pupil_point": {
      "2d": {
         "camera": {
            "right_eye": {
               "x": 34.02143995175217,
               "y": 41.16958536912048
            },
            "left_eye": {
               "x": 33.38074009818162,
               "y": 85.58193632179335
            }
         }
      },
      "3d": {
         "right_eye": {
            "x": -0.03847737982869148,
            "y": -0.057489991188049316,
            "z": 0.17052455246448517
         },
         "left_eye": {
            "x": 0.036414120346307755,
            "y": -0.05575673654675484,
            "z": 0.1716623455286026
         }
      }
   },
   "apex_of_cornea_point": {
      "2d": {
         "camera": {
            "right_eye": {
               "x": 33.909999561186424,
               "y": 41.631495399737744
            },
            "left_eye": {
               "x": 33.27579706748948,
               "y": 86.1781313476008
            }
         }
      },
      "3d": {
         "right_eye": {
            "x": -0.03763151168823242,
            "y": -0.060247164219617844,
            "z": 0.17062172293663025
         },
         "left_eye": {
            "x": 0.03735017031431198,
            "y": -0.058640532195568085,
            "z": 0.17174260318279266
         }
      }
   },
   "head_metadata": {
      "head_root_location": {
         "x": 0.0,
         "y": 0.0,
         "z": 0.0
      },
      "head_rotation": {
         "roll": 0.0,
         "yaw": 0.0,
         "pitch": 0.0
      },
      "head_six_dof": {
         "location": {
            "x": -0.004456996917724609,
            "y": -0.06436998397111893,
            "z": 0.17701315879821777
         },
         "look_at_vector": {
            "x": 8.74227803627227e-08,
            "y": -0.9999999999999962,
            "z": 9.553428304548457e-16
         }
      }
   },
   "eyelid_closure_intensity_level": 3,
   "accessories": [],
   "center_of_rotation_point": {
      "2d": {
         "camera": {
            "right_eye": {
               "x": 34.366926760193,
               "y": 39.749153252893194
            },
            "left_eye": {
               "x": 33.7032016680163,
               "y": 83.73281389260366
            }
         }
      },
      "3d": {
         "right_eye": {
            "x": -0.04109761491417885,
            "y": -0.048949241638183594,
            "z": 0.1702188104391098
         },
         "left_eye": {
            "x": 0.033488258719444275,
            "y": -0.04675542563199997,
            "z": 0.171416237950325
         }
      }
   },
   "identity_label": {
      "age": "old",
      "ethnicity": "african",
      "gender": "male"
   },
   "center_of_iris_point": {
      "2d": {
         "camera": {
            "right_eye": {
               "x": 34.0081658259656,
               "y": 41.22445376110827
            },
            "left_eye": {
               "x": 33.367943820946955,
               "y": 85.65286064672019
            }
         }
      },
      "3d": {
         "right_eye": {
            "x": -0.03837676718831062,
            "y": -0.05781709402799606,
            "z": 0.17053620517253876
         },
         "left_eye": {
            "x": 0.03652561455965042,
            "y": -0.056102193892002106,
            "z": 0.17167237401008606
         }
      }
   },
   "iris_circle": {
      "2d": {
         "camera": {
            "right_eye": [
               {
                  "x": 30.29141848990005,
                  "y": 41.20425860617453
               },
               {
                  "x": 30.807316262123226,
                  "y": 42.99391854008314
               },
               {
                  "x": 32.17839762562262,
                  "y": 44.3126986279283
               },
               {
                  "x": 34.03746883082791,
                  "y": 44.80844763530226
               },
               {
                  "x": 35.888174074209346,
                  "y": 44.34931877943442
               },
               {
                  "x": 37.23543881224528,
                  "y": 43.0571963366427
               },
               {
                  "x": 37.71820496548938,
                  "y": 41.27695219432076
               },
               {
                  "x": 37.205886581702345,
                  "y": 39.48486275459965
               },
               {
                  "x": 35.83417523264935,
                  "y": 38.161672171432485
               },
               {
                  "x": 33.97071959254894,
                  "y": 37.6638417188967
               },
               {
                  "x": 32.1167580993071,
                  "y": 38.125662697005815
               },
               {
                  "x": 30.770120558867156,
                  "y": 39.422224608959056
               }
            ],
            "left_eye": [
               {
                  "x": 29.45005260542795,
                  "y": 85.63091608130065
               },
               {
                  "x": 29.997541655646348,
                  "y": 87.48348873649432
               },
               {
                  "x": 31.445670995816293,
                  "y": 88.84966275584624
               },
               {
                  "x": 33.40666731931706,
                  "y": 89.36469334852409
               },
               {
                  "x": 35.356617072532764,
                  "y": 88.89229752724236
               },
               {
                  "x": 36.77370490053831,
                  "y": 87.55713409034824
               },
               {
                  "x": 37.279488253208214,
                  "y": 85.71561614908467
               },
               {
                  "x": 36.73669587023382,
                  "y": 83.86059269611499
               },
               {
                  "x": 35.287706801849865,
                  "y": 82.48932102771712
               },
               {
                  "x": 33.32157828574836,
                  "y": 81.97154921949429
               },
               {
                  "x": 31.36756853976897,
                  "y": 82.44736313789805
               },
               {
                  "x": 29.95072535403644,
                  "y": 83.78755632837473
               }
            ]
         }
      },
      "3d": {
         "right_eye": [
            {
               "x": -0.03841337934136391,
               "y": -0.05771337449550629,
               "z": 0.17680273950099945
            },
            {
               "x": -0.0354180634021759,
               "y": -0.056821852922439575,
               "z": 0.17596572637557983
            },
            {
               "x": -0.033207353204488754,
               "y": -0.05622369423508644,
               "z": 0.17367476224899292
            },
            {
               "x": -0.03237420693039894,
               "y": -0.05607808381319046,
               "z": 0.17054376006126404
            },
            {
               "x": -0.03314127027988434,
               "y": -0.05642463266849518,
               "z": 0.16741116344928741
            },
            {
               "x": -0.035303402692079544,
               "y": -0.05717010796070099,
               "z": 0.16511717438697815
            },
            {
               "x": -0.038280900567770004,
               "y": -0.05811542645096779,
               "z": 0.16427622735500336
            },
            {
               "x": -0.041276127099990845,
               "y": -0.05900612846016884,
               "z": 0.16511324048042297
            },
            {
               "x": -0.04348708316683769,
               "y": -0.05960473790764809,
               "z": 0.16740436851978302
            },
            {
               "x": -0.04432076960802078,
               "y": -0.05975017324090004,