{
   "version": "1.0.0",
   "datapoints": [
      {
         "human": {
            "id": "9354c7f9-36b5-4173-9f5e-f42cbe75fa39",
            "head": {
               "eyes": {
                  "id": "0a33282c-3eed-43c1-9aa9-65a4524a3e59",
                  "target_of_gaze": {
                     "direction": {
                        "x": 0.2987475157664413,
                        "y": -0.9236602061389216,
                        "z": -0.009452198963428304
                     },
                     "distance": 2.1989887059558266
                  },
                  "eyelid_closure": 0.6435835352757732
               },
               "location": {
                  "x": 0.0,
                  "y": 0.0,
                  "z": 0.0
               },
               "rotation": {
                  "pitch": 0.0,
                  "roll": 0.0,
                  "yaw": 0.0
               },
               "expression": {
                  "intensity": 0.8162033729252567,
                  "name": "disgust"
               },
               "eyebrows": {
                  "id": "6097f70f-ee37-4965-a26f-d08e857e0796",
                  "color_settings": {
                     "index_of_refraction": 1.627144115033989,
                     "melanin": 0.5089972743214378,
                     "redness": 0.5261982919214393,
                     "roughness": 0.1733707864284099,
                     "whiteness": 0.14918655001044456
                  }
               },
               "hair": {
                  "id": "715c9687-c1b5-45b3-b3c7-d91844784861",
                  "color_settings": {
                     "index_of_refraction": 1.627144115033989,
                     "melanin": 0.5089972743214378,
                     "redness": 0.5261982919214393,
                     "roughness": 0.1733707864284099,
                     "whiteness": 0.14918655001044456
                  }
               },
               "facial_hair": null
            }
         },
         "camera": {
            "name": "camera",
            "intrinsic_params": {
               "projection": "perspective",
               "resolution_width": 128,
               "resolution_height": 128,
               "fov_horizontal": 8.0,
               "fov_vertical": 8.0,
               "sensor_width": 15.0,
               "wavelength": "visible"
            },
            "extrinsic_params": {
               "rotation": {
                  "pitch": 0.0,
                  "roll": 0.0,
                  "yaw": 0.0
               },
               "location": {
                  "x": 0.0,
                  "y": -1.6,
                  "z": 0.12
               }
            }
         },
         "accessories": {
            "mask": null,
            "glasses": null
         },
         "background": {
            "id": "f9cc0f11-b9eb-4bbe-9c8b-be6394c99048",
            "transparent": false,
            "rotation": 259.9940227176786
         },
         "lights": []
      }
   ]
}