{
   "version": "1.0.0",
   "face_expression": {
      "name": "anger",
      "intensity_level": 2.9832823046527115
   },
   "apex_of_cornea_point": {
      "2d": {
         "camera": {
            "right_eye": {
               "x": 36.62913460718358,
               "y": 43.73644239450188
            },
            "left_eye": {
               "x": 35.77327742087601,
               "y": 84.2037880418313
            }
         }
      },
      "3d": {
         "right_eye": {
            "x": -0.034420039504766464,
            "y": -0.04535237327218056,
            "z": 0.16649264097213745
         },
         "left_eye": {
            "x": 0.03432268276810646,
            "y": -0.04516351968050003,
            "z": 0.16795223951339722
         }
      }
   },
   "center_of_rotation_point": {
      "2d": {
         "camera": {
            "right_eye": {
               "x": 33.77515709393175,
               "y": 43.44813384586615
            },
            "left_eye": {
               "x": 32.99140306042024,
               "y": 83.00644591306218
            }
         }
      },
      "3d": {
         "right_eye": {
            "x": -0.035189513117074966,
            "y": -0.03289428725838661,
            "z": 0.17175187170505524
         },
         "left_eye": {
            "x": 0.032539792358875275,
            "y": -0.03306795656681061,
            "z": 0.1730879545211792
         }
      }
   },
   "identity_id": "02bdf6e0-993a-407f-879b-2485d7d2ef34",
   "center_of_iris_point": {
      "2d": {
         "camera": {
            "right_eye": {
               "x": 36.020484919983055,
               "y": 43.67477741394948
            },
            "left_eye": {
               "x": 35.17573356594296,
               "y": 83.94629900825599
            }
         }
      },
      "3d": {
         "right_eye": {
            "x": -0.03458348289132118,
            "y": -0.04270920157432556,
            "z": 0.16760730743408203
         },
         "left_eye": {
            "x": 0.03394154831767082,
            "y": -0.04258044436573982,
            "z": 0.1690487116575241
         }
      }
   },
   "facial_hair_included": false,
   "accessories": [],
   "iris_circle": {
      "2d": {
         "camera": {
            "right_eye": [
               {
                  "x": 32.1006216545399,
                  "y": 43.68344420811406
               },
               {
                  "x": 32.608459244937954,
                  "y": 45.801255932857586
               },
               {
                  "x": 34.03663112852727,
                  "y": 47.34682402816956
               },
               {
                  "x": 36.000418482716675,
                  "y": 47.90727936896841
               },
               {
                  "x": 37.971682525239416,
                  "y": 47.3337873905898
               },
               {
                  "x": 39.42432973214602,
                  "y": 45.78342912261162
               },
               {
                  "x": 39.97208149601187,
                  "y": 43.67048096962146
               },
               {
                  "x": 39.4690261659642,
                  "y": 41.5584304919307
               },
               {
                  "x": 38.04783540065625,
                  "y": 40.01150639289964
               },
               {
                  "x": 36.08743555389856,
                  "y": 39.44411679258871
               },
               {
                  "x": 34.11139577980235,
                  "y": 40.01134028980613
               },
               {
                  "x": 32.65119539324019,
                  "y": 41.56299717277169
               }
            ],
            "left_eye": [
               {
                  "x": 31.333049210305283,
                  "y": 84.02424065903946
               },
               {
                  "x": 31.767788089173397,
                  "y": 86.06625324283553
               },
               {
                  "x": 33.12177855147155,
                  "y": 87.53975050489274
               },
               {
                  "x": 35.02955139815519,
                  "y": 88.05097269873882
               },
               {
                  "x": 36.97928814041781,
                  "y": 87.46583647661357
               },
               {
                  "x": 38.450091225960485,
                  "y": 85.94273384247333
               },
               {
                  "x": 39.05123960401669,
                  "y": 83.88886913229626
               },
               {
                  "x": 38.621699567431634,
                  "y": 81.85159725801016
               },
               {
                  "x": 37.27460971554283,
                  "y": 80.37598291211916
               },
               {
                  "x": 35.36913203545597,
                  "y": 79.85750008704287
               },
               {
                  "x": 33.41427944377363,
                  "y": 80.43776636999226
               },
               {
                  "x": 31.936185850617772,
                  "y": 81.96278299866543
               }
            ]
         }
      },
      "3d": {
         "right_eye": [
            {
               "x": -0.03450458124279976,
               "y": -0.045599330216646194,
               "z": 0.17417624592781067
            },
            {
               "x": -0.030919266864657402,
               "y": -0.045022644102573395,
               "z": 0.173333540558815
            },
            {
               "x": -0.028314674273133278,
               "y": -0.04385236278176308,
               "z": 0.1709454208612442
            },
            {
               "x": -0.027387240901589394,
               "y": -0.042402975261211395,
               "z": 0.16765081882476807
            },
            {
               "x": -0.028387632220983505,
               "y": -0.04106304794549942,
               "z": 0.16433414816856384
            },
            {
               "x": -0.031045710667967796,
               "y": -0.040191520005464554,
               "z": 0.16188324987888336
            },
            {
               "x": -0.03465050831437111,
               "y": -0.04002080857753754,
               "z": 0.16095422208309174
            },
            {
               "x": -0.03823622688651085,
               "y": -0.04059794545173645,
               "z": 0.1617961823940277
            },
            {
               "x": -0.04084121808409691,
               "y": -0.0417683944106102,
               "z": 0.16418443620204926
            },
            {
               "x": -0.04176832735538483,
               "y": -0.043217919766902924,
               "z": 0.16747787594795227
            },
            {
               "x": -0.040768399834632874,
               "y": -0.04455742985010147,
               "z": 0.170795276761055
            },
            {
               "x": -0.03811001032590866,
               "y": -0.04542914032936096,
               "z": 0.17324700951576233
            }
         ],
         "left_eye": [
            {
               "x": 0.03401189669966698,
               "y": -0.045427095144987106,
               "z": 0.1754859983921051
            },
            {
               "x": 0.03749997168779373,
               "y": -0.04461237043142319,
               "z": 0.17477627098560333
            },
            {
               "x": 0.0400383323431015,
               "y": -0.04328029230237007,
               "z": 0.1725202053785324
            },
            {
               "x": 0.0409470796585083,
               "y": -0.04178784787654877,
               "z": 0.16932255029678345
            },
            {
               "x": 0.039983004331588745,
               "y": -0.040534816682338715,
               "z": 0.1660400927066803
            },
            {
               "x": 0.03740406781435013,
               "y": -0.03985702618956566,