{
   "version": "1.0.0",
   "datapoints": [
      {
         "human": {
            "id": "02bdf6e0-993a-407f-879b-2485d7d2ef34",
            "head": {
               "eyes": {
                  "id": "d2091b6b-f24b-4171-bea2-69f194b490ca",
                  "target_of_gaze": {
                     "distance": 4.232313027171782,
                     "direction": {
                        "x": 0.08186143803216905,
                        "z": -0.3631472875779568,
                        "y": -0.8852431392262836
                     }
                  },
                  "eyelid_closure": 0.5995948900492727
               },
               "location": {
                  "x": 0.0,
                  "z": 0.0,
                  "y": 0.0
               },
               "rotation": {
                  "roll": 0.0,
                  "yaw": 0.0,
                  "pitch": 0.0
               },
               "expression": {
                  "intensity": 0.4958205761631779,
                  "name": "anger"
               },
               "eyebrows": {
                  "id": "92204e57-c54a-4c5f-a731-b1dc6708284a",
                  "color_settings": {
                     "index_of_refraction": 1.6152003739320269,
                     "melanin": 0.7625994828506132,
                     "redness": 0.9926836745968676,
                     "roughness": 0.3259024991398326,
                     "whiteness": 0.4725123738035589
                  }
               },
               "hair": {
                  "id": "690efa13-f6c2-4b81-8e70-d2be11e9f5b0",
                  "color_settings": {
                     "index_of_refraction": 1.6152003739320269,
                     "melanin": 0.7625994828506132,
                     "redness": 0.9926836745968676,
                     "roughness": 0.3259024991398326,
                     "whiteness": 0.4725123738035589
                  }
               },
               "facial_hair": null
            }
         },
         "camera": {
            "name": "camera",
            "intrinsic_params": {
               "projection": "perspective",
               "resolution_width": 128,
               "resolution_height": 128,
               "fov_horizontal": 8.0,
               "fov_vertical": 8.0,
               "sensor_width": 15.0,
               "wavelength": "visible"
            },
            "extrinsic_params": {
               "rotation": {
                  "roll": 0.0,
                  "yaw": 0.0,
                  "pitch": 0.0
               },
               "location": {
                  "x": 0.0,
                  "z": 0.12,
                  "y": -1.6
               }
            }
         },
         "accessories": {
            "mask": null,
            "glasses": null
         },
         "background": {
            "id": "77366768-5fde-4266-8acd-6fcc8c682463",
            "transparent": false,
            "rotation": 323.46471711271414
         },
         "lights": []
      }
   ]
}