{
   "version": "1.0.0",
   "face_expression": {
      "name": "fear",
      "intensity_level": 1.6135927564601826
   },
   "identity_id": "ebfef962-566c-443a-ba7b-c39f489e03fe",
   "center_of_iris_point": {
      "2d": {
         "camera": {
            "right_eye": {
               "x": 28.376060756765064,
               "y": 40.80562402210066
            },
            "left_eye": {
               "x": 29.029748142730828,
               "y": 81.26203937327287
            }
         }
      },
      "3d": {
         "right_eye": {
            "x": -0.039367906749248505,
            "y": -0.04655482992529869,
            "z": 0.18046465516090393
         },
         "left_eye": {
            "x": 0.029304994270205498,
            "y": -0.04623320326209068,
            "z": 0.17936743795871735
         }
      }
   },
   "head_metadata": {
      "head_root_location": {
         "x": 0.0,
         "y": 0.0,
         "z": 0.0
      },
      "head_six_dof": {
         "location": {
            "x": -0.0018954272381961346,
            "y": -0.06300580501556396,
            "z": 0.18590080738067627
         },
         "look_at_vector": {
            "x": 8.74227803627227e-08,
            "y": -0.9999999999999962,
            "z": 9.553428304548457e-16
         }
      },
      "head_rotation": {
         "pitch": 0.0,
         "roll": 0.0,
         "yaw": 0.0
      }
   },
   "center_of_pupil_point": {
      "2d": {
         "camera": {
            "right_eye": {
               "x": 28.37902023804898,
               "y": 40.88496160513583
            },
            "left_eye": {
               "x": 29.031964382084237,
               "y": 81.31581009253927
            }
         }
      },
      "3d": {
         "right_eye": {
            "x": -0.039242472499608994,
            "y": -0.04618953540921211,
            "z": 0.18047384917736053
         },
         "left_eye": {
            "x": 0.02940352074801922,
            "y": -0.04585040360689163,
            "z": 0.17937830090522766
         }
      }
   },
   "eye_gaze": {
      "axis_directions": {
         "right_eye": {
            "axis_directions": {
               "visual_axis_direction": {
                  "x": -0.26415616468013253,
                  "y": -0.9641950846146471,
                  "z": -0.023438418599306197
               },
               "optical_axis_direction": {
                  "x": -0.3254010446140151,
                  "y": -0.9452643807784611,
                  "z": -0.024277779874203678
               }
            }
         },
         "left_eye": {
            "axis_directions": {
               "visual_axis_direction": {
                  "x": -0.20322006644930035,
                  "y": -0.9782046801141373,
                  "z": -0.04262872734600668
               },
               "optical_axis_direction": {
                  "x": -0.24904829377953888,
                  "y": -0.9681156026078669,
                  "z": -0.02696529904724548
               }
            }
         }
      },
      "target_point": {
         "right_eye": {
            "x": -1.4900833368301392,
            "y": -4.94016170501709,
            "z": -0.13826340436935425
         },
         "left_eye": {
            "x": -1.4900833368301392,
            "y": -4.94016170501709,
            "z": -0.13826340436935425
         }
      },
      "eye_gaze_direction_type": "custom"
   },
   "eyelid_closure_intensity_level": 2,
   "facial_hair_included": false,
   "center_of_rotation_point": {
      "2d": {
         "camera": {
            "right_eye": {
               "x": 28.45778362662314,
               "y": 42.94555981023984
            },
            "left_eye": {
               "x": 29.093163956385222,
               "y": 82.70813163968184
            }
         }
      },
      "3d": {
         "right_eye": {
            "x": -0.03596330061554909,
            "y": -0.03666466847062111,
            "z": 0.18071001768112183
         },
         "left_eye": {
            "x": 0.03197185695171356,
            "y": -0.03586677089333534,
            "z": 0.17965514957904816
         }
      }
   },
   "apex_of_cornea_point": {
      "2d": {
         "camera": {
            "right_eye": {
               "x": 28.35493064645668,
               "y": 40.21247745929052
            },
            "left_eye": {
               "x": 29.012432104814533,
               "y": 80.86616341253455
            }
         }
      },
      "3d": {
         "right_eye": {
            "x": -0.04030400514602661,
            "y": -0.04927320405840874,
            "z": 0.18039464950561523
         },
         "left_eye": {
            "x": 0.02858107164502144,
            "y": -0.049047477543354034,
            "z": 0.17928925156593323
         }
      }
   },
   "iris_circle": {
      "2d": {
         "camera": {
            "right_eye": [
               {
                  "x": 24.193323214569347,
                  "y": 40.73595673266861
               },
               {
                  "x": 24.717940275894772,
                  "y": 42.70110435788538
               },
               {
                  "x": 26.224683592388594,
                  "y": 44.15345159248794
               },
               {
                  "x": 28.309385645177443,
                  "y": 44.70180779215145
               },
               {
                  "x": 30.41184682917617,
                  "y": 44.198829327702605
               },
               {
                  "x": 31.96668851747651,
                  "y": 42.77996026197362
               },
               {
                  "x": 32.556857906382106,
                  "y": 40.827397140537954
               },
               {
                  "x": 32.027203259984454,
                  "y": 38.86596246371792
               },
               {
                  "x": 30.52047706929193,
                  "y": 37.41927883778015
               },
               {
                  "x": 28.44121301718352,
                  "y": 36.873075545197274
               },
               {
                  "x": 26.344090818948075,
                  "y": 37.37326868153618
               },
               {
                  "x": 24.78924568002065,
                  "y": 38.786445351794434
               }
            ],
            "left_eye": [
               {
                  "x": 24.75936339482132,
                  "y": 81.19950638908207
               },
               {
                  "x": 25.298873038612413,
                  "y": 83.28099880261668
               },
               {
                  "x": 26.840058171901838,
                  "y": 84.81870823117931
               },
               {
                  "x": 28.96856119655187,
                  "y": 85.39863347416403
               },
               {
                  "x": 31.11282016183687,
                  "y": 84.86528154697429
               },
               {
                  "x": 32.69747570180113,
                  "y": 83.36194231672576
               },
               {
                  "x": 33.297388692852714,
                  "y": 81.29343543964731
               },
               {
                  "x": 32.75419502567157,
                  "y": 79.21508716525493
               },
               {
                  "x": 31.214353588832427,
                  "y": 77.6824054586731
               },
               {
                  "x": 29.090367750202393,
                  "y": 77.10433005498385
               },
               {
                  "x": 26.949481866379667,
                  "y": 77.63514889133452
               },
               {
                  "x": 25.36439146100355,
                  "y": 79.13349407525644
               }
            ]
         }
      },
      "3d": {
         "right_eye": [
            {
               "x": -0.039479516446590424,
               "y": -0.046815935522317886,