{
   "version": "1.0.0",
   "datapoints": [
      {
         "human": {
            "id": "ebfef962-566c-443a-ba7b-c39f489e03fe",
            "head": {
               "eyes": {
                  "id": "4a936c72-b574-4783-a687-d8558bfadf55",
                  "target_of_gaze": {
                     "direction": {
                        "x": -0.30205898625608263,
                        "z": -0.06463965336359184,
                        "y": -0.9974455709734066
                     },
                     "distance": 4.926480320163841
                  },
                  "eyelid_closure": 0.5307288023635073
               },
               "location": {
                  "x": 0.0,
                  "z": 0.0,
                  "y": 0.0
               },
               "rotation": {
                  "pitch": 0.0,
                  "yaw": 0.0,
                  "roll": 0.0
               },
               "expression": {
                  "name": "fear",
                  "intensity": 0.15339818911504563
               },
               "eyebrows": {
                  "id": "8b14075e-1dd2-4bdf-af44-9338d451d21b",
                  "color_settings": {
                     "index_of_refraction": 1.485785416990335,
                     "melanin": 0.3765241442132373,
                     "redness": 0.9218265422798384,
                     "roughness": 0.3656660498098804,
                     "whiteness": 0.38046254373946
                  }
               },
               "hair": {
                  "id": "b7bc94e3-ecd2-4c99-923d-f6e9bda6a772",
                  "color_settings": {
                     "index_of_refraction": 1.485785416990335,
                     "melanin": 0.3765241442132373,
                     "redness": 0.9218265422798384,
                     "roughness": 0.3656660498098804,
                     "whiteness": 0.38046254373946
                  }
               },
               "facial_hair": null
            }
         },
         "camera": {
            "name": "camera",
            "intrinsic_params": {
               "projection": "perspective",
               "resolution_width": 128,
               "resolution_height": 128,
               "fov_horizontal": 8.0,
               "fov_vertical": 8.0,
               "sensor_width": 15.0,
               "wavelength": "visible"
            },
            "extrinsic_params": {
               "rotation": {
                  "pitch": 0.0,
                  "yaw": 0.0,
                  "roll": 0.0
               },
               "location": {
                  "x": 0.0,
                  "z": 0.12,
                  "y": -1.6
               }
            }
         },
         "accessories": {
            "glasses": null,
            "mask": null
         },
         "background": {
            "id": "d2f974f6-1a8c-489e-9be4-9bf4616fd871",
            "transparent": false,
            "rotation": 176.44884585940468
         },
         "lights": []
      }
   ]
}