{
   "keypoints_3d_coordinates": {
      "1": [
         -0.05680874362587929,
         0.01196068525314331,
         0.13848865032196045
      ],
      "2": [
         -0.055208414793014526,
         0.006425417959690094,
         0.12009918689727783
      ],
      "3": [
         -0.05331791192293167,
         0.007558323442935944,
         0.10292744636535645
      ],
      "4": [
         -0.04930249601602554,
         0.006066650152206421,
         0.0837411880493164
      ],
      "5": [
         -0.04476652666926384,
         -0.0015047583729028702,
         0.06931543350219727
      ],
      "6": [
         -0.038519490510225296,
         -0.01563602313399315,
         0.05956864356994629
      ],
      "7": [
         -0.029914308339357376,
         -0.025184933096170425,
         0.051172494888305664
      ],
      "8": [
         -0.019483953714370728,
         -0.0351601168513298,
         0.04526209831237793
      ],
      "9": [
         0.002785745542496443,
         -0.042401961982250214,
         0.037007689476013184
      ],
      "10": [
         0.02523418329656124,
         -0.0357055626809597,
         0.043190717697143555
      ],
      "11": [
         0.03622919321060181,
         -0.026417728513479233,
         0.04844355583190918
      ],
      "12": [
         0.045761797577142715,
         -0.01772470399737358,
         0.05585324764251709
      ],
      "13": [
         0.053085364401340485,
         -0.0043264590203762054,
         0.06486093997955322
      ],
      "14": [
         0.05891312286257744,
         0.0025321170687675476,
         0.07989501953125
      ],
      "15": [
         0.06344680488109589,
         0.003295253962278366,
         0.09993362426757812
      ],
      "16": [
         0.06591934710741043,
         0.0022598430514335632,
         0.11778175830841064
      ],
      "17": [
         0.06892562657594681,
         0.006826493889093399,
         0.1355193853378296
      ],
      "18": [
         -0.04165894165635109,
         -0.0388200581073761,
         0.15636956691741943
      ],
      "19": [
         -0.03871893882751465,
         -0.042825907468795776,
         0.15915405750274658
      ],
      "20": [
         -0.03160534054040909,
         -0.050680406391620636,
         0.16196155548095703
      ],
      "21": [
         -0.022945841774344444,
         -0.05650670826435089,
         0.1626805067062378
      ],
      "22": [
         -0.012375041842460632,
         -0.06119740754365921,
         0.1589111089706421
      ],
      "23": [
         0.023798156529664993,
         -0.06200210750102997,
         0.15842509269714355
      ],
      "24": [
         0.034587860107421875,
         -0.057613804936409,
         0.16170060634613037
      ],
      "25": [
         0.04345136135816574,
         -0.05245210975408554,
         0.1602489948272705
      ],
      "26": [
         0.050924159586429596,
         -0.04527350515127182,
         0.15732669830322266
      ],
      "27": [
         0.053511057049036026,
         -0.04133240878582001,
         0.15415656566619873
      ],
      "28": [
         0.005324857775121927,
         -0.06248825788497925,
         0.14243948459625244
      ],
      "29": [
         0.005200572311878204,
         -0.06735096871852875,
         0.12714111804962158
      ],
      "30": [
         0.004708015359938145,
         -0.07173830270767212,
         0.12011957168579102
      ],
      "31": [
         0.003834330476820469,
         -0.08034659177064896,
         0.10907089710235596
      ],
      "32": [
         -0.008750641718506813,
         -0.060507748275995255,
         0.09729266166687012
      ],
      "33": [
         -0.0033114408142864704,
         -0.06601044535636902,
         0.09480106830596924
      ],
      "34": [
         0.004245547577738762,
         -0.06914247572422028,
         0.09366345405578613
      ],
      "35": [
         0.01173757016658783,
         -0.0666799545288086,
         0.09441375732421875
      ],
      "36": [
         0.01747671701014042,
         -0.06099661439657211,
         0.09671580791473389
      ],
      "37": [
         -0.03447352349758148,
         -0.04132654145359993,
         0.13022327423095703
      ],
      "38": [
         -0.02762826904654503,
         -0.05124354735016823,
         0.13186538219451904
      ],
      "39": [
         -0.017112070694565773,
         -0.05164053291082382,
         0.1314680576324463
      ],
      "40": [
         -0.008999045938253403,
         -0.04809180274605751,
         0.12854933738708496
      ],
      "41": [
         -0.017045974731445312,
         -0.05003676936030388,
         0.1268538236618042
      ],
      "42": [
         -0.026949655264616013,
         -0.04816644638776779,
         0.12654376029968262
      ],
      "43": [
         0.020395860075950623,
         -0.04940193146467209,
         0.12790000438690186
      ],
      "44": [
         0.027952946722507477,
         -0.05314936116337776,
         0.13049709796905518
      ],
      "45": [
         0.038138143718242645,
         -0.05240478366613388,
         0.13069188594818115
      ],
      "46": [
         0.04561465233564377,
         -0.0426391139626503,
         0.12891268730163574
      ],
      "47": [
         0.037481434643268585,
         -0.04972686618566513,
         0.12553822994232178
      ],
      "48": [
         0.027558142319321632,
         -0.05090145766735077,
         0.12579381465911865
      ],
      "49": [
         -0.017041882500052452,
         -0.05179363489151001,
         0.07407963275909424
      ],
      "50": [
         -0.011919556185603142,
         -0.06144292652606964,
         0.07956695556640625
      ],
      "51": [
         -0.004662653896957636,
         -0.06709872931241989,
         0.08405876159667969
      ],
      "52": [
         0.00425896979868412,
         -0.06921043246984482,
         0.08410799503326416
      ],
      "53": [
         0.012670554220676422,
         -0.06738652288913727,
         0.0837862491607666
      ],
      "54": [
         0.020447809249162674,
         -0.061699945479631424,
         0.07905697822570801
      ],
      "55": [
         0.025683393701910973,
         -0.05273691937327385,
         0.07285439968109131
      ],
      "56": [
         0.020394746214151382,
         -0.05566347390413284,
         0.06725180149078369
      ],
      "57": [
         0.01187858171761036,
         -0.059340950101614,
         0.0623546838760376
      ],
      "58": [
         0.0039965384639799595,
         -0.059816427528858185,
         0.06125974655151367
      ],
      "59": [
         -0.0040322584100067616,
         -0.059181734919548035,
         0.06272017955780029
      ],
      "60": [
         -0.011745346710085869,
         -0.055194977670907974,
         0.06756770610809326
      ],
      "61": [
         -0.015399616211652756,
         -0.04976673424243927,
         0.07492923736572266
      ],
      "62": [
         -0.0032721799798309803,
         -0.06206785887479782,
         0.07946789264678955
      ],
      "63": [
         0.004283349495381117,
         -0.06342679262161255,
         0.07944738864898682
      ],
      "64": [
         0.011611290276050568,
         -0.06255090236663818,
         0.07936561107635498
      ],
      "65": [
         0.02428673952817917,
         -0.04997594282031059,
         0.07407617568969727
      ],
      "66": [
         0.011182731948792934,
         -0.05805119499564171,
         0.06917321681976318
      ],
      "67": [
         0.0041573201306164265,
         -0.058757342398166656,
         0.06880617141723633
      ],
      "68": [
         -0.003179177176207304,
         -0.05781060457229614,
         0.06926417350769043
      ]
   },
   "keypoints_2d_coordinates": {
      "1": [
         54,
         32
      ],
      "2": [
         64,
         33
      ],
      "3": [
         74,
         34
      ],