{
   "camera_name": "media_dashboard_camera",
   "camera_type": "PERSP",
   "location": {
      "x": 0.6721898913383484,
      "y": 1.4806153774261475,
      "z": 1.0561188459396362
   },
   "orientation": {
      "look_at_vector": {
         "x": -0.6932277679443359,
         "y": -0.7192544937133789,
         "z": 0.04591619223356247
      },
      "up_vector": {
         "x": 0.03186395764350891,
         "y": 0.033060312271118164,
         "z": 0.9989453554153442
      }
   },
   "aspect_px": {
      "x": 1.0,
      "y": 1.0
   },
   "resolution_px": {
      "x": 506.0,
      "y": 283.0
   },
   "fov": {
      "horizontal": 55.0000026688793,
      "vertical": 30.76087105789099
   },
   "sensor": {
      "sensor_width": 36.0,
      "sensor_height": 20.134387351778656
   },
   "intrinsic_matrix": [
      [
         486.0084504870417,
         0.0,
         253.0
      ],
      [
         0.0,
         868.9762400934387,
         141.5
      ],
      [
         0.0,
         0.0,
         1.0
      ]
   ],
   "extrinsic_matrix": [
      [
         -0.720013939510137,
         0.6939597306374219,
         -3.176066343257844e-08,
         1.263295267688732
      ],
      [
         -0.03186395764350891,
         -0.033060312271118164,
         -0.9989453554153442,
         0.3420951166382408
      ],
      [
         -0.6932277679443359,
         -0.7192544937133789,
         0.04591619223356247,
         1.4305609198339313
      ]
   ]
}