{
   "keypoints_3d_coordinates": {
      "1": [
         -0.06801227480173111,
         0.012532390654087067,
         0.14590275287628174
      ],
      "2": [
         -0.066626638174057,
         0.010128255933523178,
         0.1271611452102661
      ],
      "3": [
         -0.06431262940168381,
         0.012396760284900665,
         0.10889649391174316
      ],
      "4": [
         -0.059863850474357605,
         0.010101616382598877,
         0.0879812240600586
      ],
      "5": [
         -0.05389711633324623,
         0.0009955130517482758,
         0.07173013687133789
      ],
      "6": [
         -0.045639313757419586,
         -0.014247633516788483,
         0.063057541847229
      ],
      "7": [
         -0.035070545971393585,
         -0.024660032242536545,
         0.056597352027893066
      ],
      "8": [
         -0.02359696477651596,
         -0.03658268228173256,
         0.052411675453186035
      ],
      "9": [
         -0.0005106109892949462,
         -0.04563369229435921,
         0.04715681076049805
      ],
      "10": [
         0.022944871336221695,
         -0.0369880236685276,
         0.052707672119140625
      ],
      "11": [
         0.03415367752313614,
         -0.025038588792085648,
         0.05763065814971924
      ],
      "12": [
         0.044759586453437805,
         -0.014854392036795616,
         0.06407034397125244
      ],
      "13": [
         0.05332539603114128,
         0.00026092492043972015,
         0.07246541976928711
      ],
      "14": [
         0.05938665196299553,
         0.009070996195077896,
         0.08874046802520752
      ],
      "15": [
         0.06351283192634583,
         0.011630222201347351,
         0.1094217300415039
      ],
      "16": [
         0.06517600268125534,
         0.01055336743593216,
         0.12689387798309326
      ],
      "17": [
         0.06619719415903091,
         0.013257641345262527,
         0.14640748500823975
      ],
      "18": [
         -0.04965822398662567,
         -0.0393749363720417,
         0.15799009799957275
      ],
      "19": [
         -0.04636022448539734,
         -0.04354234039783478,
         0.15955007076263428
      ],
      "20": [
         -0.038839321583509445,
         -0.05146393924951553,
         0.16097009181976318
      ],
      "21": [
         -0.03008372336626053,
         -0.057482536882162094,
         0.16090011596679688
      ],
      "22": [
         -0.019269121810793877,
         -0.06133183836936951,
         0.15785002708435059
      ],
      "23": [
         0.018191076815128326,
         -0.0611802376806736,
         0.15794003009796143
      ],
      "24": [
         0.028659477829933167,
         -0.05701213702559471,
         0.16123008728027344
      ],
      "25": [
         0.03789267688989639,
         -0.05119244009256363,
         0.16186010837554932
      ],
      "26": [
         0.04562297835946083,
         -0.04391723871231079,
         0.1606200933456421
      ],
      "27": [
         0.04903527721762657,
         -0.039811838418245316,
         0.1589500904083252
      ],
      "28": [
         -0.0006880417349748313,
         -0.059404563158750534,
         0.14388537406921387
      ],
      "29": [
         -0.0010923112276941538,
         -0.06322063505649567,
         0.13103795051574707
      ],
      "30": [
         -0.0013464255025610328,
         -0.0680641382932663,
         0.12453949451446533
      ],
      "31": [
         -0.0016045861411839724,
         -0.0761757493019104,
         0.11295759677886963
      ],
      "32": [
         -0.014952287077903748,
         -0.0560547411441803,
         0.10134303569793701
      ],
      "33": [
         -0.008996483869850636,
         -0.06033623591065407,
         0.0993502140045166
      ],
      "34": [
         -0.0009732745820656419,
         -0.06376233696937561,
         0.09851956367492676
      ],
      "35": [
         0.00677972286939621,
         -0.06016091629862785,
         0.1002955436706543
      ],
      "36": [
         0.013598259538412094,
         -0.055858392268419266,
         0.10182583332061768
      ],
      "37": [
         -0.04077718406915665,
         -0.03793948516249657,
         0.1369485855102539
      ],
      "38": [
         -0.03385721147060394,
         -0.047209739685058594,
         0.13652288913726807
      ],
      "39": [
         -0.02481202594935894,
         -0.04771356284618378,
         0.13642668724060059
      ],
      "40": [
         -0.017460815608501434,
         -0.045164804905653,
         0.13461530208587646
      ],
      "41": [
         -0.0248213279992342,
         -0.04665450006723404,
         0.13236355781555176
      ],
      "42": [
         -0.03450519219040871,
         -0.04472368583083153,
         0.13262546062469482
      ],
      "43": [
         0.01553133875131607,
         -0.045468974858522415,
         0.13487672805786133
      ],
      "44": [
         0.023576658219099045,
         -0.04841366410255432,
         0.13647520542144775
      ],
      "45": [
         0.03332758694887161,
         -0.04746150225400925,
         0.13682770729064941
      ],
      "46": [
         0.03977435082197189,
         -0.039424531161785126,
         0.13706481456756592
      ],
      "47": [
         0.0331309475004673,
         -0.044838275760412216,
         0.13319623470306396
      ],
      "48": [
         0.023321136832237244,
         -0.04625651612877846,
         0.13292443752288818
      ],
      "49": [
         -0.023962417617440224,
         -0.04964001476764679,
         0.08277463912963867
      ],
      "50": [
         -0.0177420973777771,
         -0.05677684396505356,
         0.08674490451812744
      ],
      "51": [
         -0.009582819417119026,
         -0.061932649463415146,
         0.09136152267456055
      ],
      "52": [
         -0.0006887482013553381,
         -0.06341582536697388,
         0.09179091453552246
      ],
      "53": [
         0.007830051705241203,
         -0.06197977438569069,
         0.09206366539001465
      ],
      "54": [
         0.015177449211478233,
         -0.05754341930150986,
         0.08774018287658691
      ],
      "55": [
         0.020563220605254173,
         -0.049731116741895676,
         0.08380293846130371
      ],
      "56": [
         0.01564319245517254,
         -0.054103098809719086,
         0.0802692174911499
      ],
      "57": [
         0.007624727673828602,
         -0.05876871570944786,
         0.0773245096206665
      ],
      "58": [
         -0.00042201002361252904,
         -0.05975903198122978,
         0.07627749443054199
      ],
      "59": [
         -0.009081229567527771,
         -0.05894479155540466,
         0.07741045951843262
      ],
      "60": [
         -0.01754836179316044,
         -0.053492221981287,
         0.07966732978820801
      ],
      "61": [
         -0.021982671692967415,
         -0.04650615155696869,
         0.08309459686279297
      ],
      "62": [
         -0.007807100657373667,
         -0.05668535456061363,
         0.08537530899047852
      ],
      "63": [
         -0.000798952707555145,
         -0.05750466138124466,
         0.08527660369873047
      ],
      "64": [
         0.006248907186090946,
         -0.05651707202196121,
         0.0855860710144043
      ],
      "65": [
         0.019335882738232613,
         -0.047398559749126434,
         0.08401298522949219
      ],
      "66": [
         0.006375521421432495,
         -0.055477164685726166,
         0.08473968505859375
      ],
      "67": [
         -0.0007917241891846061,
         -0.05659786984324455,
         0.08448326587677002
      ],
      "68": [
         -0.008054308593273163,
         -0.055682048201560974,
         0.08470511436462402
      ]
   },
   "keypoints_2d_coordinates": {
      "1": [
         49,
         25
      ],
      "2": [
         60,
         26
      ],
      "3": [
         70,
         27
      ],