{
   "version": "2.0.0",
   "body": {
      "eye": {
         "left": {
            "outer": {
               "global_3d": {
                  "x": 1.0953874588012695,
                  "y": 0.045400142669677734,
                  "z": 1.6559590101242065
               },
               "pixel_2d": {
                  "x": 266,
                  "y": 264
               }
            },
            "center": {
               "global_3d": {
                  "x": 1.0885484218597412,
                  "y": 0.056580960750579834,
                  "z": 1.65457484126091
               },
               "pixel_2d": {
                  "x": 266,
                  "y": 263
               }
            },
            "inner": {
               "global_3d": {
                  "x": 1.0867795944213867,
                  "y": 0.07065674662590027,
                  "z": 1.6533712148666382
               },
               "pixel_2d": {
                  "x": 266,
                  "y": 261
               }
            }
         },
         "right": {
            "center": {
               "global_3d": {
                  "x": 1.0797138512134552,
                  "y": 0.1206944864243269,
                  "z": 1.6508277654647827
               },
               "pixel_2d": {
                  "x": 267,
                  "y": 254
               }
            },
            "outer": {
               "global_3d": {
                  "x": 1.082558274269104,
                  "y": 0.13448935747146606,
                  "z": 1.6509051322937012
               },
               "pixel_2d": {
                  "x": 267,
                  "y": 252
               }
            },
            "inner": {
               "global_3d": {
                  "x": 1.081897497177124,
                  "y": 0.10767827183008194,
                  "z": 1.6508021354675293
               },
               "pixel_2d": {
                  "x": 267,
                  "y": 256
               }
            }
         }
      },
      "ear": {
         "left": {
            "global_3d": {
               "x": 1.1810737209660667,
               "y": 0.027728904903467213,
               "z": 1.6355407578604562
            },
            "pixel_2d": {
               "x": 268,
               "y": 266
            }
         },
         "right": {
            "global_3d": {
               "x": 1.1594465289797102,
               "y": 0.17310571617313794,
               "z": 1.6299161868435996
            },
            "pixel_2d": {
               "x": 269,
               "y": 247
            }
         }
      },
      "nose": {
         "global_3d": {
            "x": 1.0465366840362549,
            "y": 0.08357258141040802,
            "z": 1.6201599836349487
         },
         "pixel_2d": {
            "x": 271,
            "y": 259
         }
      },
      "mouth": {
         "left": {
            "global_3d": {
               "x": 1.0766457319259644,
               "y": 0.05554273724555969,
               "z": 1.5813411474227905
            },
            "pixel_2d": {
               "x": 276,
               "y": 263
            }
         },
         "right": {
            "global_3d": {
               "x": 1.0678784847259521,
               "y": 0.11224211752414703,
               "z": 1.576619267463684
            },
            "pixel_2d": {
               "x": 277,
               "y": 255
            }
         }
      },
      "heel": {
         "right": {
            "global_3d": {
               "x": 1.4046005010604858,
               "y": 0.23323187232017517,
               "z": 0.043112967163324356
            },
            "pixel_2d": {
               "x": 434,
               "y": 243
            }
         },
         "left": {
            "global_3d": {
               "x": 1.1043782234191895,
               "y": -0.04127015918493271,
               "z": 0.03105809912085533
            },
            "pixel_2d": {
               "x": 485,
               "y": 276
            }
         }
      },
      "hip": {
         "right": {
            "global_3d": {
               "x": 1.210890993839357,
               "y": 0.1994688489088198,
               "z": 1.0272760376697634
            },
            "pixel_2d": {
               "x": 342,
               "y": 245
            }
         },
         "left": {
            "global_3d": {
               "x": 1.2442654458487905,
               "y": -0.0018697400554651168,
               "z": 1.0182854315129721
            },
            "pixel_2d": {
               "x": 341,
               "y": 269
            }
         }
      },
      "elbow": {
         "right": {
            "global_3d": {
               "x": 1.0146037448536267,
               "y": 0.40878990292549133,
               "z": 1.1272764747793025
            },
            "pixel_2d": {
               "x": 344,
               "y": 212
            }
         },
         "left": {
            "global_3d": {
               "x": 1.3576100197705356,
               "y": -0.32763770764524286,
               "z": 1.212080717086792
            },
            "pixel_2d": {
               "x": 313,
               "y": 303
            }
         }
      },
      "wrist": {
         "right": {
            "global_3d": {
               "x": 0.7934941239655018,
               "y": 0.24103415353844562,
               "z": 1.0136647795637448
            },
            "pixel_2d": {
               "x": 391,
               "y": 231
            }
         },
         "left": {
            "global_3d": {
               "x": 1.1440531040231388,
               "y": -0.3871356515834729,
               "z": 1.0118014924228191
            },
            "pixel_2d": {
               "x": 349,
               "y": 320
            }
         }
      },
      "shoulder": {
         "left": {
            "global_3d": {
               "x": 1.2837061882019043,
               "y": -0.07050981372594833,
               "z": 1.4262843132019043
            },
            "pixel_2d": {
               "x": 291,
               "y": 276
            }
         },
         "right": {
            "global_3d": {
               "x": 1.1558588147163391,
               "y": 0.26086990535259247,
               "z": 1.3985442519187927
            },
            "pixel_2d": {
               "x": 299,
               "y": 236
            }
         }
      },
      "pinky": {
         "left": {
            "global_3d": {
               "x": 1.1531947354475658,
               "y": -0.3172251159946124,
               "z": 0.8946713556845983
            },
            "pixel_2d": {
               "x": 364,
               "y": 311
            }
         },
         "right": {
            "global_3d": {
               "x": 0.7343199319309659,
               "y": 0.16929520707991388,
               "z": 0.8869956367545657
            },
            "pixel_2d": {
               "x": 427,
               "y": 243
            }
         }
      },
      "knee": {
         "right": {
            "global_3d": {
               "x": 1.2050202116370201,
               "y": 0.21058805597325167,
               "z": 0.4934002465258042
            },
            "pixel_2d": {
               "x": 409,
               "y": 243
            }
         },
         "left": {
            "global_3d": {
               "x": 1.0601444554825623,
               "y": -0.05247344916764026,
               "z": 0.5179591750105222
            },
            "pixel_2d": {
               "x": 426,
               "y": 278
            }
         }
      },
      "foot": {
         "right": {
            "index": {
               "global_3d": {
                  "x": 1.1456444495254092,
                  "y": 0.28864118622408974,
                  "z": 0.04768155204753081
               },
               "pixel_2d": {
                  "x": 474,
                  "y": 232
               }
            }
         },