{
   "version": "2.0.0",
   "face": {
      "standard": {
         "1": {
            "global_3d": {
               "x": 1.141693115234375,
               "y": 0.1744786500930786,
               "z": 1.6536952257156372
            },
            "pixel_2d": {
               "x": 266,
               "y": 247
            }
         },
         "2": {
            "global_3d": {
               "x": 1.137558937072754,
               "y": 0.17152994871139526,
               "z": 1.6326053142547607
            },
            "pixel_2d": {
               "x": 269,
               "y": 247
            }
         },
         "3": {
            "global_3d": {
               "x": 1.1368995904922485,
               "y": 0.169152170419693,
               "z": 1.6128071546554565
            },
            "pixel_2d": {
               "x": 271,
               "y": 248
            }
         },
         "4": {
            "global_3d": {
               "x": 1.134660243988037,
               "y": 0.16344347596168518,
               "z": 1.5887430906295776
            },
            "pixel_2d": {
               "x": 274,
               "y": 248
            }
         },
         "5": {
            "global_3d": {
               "x": 1.1285525560379028,
               "y": 0.15476489067077637,
               "z": 1.5696994066238403
            },
            "pixel_2d": {
               "x": 277,
               "y": 250
            }
         },
         "6": {
            "global_3d": {
               "x": 1.1121387481689453,
               "y": 0.1418686807155609,
               "z": 1.5578956604003906
            },
            "pixel_2d": {
               "x": 279,
               "y": 251
            }
         },
         "7": {
            "global_3d": {
               "x": 1.101493000984192,
               "y": 0.12796419858932495,
               "z": 1.5475280284881592
            },
            "pixel_2d": {
               "x": 280,
               "y": 253
            }
         },
         "8": {
            "global_3d": {
               "x": 1.0883859395980835,
               "y": 0.11310185492038727,
               "z": 1.5381983518600464
            },
            "pixel_2d": {
               "x": 282,
               "y": 255
            }
         },
         "9": {
            "global_3d": {
               "x": 1.0818815231323242,
               "y": 0.08287620544433594,
               "z": 1.5325037240982056
            },
            "pixel_2d": {
               "x": 283,
               "y": 259
            }
         },
         "10": {
            "global_3d": {
               "x": 1.0956969261169434,
               "y": 0.05619983375072479,
               "z": 1.5413904190063477
            },
            "pixel_2d": {
               "x": 281,
               "y": 263
            }
         },
         "11": {
            "global_3d": {
               "x": 1.1127601861953735,
               "y": 0.04682748019695282,
               "z": 1.5514707565307617
            },
            "pixel_2d": {
               "x": 280,
               "y": 264
            }
         },
         "12": {
            "global_3d": {
               "x": 1.127118468284607,
               "y": 0.03793640434741974,
               "z": 1.5624887943267822
            },
            "pixel_2d": {
               "x": 278,
               "y": 265
            }
         },
         "13": {
            "global_3d": {
               "x": 1.1469429731369019,
               "y": 0.031774453818798065,
               "z": 1.5743706226348877
            },
            "pixel_2d": {
               "x": 276,
               "y": 266
            }
         },
         "14": {
            "global_3d": {
               "x": 1.1548726558685303,
               "y": 0.027158327400684357,
               "z": 1.5942158699035645
            },
            "pixel_2d": {
               "x": 273,
               "y": 266
            }
         },
         "15": {
            "global_3d": {
               "x": 1.1579087972640991,
               "y": 0.023825861513614655,
               "z": 1.6192350387573242
            },
            "pixel_2d": {
               "x": 270,
               "y": 267
            }
         },
         "16": {
            "global_3d": {
               "x": 1.1586917638778687,
               "y": 0.023294582962989807,
               "z": 1.6395726203918457
            },
            "pixel_2d": {
               "x": 267,
               "y": 267
            }
         },
         "17": {
            "global_3d": {
               "x": 1.1638176441192627,
               "y": 0.022275365889072418,
               "z": 1.6605464220046997
            },
            "pixel_2d": {
               "x": 265,
               "y": 267
            }
         },
         "18": {
            "global_3d": {
               "x": 1.0883777141571045,
               "y": 0.1501966267824173,
               "z": 1.6719943284988403
            },
            "pixel_2d": {
               "x": 264,
               "y": 250
            }
         },
         "19": {
            "global_3d": {
               "x": 1.0809687376022339,
               "y": 0.14206485450267792,
               "z": 1.6765505075454712
            },
            "pixel_2d": {
               "x": 263,
               "y": 251
            }
         },
         "20": {
            "global_3d": {
               "x": 1.074520468711853,
               "y": 0.13276448845863342,
               "z": 1.6787952184677124
            },
            "pixel_2d": {
               "x": 263,
               "y": 252
            }
         },
         "21": {
            "global_3d": {
               "x": 1.069467306137085,
               "y": 0.12249726057052612,
               "z": 1.6794159412384033
            },
            "pixel_2d": {
               "x": 263,
               "y": 254
            }
         },
         "22": {
            "global_3d": {
               "x": 1.06653892993927,
               "y": 0.10986363887786865,
               "z": 1.6770756244659424
            },
            "pixel_2d": {
               "x": 263,
               "y": 255
            }
         },
         "23": {
            "global_3d": {
               "x": 1.0719281435012817,
               "y": 0.06918181478977203,
               "z": 1.6791988611221313
            },
            "pixel_2d": {
               "x": 263,
               "y": 261
            }
         },
         "24": {
            "global_3d": {
               "x": 1.077802300453186,
               "y": 0.057986438274383545,
               "z": 1.683005690574646
            },
            "pixel_2d": {
               "x": 262,
               "y": 263
            }
         },
         "25": {
            "global_3d": {
               "x": 1.0855823755264282,
               "y": 0.049321115016937256,
               "z": 1.683645486831665
            },
            "pixel_2d": {
               "x": 262,
               "y": 264
            }
         },
         "26": {
            "global_3d": {
               "x": 1.0944204330444336,
               "y": 0.04184480011463165,
               "z": 1.6820173263549805
            },
            "pixel_2d": {
               "x": 262,
               "y": 265
            }
         },
         "27": {
            "global_3d": {
               "x": 1.1037592887878418,
               "y": 0.03537836670875549,
               "z": 1.6778227090835571
            },
            "pixel_2d": {
               "x": 263,
               "y": 266
            }
         },
         "28": {
            "global_3d": {
               "x": 1.0704048871994019,
               "y": 0.08871228992938995,
               "z": 1.6621702909469604
            },
            "pixel_2d": {
               "x": 265,
               "y": 258
            }
         },
         "29": {
            "global_3d": {
               "x": 1.0649755001068115,