{
   "version": "2.0.0",
   "hands": {
      "right": {
         "finger": {
            "thumb": {
               "ip": {
                  "global_3d": {
                     "x": 0.7594762870243618,
                     "y": 0.13244187831878662,
                     "z": 1.0030159928968974
                  },
                  "pixel_2d": {
                     "x": 399,
                     "y": 251
                  }
               },
               "cmc": {
                  "global_3d": {
                     "x": 0.7706840634346008,
                     "y": 0.16176214069128036,
                     "z": 1.0094015921155612
                  },
                  "pixel_2d": {
                     "x": 395,
                     "y": 245
                  }
               },
               "tip": {
                  "global_3d": {
                     "x": 0.7512318409151502,
                     "y": 0.10811617887682384,
                     "z": 0.9931117064423032
                  },
                  "pixel_2d": {
                     "x": 402,
                     "y": 256
                  }
               },
               "mcp": {
                  "global_3d": {
                     "x": 0.7658634036779404,
                     "y": 0.14780101676781973,
                     "z": 1.006553349395593
                  },
                  "pixel_2d": {
                     "x": 397,
                     "y": 248
                  }
               }
            },
            "middle": {
               "mcp": {
                  "global_3d": {
                     "x": 0.721367413798968,
                     "y": 0.1798487026244402,
                     "z": 0.9470953916509947
                  },
                  "pixel_2d": {
                     "x": 418,
                     "y": 241
                  }
               },
               "pip": {
                  "global_3d": {
                     "x": 0.7144454930509839,
                     "y": 0.1560374998620578,
                     "z": 0.9274495627198901
                  },
                  "pixel_2d": {
                     "x": 424,
                     "y": 246
                  }
               },
               "dip": {
                  "global_3d": {
                     "x": 0.7130168463502612,
                     "y": 0.1313155038016183,
                     "z": 0.908700670514788
                  },
                  "pixel_2d": {
                     "x": 428,
                     "y": 251
                  }
               },
               "tip": {
                  "global_3d": {
                     "x": 0.7192186431752311,
                     "y": 0.11286198182238473,
                     "z": 0.8979532420635223
                  },
                  "pixel_2d": {
                     "x": 429,
                     "y": 255
                  }
               }
            },
            "ring": {
               "mcp": {
                  "global_3d": {
                     "x": 0.7332057803869247,
                     "y": 0.19299385820825896,
                     "z": 0.9312562346458435
                  },
                  "pixel_2d": {
                     "x": 418,
                     "y": 238
                  }
               },
               "pip": {
                  "global_3d": {
                     "x": 0.7284444719552994,
                     "y": 0.17639268402542388,
                     "z": 0.9118754523141044
                  },
                  "pixel_2d": {
                     "x": 424,
                     "y": 242
                  }
               },
               "dip": {
                  "global_3d": {
                     "x": 0.7270243636199406,
                     "y": 0.1549821879182543,
                     "z": 0.8968882241419384
                  },
                  "pixel_2d": {
                     "x": 427,
                     "y": 246
                  }
               },
               "tip": {
                  "global_3d": {
                     "x": 0.7324528992176056,
                     "y": 0.13547928341560894,
                     "z": 0.888034505976571
                  },
                  "pixel_2d": {
                     "x": 427,
                     "y": 250
                  }
               }
            },
            "index": {
               "mcp": {
                  "global_3d": {
                     "x": 0.7184582774837812,
                     "y": 0.16581571847200394,
                     "z": 0.969244601825873
                  },
                  "pixel_2d": {
                     "x": 414,
                     "y": 244
                  }
               },
               "pip": {
                  "global_3d": {
                     "x": 0.7133377279554095,
                     "y": 0.14324154598372324,
                     "z": 0.9502311114753995
                  },
                  "pixel_2d": {
                     "x": 419,
                     "y": 248
                  }
               },
               "dip": {
                  "global_3d": {
                     "x": 0.7149726471730641,
                     "y": 0.12524222050394332,
                     "z": 0.93586936380182
                  },
                  "pixel_2d": {
                     "x": 422,
                     "y": 252
                  }
               },
               "tip": {
                  "global_3d": {
                     "x": 0.7230830672714446,
                     "y": 0.10743672400712967,
                     "z": 0.9242073545853297
                  },
                  "pixel_2d": {
                     "x": 422,
                     "y": 256
                  }
               }
            },
            "pinky": {
               "mcp": {
                  "global_3d": {
                     "x": 0.749773216744264,
                     "y": 0.2096695645401875,
                     "z": 0.9242340326309204
                  },
                  "pixel_2d": {
                     "x": 416,
                     "y": 235
                  }
               },
               "pip": {
                  "global_3d": {
                     "x": 0.7414625670228686,
                     "y": 0.20025381499103137,
                     "z": 0.9099323941128594
                  },
                  "pixel_2d": {
                     "x": 421,
                     "y": 237
                  }
               },
               "dip": {
                  "global_3d": {
                     "x": 0.7368741844381604,
                     "y": 0.1878458256168025,
                     "z": 0.8976136701447623
                  },
                  "pixel_2d": {
                     "x": 424,
                     "y": 239
                  }
               },
               "tip": {
                  "global_3d": {
                     "x": 0.7343199319309659,
                     "y": 0.16929520707991388,
                     "z": 0.8869956367545657
                  },
                  "pixel_2d": {
                     "x": 427,
                     "y": 243
                  }
               }
            }
         },
         "wrist": {
            "global_3d": {
               "x": 0.7934941239655018,
               "y": 0.24103415353844562,
               "z": 1.0136647795637448
            },
            "pixel_2d": {
               "x": 391,
               "y": 231
            }
         }
      },
      "left": {
         "finger": {
            "thumb": {
               "ip": {
                  "global_3d": {
                     "x": 1.0432649127074651,
                     "y": -0.3425856541310038,
                     "z": 0.9912976856742587
                  },
                  "pixel_2d": {
                     "x": 361,
                     "y": 320
                  }
               },
               "cmc": {
                  "global_3d": {
                     "x": 1.074898863832156,