{
   "version": "1.0.0",
   "center_of_iris_point": {
      "2d": {
         "camera": {
            "right_eye": {
               "x": 39.09959133279525,
               "y": 44.89379975215859
            },
            "left_eye": {
               "x": 38.62876431281967,
               "y": 82.69215029513079
            }
         }
      },
      "3d": {
         "right_eye": {
            "x": -0.03254220634698868,
            "y": -0.0411333404481411,
            "z": 0.16241106390953064
         },
         "left_eye": {
            "x": 0.03184623643755913,
            "y": -0.040680356323719025,
            "z": 0.16322554647922516
         }
      }
   },
   "face_expression": {
      "name": "mouth_open",
      "intensity_level": 2.45746089460832
   },
   "center_of_rotation_point": {
      "2d": {
         "camera": {
            "right_eye": {
               "x": 41.080277045263564,
               "y": 44.72848489059174
            },
            "left_eye": {
               "x": 40.59848628870283,
               "y": 81.80358389200174
            }
         }
      },
      "3d": {
         "right_eye": {
            "x": -0.03303155675530434,
            "y": -0.03126537799835205,
            "z": 0.15928462147712708
         },
         "left_eye": {
            "x": 0.03052528016269207,
            "y": -0.030763061717152596,
            "z": 0.16012325882911682
         }
      }
   },
   "accessories": [],
   "facial_hair_included": false,
   "identity_label": {
      "age": "old",
      "ethnicity": "mediterranean",
      "gender": "female"
   },
   "apex_of_cornea_point": {
      "2d": {
         "camera": {
            "right_eye": {
               "x": 38.56179541756037,
               "y": 44.93880063560783
            },
            "left_eye": {
               "x": 38.089289629629896,
               "y": 82.93554385121982
            }
         }
      },
      "3d": {
         "right_eye": {
            "x": -0.032410234212875366,
            "y": -0.04378984495997429,
            "z": 0.16325321793556213
         },
         "left_eye": {
            "x": 0.032205212861299515,
            "y": -0.04337253049015999,
            "z": 0.16406844556331635
         }
      }
   },
   "iris_circle": {
      "2d": {
         "camera": {
            "right_eye": [
               {
                  "x": 35.221674394709204,
                  "y": 44.86510111758475
               },
               {
                  "x": 35.74376908071497,
                  "y": 46.91866783342506
               },
               {
                  "x": 37.15865341301914,
                  "y": 48.43147179666084
               },
               {
                  "x": 39.089202977191086,
                  "y": 48.99853355695051
               },
               {
                  "x": 41.019827261202295,
                  "y": 48.46644176697043
               },
               {
                  "x": 42.43261821344367,
                  "y": 46.97573567144193
               },
               {
                  "x": 42.9466565900898,
                  "y": 44.92555529168938
               },
               {
                  "x": 42.42318913798468,
                  "y": 42.86709489751217
               },
               {
                  "x": 41.002913713086045,
                  "y": 41.35337774919896
               },
               {
                  "x": 39.06891492808202,
                  "y": 40.79043159650798
               },
               {
                  "x": 37.140172297354965,
                  "y": 41.32778904408957
               },
               {
                  "x": 35.73252158482206,
                  "y": 42.819464166810825
               }
            ],
            "left_eye": [
               {
                  "x": 34.69029478678203,
                  "y": 82.62743508039087
               },
               {
                  "x": 35.27520498139877,
                  "y": 84.69033567014745
               },
               {
                  "x": 36.75194197982967,
                  "y": 86.2214333740959
               },
               {
                  "x": 38.727246462009646,
                  "y": 86.81110228876508
               },
               {
                  "x": 40.67302983854635,
                  "y": 86.30044007048322
               },
               {
                  "x": 42.06761077323521,
                  "y": 84.82361501518072
               },
               {
                  "x": 42.53532629786427,
                  "y": 82.77587666849153
               },
               {
                  "x": 41.94981262373116,
                  "y": 80.7072310103464
               },
               {
                  "x": 40.46753519562544,
                  "y": 79.17383000333032
               },
               {
                  "x": 38.48781259343058,
                  "y": 78.58770833973378
               },
               {
                  "x": 36.543279797067186,
                  "y": 79.1043900588311
               },
               {
                  "x": 35.15398140486343,
                  "y": 80.58342417121446
               }
            ]
         }
      },
      "3d": {
         "right_eye": [
            {
               "x": -0.03263280540704727,
               "y": -0.039137888699769974,
               "z": 0.1690787822008133
            },
            {
               "x": -0.029128598049283028,
               "y": -0.03924712538719177,
               "z": 0.1681850254535675
            },
            {
               "x": -0.02653791755437851,
               "y": -0.03988870233297348,
               "z": 0.16575342416763306
            },
            {
               "x": -0.025554882362484932,
               "y": -0.04089102894067764,
               "z": 0.1624353528022766
            },
            {
               "x": -0.026442721486091614,
               "y": -0.04198548197746277,
               "z": 0.15911906957626343
            },
            {
               "x": -0.02896372601389885,
               "y": -0.04287894815206528,
               "z": 0.15669302642345428
            },
            {
               "x": -0.03244229778647423,
               "y": -0.04333198443055153,
               "z": 0.15580806136131287
            },
            {
               "x": -0.035945892333984375,
               "y": -0.043223146349191666,
               "z": 0.1567009538412094
            },
            {
               "x": -0.03853651508688927,
               "y": -0.042581599205732346,
               "z": 0.15913288295269012
            },
            {
               "x": -0.039519865065813065,
               "y": -0.04157937318086624,
               "z": 0.16245116293430328
            },
            {
               "x": -0.038631998002529144,
               "y": -0.04048486053943634,
               "z": 0.16576743125915527
            },
            {
               "x": -0.03611095994710922,
               "y": -0.03959120437502861,
               "z": 0.16819357872009277
            }
         ],
         "left_eye": [
            {
               "x": 0.03177649900317192,
               "y": -0.03868947550654411,
               "z": 0.169999361038208
            },
            {
               "x": 0.03529917076230049,
               "y": -0.038531363010406494,
               "z": 0.16900652647018433
            },
            {
               "x": 0.037900518625974655,
               "y": -0.03897671028971672,
               "z": 0.166473850607872
            },
            {
               "x": 0.038883060216903687,
               "y": -0.03990708291530609,
               "z": 0.16307911276817322
            },
            {
               "x": 0.037984199821949005,
               "y": -0.04107275232672691,
               "z": 0.15973268449306488
            },
            {
               "x": 0.03544396162033081,