{
   "identity_label": {
      "age": "adult",
      "ethnicity": "hispanic",
      "gender": "male"
   },
   "face_expression": {
      "name": "contempt",
      "intensity_level": 3
   },
   "facial_hair_included": false,
   "identity_id": "74bb48c0-d496-4420-8421-35bec5fa703c",
   "head_metadata": {
      "head_root_location": {
         "x": 0.0,
         "y": 0.0,
         "z": 0.0
      },
      "head_rotation": {
         "pitch": -4.237275191252075,
         "yaw": 0.8966683014563318,
         "roll": 0.0
      },
      "head_six_dof": {
         "location": {
            "x": 0.00466187484562397,
            "y": -0.024060431867837906,
            "z": 0.19383761286735535
         },
         "look_at_vector": {
            "x": 0.015607594889417577,
            "y": -0.9971444848688857,
            "z": 0.07388693576900122
         }
      }
   },
   "apex_of_cornea_point": {
      "2d": {
         "camera_1": {
            "right_eye": {
               "x": 233,
               "y": 373
            },
            "left_eye": {
               "x": 234,
               "y": 657
            }
         }
      },
      "3d": {
         "right_eye": {
            "x": -0.030174216255545616,
            "y": -0.015391580760478973,
            "z": 0.18044902384281158
         },
         "left_eye": {
            "x": 0.0312831774353981,
            "y": -0.015399585478007793,
            "z": 0.18010972440242767
         }
      }
   },
   "center_of_rotation_point": {
      "2d": {
         "camera_1": {
            "right_eye": {
               "x": 219,
               "y": 395
            },
            "left_eye": {
               "x": 220,
               "y": 671
            }
         }
      },
      "3d": {
         "right_eye": {
            "x": -0.025581680238246918,
            "y": -0.0050375075079500675,
            "z": 0.18389616906642914
         },
         "left_eye": {
            "x": 0.03468042239546776,
            "y": -0.004822042770683765,
            "z": 0.18359820544719696
         }
      }
   },
   "iris_circle": {
      "2d": {
         "camera_1": {
            "right_eye": [
               {
                  "x": 202,
                  "y": 375
               },
               {
                  "x": 207,
                  "y": 389
               },
               {
                  "x": 217,
                  "y": 399
               },
               {
                  "x": 231,
                  "y": 404
               },
               {
                  "x": 245,
                  "y": 401
               },
               {
                  "x": 255,
                  "y": 392
               },
               {
                  "x": 258,
                  "y": 379
               },
               {
                  "x": 253,
                  "y": 365
               },
               {
                  "x": 242,
                  "y": 355
               },
               {
                  "x": 229,
                  "y": 351
               },
               {
                  "x": 215,
                  "y": 353
               },
               {
                  "x": 206,
                  "y": 362
               }
            ],
            "left_eye": [
               {
                  "x": 204,
                  "y": 658
               },
               {
                  "x": 207,
                  "y": 672
               },
               {
                  "x": 218,
                  "y": 682
               },
               {
                  "x": 232,
                  "y": 687
               },
               {
                  "x": 245,
                  "y": 684
               },
               {
                  "x": 256,
                  "y": 675
               },
               {
                  "x": 259,
                  "y": 661
               },
               {
                  "x": 255,
                  "y": 647
               },
               {
                  "x": 245,
                  "y": 637
               },
               {
                  "x": 231,
                  "y": 632
               },
               {
                  "x": 217,
                  "y": 635
               },
               {
                  "x": 207,
                  "y": 644
               }
            ]
         }
      },
      "3d": {
         "right_eye": [
            {
               "x": -0.029587198048830032,
               "y": -0.015034908428788185,
               "z": 0.18701283633708954
            },
            {
               "x": -0.026593683287501335,
               "y": -0.016027092933654785,
               "z": 0.18600724637508392
            },
            {
               "x": -0.024388384073972702,
               "y": -0.016248947009444237,
               "z": 0.18372732400894165
            },
            {
               "x": -0.02341405488550663,
               "y": -0.015690390020608902,
               "z": 0.1808132827281952
            },
            {
               "x": -0.023997215554118156,
               "y": -0.014479189179837704,
               "z": 0.177888885140419
            },
            {
               "x": -0.02599577233195305,
               "y": -0.012996995821595192,
               "z": 0.17577797174453735
            },
            {
               "x": -0.028876833617687225,
               "y": -0.011495628394186497,
               "z": 0.17519503831863403
            },
            {
               "x": -0.0318232886493206,
               "y": -0.010472239926457405,
               "z": 0.1761694997549057
            },
            {
               "x": -0.034080713987350464,
               "y": -0.010246182791888714,
               "z": 0.17852753400802612
            },
            {
               "x": -0.035008784383535385,
               "y": -0.010857817716896534,
               "z": 0.18149492144584656
            },
            {
               "x": -0.0344601534307003,
               "y": -0.012050637044012547,
               "z": 0.18430395424365997
            },
            {
               "x": -0.03246604651212692,
               "y": -0.01356420572847128,
               "z": 0.18635104596614838
            }
         ],
         "left_eye": [
            {
               "x": 0.031576383858919144,
               "y": -0.015080376528203487,
               "z": 0.1867680698633194
            },
            {
               "x": 0.03456839174032211,
               "y": -0.015773991122841835,
               "z": 0.1858930140733719
            },
            {
               "x": 0.03685382008552551,
               "y": -0.015770748257637024,
               "z": 0.18358847498893738
            },
            {
               "x": 0.03785790503025055,
               "y": -0.015101492404937744,
               "z": 0.18063189089298248
            },
            {
               "x": 0.03729246184229851,
               "y": -0.013975130394101143,
               "z": 0.17773309350013733
            },
            {
               "x": 0.03525194153189659,
               "y": -0.01262380089610815,
               "z": 0.1755957305431366
            },
            {
               "x": 0.0323651060461998,
               "y": -0.011485022492706776,
               "z": 0.17492344975471497
            },
            {
               "x": 0.029367122799158096,
               "y": -0.010794040746986866,
               "z": 0.1757693886756897
            },
            {
               "x": 0.02706184796988964,
               "y": -0.010724805295467377,
               "z": 0.1780107617378235
            },
            {
               "x": 0.026062147691845894,
               "y": -0.011372221633791924,
               "z": 0.180988147854805
            },
            {
               "x": 0.026667311787605286,
               "y": -0.012493147514760494,