{
   "identity_label": {
      "age": "adult",
      "ethnicity": "north_european",
      "gender": "male"
   },
   "facial_hair_included": false,
   "identity_id": "41f03437-4bb9-42e6-8533-dd47a3af1f76",
   "face_expression": {
      "intensity_level": 3,
      "name": "happiness"
   },
   "head_metadata": {
      "head_root_location": {
         "x": 0.0,
         "y": 0.0,
         "z": 0.0
      },
      "head_rotation": {
         "pitch": 17.401940599432855,
         "yaw": 17.53798089222658,
         "roll": -1.5537019772037048
      },
      "head_six_dof": {
         "location": {
            "x": 0.029782364144921303,
            "y": -0.07190556824207306,
            "z": 0.12397806346416473
         },
         "look_at_vector": {
            "x": 0.279218798827331,
            "y": -0.9098959757817775,
            "z": -0.30679989510680983
         }
      }
   },
   "apex_of_cornea_point": {
      "2d": {
         "camera": {
            "right_eye": {
               "x": 521,
               "y": 499
            },
            "left_eye": {
               "x": 529,
               "y": 754
            }
         }
      },
      "3d": {
         "right_eye": {
            "x": -0.002825293457135558,
            "y": -0.06449506431818008,
            "z": 0.11802585422992706
         },
         "left_eye": {
            "x": 0.05130065977573395,
            "y": -0.0483819879591465,
            "z": 0.11638827621936798
         }
      }
   },
   "center_of_rotation_point": {
      "2d": {
         "camera": {
            "right_eye": {
               "x": 481,
               "y": 491
            },
            "left_eye": {
               "x": 489,
               "y": 740
            }
         }
      },
      "3d": {
         "right_eye": {
            "x": -0.0044548287987709045,
            "y": -0.05645463988184929,
            "z": 0.12662146985530853
         },
         "left_eye": {
            "x": 0.04849472641944885,
            "y": -0.04061628878116608,
            "z": 0.12499392777681351
         }
      }
   },
   "iris_circle": {
      "2d": {
         "camera": {
            "right_eye": [
               {
                  "x": 492,
                  "y": 504
               },
               {
                  "x": 496,
                  "y": 518
               },
               {
                  "x": 504,
                  "y": 526
               },
               {
                  "x": 515,
                  "y": 526
               },
               {
                  "x": 525,
                  "y": 519
               },
               {
                  "x": 532,
                  "y": 505
               },
               {
                  "x": 534,
                  "y": 490
               },
               {
                  "x": 530,
                  "y": 476
               },
               {
                  "x": 522,
                  "y": 469
               },
               {
                  "x": 511,
                  "y": 468
               },
               {
                  "x": 501,
                  "y": 476
               },
               {
                  "x": 494,
                  "y": 489
               }
            ],
            "left_eye": [
               {
                  "x": 501,
                  "y": 759
               },
               {
                  "x": 503,
                  "y": 771
               },
               {
                  "x": 511,
                  "y": 778
               },
               {
                  "x": 521,
                  "y": 779
               },
               {
                  "x": 531,
                  "y": 771
               },
               {
                  "x": 538,
                  "y": 759
               },
               {
                  "x": 541,
                  "y": 744
               },
               {
                  "x": 538,
                  "y": 731
               },
               {
                  "x": 532,
                  "y": 723
               },
               {
                  "x": 521,
                  "y": 723
               },
               {
                  "x": 511,
                  "y": 731
               },
               {
                  "x": 503,
                  "y": 744
               }
            ]
         }
      },
      "3d": {
         "right_eye": [
            {
               "x": -0.001617800211533904,
               "y": -0.06722702831029892,
               "z": 0.12416122853755951
            },
            {
               "x": 0.001178508042357862,
               "y": -0.06581036746501923,
               "z": 0.1233547031879425
            },
            {
               "x": 0.002841295674443245,
               "y": -0.06358624249696732,
               "z": 0.12159255892038345
            },
            {
               "x": 0.0029412705916911364,
               "y": -0.06118891015648842,
               "z": 0.1193600594997406
            },
            {
               "x": 0.0013815505662932992,
               "y": -0.05922716483473778,
               "z": 0.11722622811794281
            },
            {
               "x": -0.0013957007322460413,
               "y": -0.058277059346437454,
               "z": 0.11576851457357407
            },
            {
               "x": -0.0046304864808917046,
               "y": -0.058519840240478516,
               "z": 0.11542535573244095
            },
            {
               "x": -0.007467340212315321,
               "y": -0.05994446203112602,
               "z": 0.1161990612745285
            },
            {
               "x": -0.009095677174627781,
               "y": -0.062156450003385544,
               "z": 0.11793244630098343
            },
            {
               "x": -0.009153172373771667,
               "y": -0.06454642862081528,
               "z": 0.12018917500972748
            },
            {
               "x": -0.007595882285386324,
               "y": -0.0664842277765274,
               "z": 0.12232106924057007
            },
            {
               "x": -0.0048282151110470295,
               "y": -0.06750424951314926,
               "z": 0.123792365193367
            }
         ],
         "left_eye": [
            {
               "x": 0.05218737572431564,
               "y": -0.051150523126125336,
               "z": 0.12239434570074081
            },
            {
               "x": 0.05489899218082428,
               "y": -0.04958006739616394,
               "z": 0.12186288833618164
            },
            {
               "x": 0.05650615319609642,
               "y": -0.04725038260221481,
               "z": 0.12028785794973373
            },
            {
               "x": 0.05661555379629135,
               "y": -0.044787611812353134,
               "z": 0.11810143291950226
            },
            {
               "x": 0.05509631708264351,
               "y": -0.04292898625135422,
               "z": 0.11594460904598236
            },
            {
               "x": 0.05246768146753311,
               "y": -0.04221837967634201,
               "z": 0.1144661009311676
            },
            {
               "x": 0.04934461787343025,
               "y": -0.04268445074558258,
               "z": 0.11390015482902527
            },
            {
               "x": 0.04648560285568237,
               "y": -0.04423946514725685,
               "z": 0.11439312249422073
            },
            {
               "x": 0.044772736728191376,
               "y": -0.04650004208087921,
               "z": 0.11586237698793411
            },
            {
               "x": 0.044709380716085434,
               "y": -0.048949845135211945,
               "z": 0.11804363876581192
            },
            {
               "x": 0.046265460550785065,
               "y": -0.05079948902130127,