{
   "keypoints_3d_coordinates": {
      "1": [
         -0.0553128644824028,
         0.015102051198482513,
         0.1256471872329712
      ],
      "2": [
         -0.05276545137166977,
         0.01159362681210041,
         0.10971987247467041
      ],
      "3": [
         -0.04988311603665352,
         0.012531900778412819,
         0.0938255786895752
      ],
      "4": [
         -0.04637594521045685,
         0.010550543665885925,
         0.07657575607299805
      ],
      "5": [
         -0.0425507090985775,
         0.0029553789645433426,
         0.06317269802093506
      ],
      "6": [
         -0.03705206513404846,
         -0.01075797714293003,
         0.054530978202819824
      ],
      "7": [
         -0.028570884838700294,
         -0.019951798021793365,
         0.04731917381286621
      ],
      "8": [
         -0.01832657866179943,
         -0.029515624046325684,
         0.041539549827575684
      ],
      "9": [
         0.0022891818080097437,
         -0.037186551839113235,
         0.03480052947998047
      ],
      "10": [
         0.023920072242617607,
         -0.03112087957561016,
         0.04011642932891846
      ],
      "11": [
         0.0339486338198185,
         -0.021167807281017303,
         0.04613292217254639
      ],
      "12": [
         0.042447734624147415,
         -0.011822909116744995,
         0.05273091793060303
      ],
      "13": [
         0.04840900003910065,
         0.0021818559616804123,
         0.06094515323638916
      ],
      "14": [
         0.0524500347673893,
         0.009902581572532654,
         0.07433879375457764
      ],
      "15": [
         0.05591433495283127,
         0.011620024219155312,
         0.09207034111022949
      ],
      "16": [
         0.057981304824352264,
         0.010649224743247032,
         0.10862672328948975
      ],
      "17": [
         0.060382820665836334,
         0.014505501836538315,
         0.12529921531677246
      ],
      "18": [
         -0.040695417672395706,
         -0.030067745596170425,
         0.13999009132385254
      ],
      "19": [
         -0.038069915026426315,
         -0.03375234454870224,
         0.14148008823394775
      ],
      "20": [
         -0.031277917325496674,
         -0.040328942239284515,
         0.1431901454925537
      ],
      "21": [
         -0.02343001589179039,
         -0.046024344861507416,
         0.14315009117126465
      ],
      "22": [
         -0.013844216242432594,
         -0.049536943435668945,
         0.1404200792312622
      ],
      "23": [
         0.018695782870054245,
         -0.05003664270043373,
         0.14016008377075195
      ],
      "24": [
         0.028290582820773125,
         -0.04581044614315033,
         0.1427600383758545
      ],
      "25": [
         0.03629198297858238,
         -0.04085514694452286,
         0.14285004138946533
      ],
      "26": [
         0.042944684624671936,
         -0.034293245524168015,
         0.14127004146575928
      ],
      "27": [
         0.045700084418058395,
         -0.03051164373755455,
         0.13972008228302002
      ],
      "28": [
         0.0020583467558026314,
         -0.05043816566467285,
         0.12700963020324707
      ],
      "29": [
         0.0017035993514582515,
         -0.053404681384563446,
         0.11507284641265869
      ],
      "30": [
         0.0015376723604276776,
         -0.05804434418678284,
         0.10737240314483643
      ],
      "31": [
         0.0012554381974041462,
         -0.06540443748235703,
         0.09671509265899658
      ],
      "32": [
         -0.009720207192003727,
         -0.04738239198923111,
         0.08584845066070557
      ],
      "33": [
         -0.004800235852599144,
         -0.05192279443144798,
         0.0837857723236084
      ],
      "34": [
         0.001769942231476307,
         -0.05491584539413452,
         0.08304500579833984
      ],
      "35": [
         0.00822017528116703,
         -0.05230895057320595,
         0.08414030075073242
      ],
      "36": [
         0.013677835464477539,
         -0.04791203513741493,
         0.08616876602172852
      ],
      "37": [
         -0.03368368372321129,
         -0.029832664877176285,
         0.12138128280639648
      ],
      "38": [
         -0.02747221477329731,
         -0.0385778434574604,
         0.1211167573928833
      ],
      "39": [
         -0.01901817135512829,
         -0.0388508066534996,
         0.12073123455047607
      ],
      "40": [
         -0.011708353646099567,
         -0.03674166649580002,
         0.11850666999816895
      ],
      "41": [
         -0.018754204735159874,
         -0.03773786872625351,
         0.11690151691436768
      ],
      "42": [
         -0.027732742950320244,
         -0.036507561802864075,
         0.11717832088470459
      ],
      "43": [
         0.0162005927413702,
         -0.03712891787290573,
         0.11828446388244629
      ],
      "44": [
         0.024038707837462425,
         -0.039380982518196106,
         0.12045061588287354
      ],
      "45": [
         0.03260798379778862,
         -0.03894247114658356,
         0.12067925930023193
      ],
      "46": [
         0.03819773346185684,
         -0.031095826998353004,
         0.12087547779083252
      ],
      "47": [
         0.03241615742444992,
         -0.036757923662662506,
         0.11685264110565186
      ],
      "48": [
         0.023664459586143494,
         -0.038175392895936966,
         0.11658227443695068
      ],
      "49": [
         -0.016505124047398567,
         -0.042509306222200394,
         0.0672990083694458
      ],
      "50": [
         -0.011693556793034077,
         -0.05052490904927254,
         0.07041668891906738
      ],
      "51": [
         -0.005417319014668465,
         -0.05537516623735428,
         0.07380485534667969
      ],
      "52": [
         0.0023830800782889128,
         -0.057343728840351105,
         0.07359325885772705
      ],
      "53": [
         0.009740607813000679,
         -0.05595511198043823,
         0.0742945671081543
      ],
      "54": [
         0.016387324780225754,
         -0.05236341059207916,
         0.07124340534210205
      ],
      "55": [
         0.02150094509124756,
         -0.04495181143283844,
         0.06795394420623779
      ],
      "56": [
         0.01685713231563568,
         -0.049510080367326736,
         0.06395339965820312
      ],
      "57": [
         0.009767116978764534,
         -0.05261867120862007,
         0.06043434143066406
      ],
      "58": [
         0.0027486507315188646,
         -0.052545320242643356,
         0.059412360191345215
      ],
      "59": [
         -0.0045403363183140755,
         -0.05168997496366501,
         0.06072056293487549
      ],
      "60": [
         -0.011214247904717922,
         -0.047115687280893326,
         0.06401348114013672
      ],
      "61": [
         -0.014278272166848183,
         -0.04099401831626892,
         0.06777572631835938
      ],
      "62": [
         -0.0032958299852907658,
         -0.05135782063007355,
         0.06903219223022461
      ],
      "63": [
         0.0023812279105186462,
         -0.05280275270342827,
         0.06858551502227783
      ],
      "64": [
         0.007887551560997963,
         -0.05227690935134888,
         0.06910538673400879
      ],
      "65": [
         0.01975635625422001,
         -0.043933384120464325,
         0.06845593452453613
      ],
      "66": [
         0.00789492018520832,
         -0.051425542682409286,
         0.06736624240875244
      ],
      "67": [
         0.002544051269069314,
         -0.05156034603714943,
         0.06683492660522461
      ],
      "68": [
         -0.002974405884742737,
         -0.050055209547281265,
         0.06721282005310059
      ]
   },
   "keypoints_2d_coordinates": {
      "1": [
         61,
         33
      ],
      "2": [
         70,
         34
      ],
      "3": [
         79,
         36
      ],