{
   "keypoints_3d_coordinates": {
      "1": [
         -0.05166191980242729,
         0.024414442479610443,
         0.12423110008239746
      ],
      "2": [
         -0.0492948442697525,
         0.02008286491036415,
         0.1092156171798706
      ],
      "3": [
         -0.04536624625325203,
         0.020019620656967163,
         0.09383952617645264
      ],
      "4": [
         -0.04106491059064865,
         0.01779894344508648,
         0.07695341110229492
      ],
      "5": [
         -0.03638486564159393,
         0.011254977434873581,
         0.0642707347869873
      ],
      "6": [
         -0.031207364052534103,
         0.0001240493729710579,
         0.055930256843566895
      ],
      "7": [
         -0.02514551393687725,
         -0.008106185123324394,
         0.04713106155395508
      ],
      "8": [
         -0.016724733635783195,
         -0.015546075999736786,
         0.038719773292541504
      ],
      "9": [
         0.0035175324883311987,
         -0.02055886574089527,
         0.02871084213256836
      ],
      "10": [
         0.023725241422653198,
         -0.015579741448163986,
         0.03834819793701172
      ],
      "11": [
         0.031580083072185516,
         -0.007645448669791222,
         0.04619336128234863
      ],
      "12": [
         0.037448570132255554,
         0.0012010084465146065,
         0.0546109676361084
      ],
      "13": [
         0.042206160724163055,
         0.01248367689549923,
         0.06300389766693115
      ],
      "14": [
         0.046139076352119446,
         0.018961235880851746,
         0.07620882987976074
      ],
      "15": [
         0.04927240312099457,
         0.020273178815841675,
         0.09303760528564453
      ],
      "16": [
         0.052408598363399506,
         0.019719243049621582,
         0.10963153839111328
      ],
      "17": [
         0.05518052726984024,
         0.024214763194322586,
         0.12471067905426025
      ],
      "18": [
         -0.038771823048591614,
         -0.01721278578042984,
         0.14797437191009521
      ],
      "19": [
         -0.036806922405958176,
         -0.020527705550193787,
         0.15202116966247559
      ],
      "20": [
         -0.030784722417593002,
         -0.026783715933561325,
         0.15605247020721436
      ],
      "21": [
         -0.023081272840499878,
         -0.03189031779766083,
         0.15867090225219727
      ],
      "22": [
         -0.013357872143387794,
         -0.035973966121673584,
         0.15526175498962402
      ],
      "23": [
         0.015955526381731033,
         -0.03630956634879112,
         0.15569758415222168
      ],
      "24": [
         0.025706276297569275,
         -0.03189151734113693,
         0.15917587280273438
      ],
      "25": [
         0.033418476581573486,
         -0.026768965646624565,
         0.15628361701965332
      ],
      "26": [
         0.03954262658953667,
         -0.02066008374094963,
         0.15204989910125732
      ],
      "27": [
         0.0417812243103981,
         -0.01727813482284546,
         0.14843988418579102
      ],
      "28": [
         0.001413851510733366,
         -0.03757159039378166,
         0.13791799545288086
      ],
      "29": [
         0.0020117585081607103,
         -0.04342282563447952,
         0.12133979797363281
      ],
      "30": [
         0.0022610952146351337,
         -0.04904688149690628,
         0.11305117607116699
      ],
      "31": [
         0.0024562927428632975,
         -0.056434839963912964,
         0.10207033157348633
      ],
      "32": [
         -0.010217285715043545,
         -0.03818283975124359,
         0.08947563171386719
      ],
      "33": [
         -0.004597262479364872,
         -0.04266247898340225,
         0.08776521682739258
      ],
      "34": [
         0.002523659262806177,
         -0.04495643824338913,
         0.08722186088562012
      ],
      "35": [
         0.009621567092835903,
         -0.042069461196660995,
         0.08763861656188965
      ],
      "36": [
         0.015370531938970089,
         -0.037480272352695465,
         0.08995819091796875
      ],
      "37": [
         -0.03266563266515732,
         -0.025154447183012962,
         0.1247243881225586
      ],
      "38": [
         -0.027722192928195,
         -0.03189987689256668,
         0.13244307041168213
      ],
      "39": [
         -0.018322981894016266,
         -0.03233237564563751,
         0.13179874420166016
      ],
      "40": [
         -0.010617227293550968,
         -0.02893000841140747,
         0.12400829792022705
      ],
      "41": [
         -0.016630452126264572,
         -0.03136800229549408,
         0.12141633033752441
      ],
      "42": [
         -0.026594817638397217,
         -0.030875314027071,
         0.12035810947418213
      ],
      "43": [
         0.014094131998717785,
         -0.029270315542817116,
         0.12384688854217529
      ],
      "44": [
         0.02148771472275257,
         -0.03211485594511032,
         0.1316736936569214
      ],
      "45": [
         0.031153827905654907,
         -0.03163227438926697,
         0.13277244567871094
      ],
      "46": [
         0.03613927215337753,
         -0.024745456874370575,
         0.12439966201782227
      ],
      "47": [
         0.031044328585267067,
         -0.030481601133942604,
         0.12054872512817383
      ],
      "48": [
         0.02056543156504631,
         -0.031561098992824554,
         0.12118971347808838
      ],
      "49": [
         -0.015690557658672333,
         -0.02901572734117508,
         0.06438159942626953
      ],
      "50": [
         -0.011137080378830433,
         -0.04039391502737999,
         0.07051682472229004
      ],
      "51": [
         -0.004596435930579901,
         -0.04530049115419388,
         0.07391750812530518
      ],
      "52": [
         0.0037059143651276827,
         -0.04744352027773857,
         0.07352161407470703
      ],
      "53": [
         0.011790111660957336,
         -0.044417571276426315,
         0.07428133487701416
      ],
      "54": [
         0.01933635026216507,
         -0.038794636726379395,
         0.07151448726654053
      ],
      "55": [
         0.022747933864593506,
         -0.028629574924707413,
         0.06550288200378418
      ],
      "56": [
         0.018848808482289314,
         -0.032076239585876465,
         0.05678427219390869
      ],
      "57": [
         0.012182751670479774,
         -0.03579524904489517,
         0.05085182189941406
      ],
      "58": [
         0.004047059454023838,
         -0.03794931620359421,
         0.049196481704711914
      ],
      "59": [
         -0.0039476752281188965,
         -0.03612685948610306,
         0.050348639488220215
      ],
      "60": [
         -0.010762126184999943,
         -0.03261944651603699,
         0.05575728416442871
      ],
      "61": [
         -0.014325154945254326,
         -0.0274539515376091,
         0.06490981578826904
      ],
      "62": [
         -0.0037858053110539913,
         -0.04137954115867615,
         0.07032597064971924
      ],
      "63": [
         0.0036861514672636986,
         -0.041991520673036575,
         0.07011044025421143
      ],
      "64": [
         0.011583785526454449,
         -0.04069400578737259,
         0.07081186771392822
      ],
      "65": [
         0.02177034690976143,
         -0.02708284929394722,
         0.06606578826904297
      ],
      "66": [
         0.010851734317839146,
         -0.034150876104831696,
         0.056743741035461426
      ],
      "67": [
         0.0036838280502706766,
         -0.035152338445186615,
         0.05563247203826904
      ],
      "68": [
         -0.003583380952477455,
         -0.03450843319296837,
         0.05619549751281738
      ]
   },
   "keypoints_2d_coordinates": {
      "1": [
         62,
         35
      ],
      "2": [
         70,
         36
      ],
      "3": [
         79,
         38
      ],