{
   "version": "1.0.0",
   "eye_gaze": {
      "axis_directions": {
         "right_eye": {
            "axis_directions": {
               "visual_axis_direction": {
                  "x": 0.3214297582174098,
                  "y": -0.9117963970986362,
                  "z": -0.25555868361345796
               },
               "optical_axis_direction": {
                  "x": 0.26027235032983553,
                  "y": -0.9305716930270619,
                  "z": -0.2574774316139786
               }
            }
         },
         "left_eye": {
            "axis_directions": {
               "visual_axis_direction": {
                  "x": 0.4597107231303858,
                  "y": -0.8572442658611837,
                  "z": -0.2319446478948326
               },
               "optical_axis_direction": {
                  "x": 0.3586502337136347,
                  "y": -0.8983900264194898,
                  "z": -0.2535061543378062
               }
            }
         }
      },
      "target_point": {
         "right_eye": {
            "x": 1.7497855424880981,
            "y": -5.130227088928223,
            "z": -1.181995153427124
         },
         "left_eye": {
            "x": 1.7497855424880981,
            "y": -5.130227088928223,
            "z": -1.181995153427124
         }
      },
      "eye_gaze_direction_type": "custom"
   },
   "head_metadata": {
      "head_root_location": {
         "x": 0.0,
         "y": 0.0,
         "z": 0.0
      },
      "head_rotation": {
         "roll": 0.0,
         "yaw": 0.0,
         "pitch": 0.0
      },
      "head_six_dof": {
         "location": {
            "x": -0.00440216064453125,
            "y": -0.037532925605773926,
            "z": 0.186789870262146
         },
         "look_at_vector": {
            "x": 8.74227803627227e-08,
            "y": -0.9999999999999962,
            "z": 9.553428304548457e-16
         }
      }
   },
   "center_of_pupil_point": {
      "2d": {
         "camera": {
            "right_eye": {
               "x": 30.49314183268539,
               "y": 43.70890541415936
            },
            "left_eye": {
               "x": 29.82666790617938,
               "y": 82.76881316322248
            }
         }
      },
      "3d": {
         "right_eye": {
            "x": -0.03479001298546791,
            "y": -0.030774293467402458,
            "z": 0.1774490475654602
         },
         "left_eye": {
            "x": 0.03217117488384247,
            "y": -0.031204232946038246,
            "z": 0.17857569456100464
         }
      }
   },
   "identity_label": {
      "age": "old",
      "ethnicity": "southeast_asian",
      "gender": "male"
   },
   "center_of_iris_point": {
      "2d": {
         "camera": {
            "right_eye": {
               "x": 30.544357455670898,
               "y": 43.763542592385306
            },
            "left_eye": {
               "x": 29.878250620368718,
               "y": 82.8570875969464
            }
         }
      },
      "3d": {
         "right_eye": {
            "x": -0.0346883125603199,
            "y": -0.03113712929189205,
            "z": 0.17734797298908234
         },
         "left_eye": {
            "x": 0.03231506049633026,
            "y": -0.031564537435770035,
            "z": 0.1784738451242447
         }
      }
   },
   "pupil_circle": {
      "2d": {
         "camera": {
            "right_eye": [
               {
                  "x": 28.85664572068295,
                  "y": 43.77267268463485
               },
               {
                  "x": 29.063566143795853,
                  "y": 44.57861366975117
               },
               {
                  "x": 29.652970164405122,
                  "y": 45.15090047835702
               },
               {
                  "x": 30.466937309299258,
                  "y": 45.3366325364631
               },
               {
                  "x": 31.287639277538197,
                  "y": 45.086556855633404
               },
               {
                  "x": 31.895751602447607,
                  "y": 44.467629780738406
               },
               {
                  "x": 32.12862699008793,
                  "y": 43.64520035775601
               },
               {
                  "x": 31.923014790221092,
                  "y": 42.83976547398782
               },
               {
                  "x": 31.334035753529655,
                  "y": 42.2664518521508
               },
               {
                  "x": 30.519615174078037,
                  "y": 42.07955838369591
               },
               {
                  "x": 29.69753486176069,
                  "y": 42.329552721648305
               },
               {
                  "x": 29.088988678055582,
                  "y": 42.94957179190877
               }
            ],
            "left_eye": [
               {
                  "x": 28.143803164832278,
                  "y": 82.85161675345647
               },
               {
                  "x": 28.335570585750425,
                  "y": 83.63867043904769
               },
               {
                  "x": 28.92650604034286,
                  "y": 84.19209833449898
               },
               {
                  "x": 29.75789280463877,
                  "y": 84.36388256661373
               },
               {
                  "x": 30.607577452640545,
                  "y": 84.10869173491744
               },
               {
                  "x": 31.24768334814451,
                  "y": 83.49467576145663
               },
               {
                  "x": 31.507454624495715,
                  "y": 82.68604863912314
               },
               {
                  "x": 31.317024439559574,
                  "y": 81.8992541632635
               },
               {
                  "x": 30.72671441050323,
                  "y": 81.34466708579387
               },
               {
                  "x": 29.895085592267442,
                  "y": 81.17160464633764
               },
               {
                  "x": 29.044117624044137,
                  "y": 81.42685468525234
               },
               {
                  "x": 28.40308182102195,
                  "y": 82.04205167111147
               }
            ]
         }
      },
      "3d": {
         "right_eye": [
            {
               "x": -0.03466445207595825,
               "y": -0.03150862082839012,
               "z": 0.18022669851779938
            },
            {
               "x": -0.033293385058641434,
               "y": -0.031032221391797066,
               "z": 0.17989027500152588
            },
            {
               "x": -0.03232356533408165,
               "y": -0.030486885458230972,
               "z": 0.178900346159935
            },
            {
               "x": -0.03201460838317871,
               "y": -0.030018679797649384,
               "z": 0.17752166092395782
            },
            {
               "x": -0.03244908154010773,
               "y": -0.02975250594317913,
               "z": 0.17612336575984955
            },
            {
               "x": -0.033510785549879074,
               "y": -0.029760276898741722,
               "z": 0.17507977783679962
            },
            {
               "x": -0.03491557762026787,
               "y": -0.030039601027965546,
               "z": 0.1746705174446106
            },
            {
               "x": -0.03628617897629738,
               "y": -0.0305153951048851,
               "z": 0.17500653862953186
            },
            {
               "x": -0.03725636750459671,
               "y": -0.031060583889484406,
               "z": 0.1759970784187317
            },
            {
               "x": -0.037565525621175766,
               "y": -0.03152908757328987,
               "z": 0.17737604677677155
            },
            {
               "x": -0.03713080659508705,