{
   "keypoints_3d_coordinates": {
      "1": [
         -0.07304256409406662,
         0.030812717974185944,
         0.15946614742279053
      ],
      "2": [
         -0.07137949019670486,
         0.025128059089183807,
         0.13870155811309814
      ],
      "3": [
         -0.0705900713801384,
         0.023325655609369278,
         0.11840975284576416
      ],
      "4": [
         -0.0674535408616066,
         0.019324153661727905,
         0.0948113203048706
      ],
      "5": [
         -0.061723493039608,
         0.008602742105722427,
         0.07778406143188477
      ],
      "6": [
         -0.05268619582056999,
         -0.01065997313708067,
         0.06917119026184082
      ],
      "7": [
         -0.04057333245873451,
         -0.024480974301695824,
         0.061543941497802734
      ],
      "8": [
         -0.026856068521738052,
         -0.040568530559539795,
         0.057442307472229004
      ],
      "9": [
         -0.0003144626971334219,
         -0.05206999555230141,
         0.054440975189208984
      ],
      "10": [
         0.02587004564702511,
         -0.04094492271542549,
         0.0578768253326416
      ],
      "11": [
         0.03974480554461479,
         -0.024957725778222084,
         0.0619581937789917
      ],
      "12": [
         0.05204979330301285,
         -0.011586762964725494,
         0.06955158710479736
      ],
      "13": [
         0.06142374128103256,
         0.007544998079538345,
         0.07732105255126953
      ],
      "14": [
         0.06767421215772629,
         0.0180358923971653,
         0.09395837783813477
      ],
      "15": [
         0.07087163627147675,
         0.022258907556533813,
         0.11754190921783447
      ],
      "16": [
         0.07180638611316681,
         0.023959748446941376,
         0.13771522045135498
      ],
      "17": [
         0.073367178440094,
         0.029853790998458862,
         0.15902221202850342
      ],
      "18": [
         -0.047459669411182404,
         -0.03708011284470558,
         0.1748948097229004
      ],
      "19": [
         -0.044767167419195175,
         -0.03887971490621567,
         0.17959487438201904
      ],
      "20": [
         -0.03621656820178032,
         -0.044407714158296585,
         0.18053483963012695
      ],
      "21": [
         -0.026344968006014824,
         -0.04851081222295761,
         0.1791248321533203
      ],
      "22": [
         -0.01528736762702465,
         -0.05083601176738739,
         0.17609477043151855
      ],
      "23": [
         0.014795131981372833,
         -0.05137081444263458,
         0.17627477645874023
      ],
      "24": [
         0.025803832337260246,
         -0.04896571487188339,
         0.17926478385925293
      ],
      "25": [
         0.03552953153848648,
         -0.04498761147260666,
         0.18041479587554932
      ],
      "26": [
         0.044539231806993484,
         -0.0396474152803421,
         0.17939484119415283
      ],
      "27": [
         0.04752403125166893,
         -0.037750113755464554,
         0.1748948097229004
      ],
      "28": [
         -0.0005866587744094431,
         -0.05156874284148216,
         0.1676654815673828
      ],
      "29": [
         -0.001287752529606223,
         -0.0574006550014019,
         0.15615475177764893
      ],
      "30": [
         -0.0016505229286849499,
         -0.06395202875137329,
         0.14695823192596436
      ],
      "31": [
         -0.001934405299834907,
         -0.07469554245471954,
         0.1329817771911621
      ],
      "32": [
         -0.014896535314619541,
         -0.05164051428437233,
         0.11716115474700928
      ],
      "33": [
         -0.009037417359650135,
         -0.0570848174393177,
         0.11606109142303467
      ],
      "34": [
         -0.001461206586100161,
         -0.0610855408012867,
         0.11586117744445801
      ],
      "35": [
         0.006287378259003162,
         -0.057043321430683136,
         0.11649775505065918
      ],
      "36": [
         0.01272343285381794,
         -0.05124741420149803,
         0.11786234378814697
      ],
      "37": [
         -0.041399575769901276,
         -0.029602356255054474,
         0.15928757190704346
      ],
      "38": [
         -0.03440370038151741,
         -0.03716100752353668,
         0.15608465671539307
      ],
      "39": [
         -0.024676403030753136,
         -0.037783682346343994,
         0.15587174892425537
      ],
      "40": [
         -0.01566304638981819,
         -0.03515417128801346,
         0.15786969661712646
      ],
      "41": [
         -0.024236440658569336,
         -0.03791677951812744,
         0.15550589561462402
      ],
      "42": [
         -0.034397996962070465,
         -0.03697362169623375,
         0.15537703037261963
      ],
      "43": [
         0.01494685374200344,
         -0.036110155284404755,
         0.15800654888153076
      ],
      "44": [
         0.024553125724196434,
         -0.03906974941492081,
         0.15603506565093994
      ],
      "45": [
         0.03487478196620941,
         -0.03816754370927811,
         0.15562379360198975
      ],
      "46": [
         0.041107937693595886,
         -0.031291961669921875,
         0.15908825397491455
      ],
      "47": [
         0.034780822694301605,
         -0.037926435470581055,
         0.15518414974212646
      ],
      "48": [
         0.024053150787949562,
         -0.0392313078045845,
         0.15556848049163818
      ],
      "49": [
         -0.02530106157064438,
         -0.047832388430833817,
         0.09304976463317871
      ],
      "50": [
         -0.017941530793905258,
         -0.05554216727614403,
         0.09769105911254883
      ],
      "51": [
         -0.010309558361768723,
         -0.060623206198215485,
         0.10159051418304443
      ],
      "52": [
         -0.0010871203849092126,
         -0.062220241874456406,
         0.1019521951675415
      ],
      "53": [
         0.00793839804828167,
         -0.06044094264507294,
         0.10232961177825928
      ],
      "54": [
         0.015502676367759705,
         -0.055484794080257416,
         0.0987159013748169
      ],
      "55": [
         0.023196563124656677,
         -0.04667580872774124,
         0.09401237964630127
      ],
      "56": [
         0.016671987250447273,
         -0.053974542766809464,
         0.09193897247314453
      ],
      "57": [
         0.00837958138436079,
         -0.05925789847970009,
         0.08913660049438477
      ],
      "58": [
         -0.0005908595048822463,
         -0.06020158529281616,
         0.08836579322814941
      ],
      "59": [
         -0.009594368748366833,
         -0.06002160906791687,
         0.0894097089767456
      ],
      "60": [
         -0.018423497676849365,
         -0.05452115833759308,
         0.0913231372833252
      ],
      "61": [
         -0.022873947396874428,
         -0.0472518727183342,
         0.09393095970153809
      ],
      "62": [
         -0.007993580773472786,
         -0.05677630379796028,
         0.09674394130706787
      ],
      "63": [
         -0.0009552762494422495,
         -0.05813860520720482,
         0.09692728519439697
      ],
      "64": [
         0.0062118940986692905,
         -0.056454651057720184,
         0.09718441963195801
      ],
      "65": [
         0.020375214517116547,
         -0.04643891006708145,
         0.09505438804626465
      ],
      "66": [
         0.006401224993169308,
         -0.05655190348625183,
         0.09538543224334717
      ],
      "67": [
         -0.0008341069333255291,
         -0.05762409418821335,
         0.09540319442749023
      ],
      "68": [
         -0.008013425394892693,
         -0.05662361904978752,
         0.09539294242858887
      ]
   },
   "keypoints_2d_coordinates": {
      "1": [
         42,
         23
      ],
      "2": [
         53,
         24
      ],
      "3": [
         65,
         24
      ],