{
   "keypoints_3d_coordinates": {
      "1": [
         -0.057548023760318756,
         -0.014130063354969025,
         0.14073801040649414
      ],
      "2": [
         -0.056241173297166824,
         -0.013138161040842533,
         0.12054300308227539
      ],
      "3": [
         -0.05811425670981407,
         -0.00871241744607687,
         0.10197722911834717
      ],
      "4": [
         -0.0563424751162529,
         -0.004701158031821251,
         0.08085441589355469
      ],
      "5": [
         -0.05107884109020233,
         -0.005775864236056805,
         0.06378567218780518
      ],
      "6": [
         -0.03950570151209831,
         -0.020049484446644783,
         0.049930453300476074
      ],
      "7": [
         -0.02478533238172531,
         -0.028449274599552155,
         0.03700816631317139
      ],
      "8": [
         -0.006762964650988579,
         -0.03769008070230484,
         0.027882814407348633
      ],
      "9": [
         0.020614787936210632,
         -0.04059382528066635,
         0.019776105880737305
      ],
      "10": [
         0.041926849633455276,
         -0.0241178460419178,
         0.026741743087768555
      ],
      "11": [
         0.051187578588724136,
         -0.008087670430541039,
         0.03546738624572754
      ],
      "12": [
         0.05780836194753647,
         0.0029437020421028137,
         0.048175930976867676
      ],
      "13": [
         0.061114683747291565,
         0.020176153630018234,
         0.061728715896606445
      ],
      "14": [
         0.06695708632469177,
         0.02978871762752533,
         0.07754743099212646
      ],
      "15": [
         0.07096190005540848,
         0.02856864407658577,
         0.09843409061431885
      ],
      "16": [
         0.07195667177438736,
         0.023400496691465378,
         0.11603474617004395
      ],
      "17": [
         0.07326506078243256,
         0.02231214940547943,
         0.13588643074035645
      ],
      "18": [
         -0.017144177109003067,
         -0.07295440882444382,
         0.1355922669172287
      ],
      "19": [
         -0.013349698856472969,
         -0.07444359362125397,
         0.13887622952461243
      ],
      "20": [
         -0.004233501851558685,
         -0.07784904539585114,
         0.1385602504014969
      ],
      "21": [
         0.00569517444819212,
         -0.07926606386899948,
         0.13598719239234924
      ],
      "22": [
         0.016211792826652527,
         -0.0772152841091156,
         0.13204820454120636
      ],
      "23": [
         0.04351472854614258,
         -0.06917096674442291,
         0.13099731504917145
      ],
      "24": [
         0.05326315015554428,
         -0.06511706858873367,
         0.13431115448474884
      ],
      "25": [
         0.06074487417936325,
         -0.05817686393857002,
         0.13617083430290222
      ],
      "26": [
         0.06676286458969116,
         -0.05073494464159012,
         0.13624690473079681
      ],
      "27": [
         0.06838154792785645,
         -0.04765122011303902,
         0.13315796852111816
      ],
      "28": [
         0.029782291501760483,
         -0.07190548628568649,
         0.1239778995513916
      ],
      "29": [
         0.030276518315076828,
         -0.07298488914966583,
         0.11266827583312988
      ],
      "30": [
         0.031378068029880524,
         -0.07625100016593933,
         0.10009181499481201
      ],
      "31": [
         0.03301839902997017,
         -0.08014775067567825,
         0.08442544937133789
      ],
      "32": [
         0.012848077341914177,
         -0.05956786870956421,
         0.08125829696655273
      ],
      "33": [
         0.019761698320508003,
         -0.06200472638010979,
         0.07716822624206543
      ],
      "34": [
         0.027761310338974,
         -0.0626770630478859,
         0.07534527778625488
      ],
      "35": [
         0.03394443541765213,
         -0.05796724185347557,
         0.07656979560852051
      ],
      "36": [
         0.03780030831694603,
         -0.05220295861363411,
         0.08120274543762207
      ],
      "37": [
         -0.015488198958337307,
         -0.062001604586839676,
         0.12311339378356934
      ],
      "38": [
         -0.005259453319013119,
         -0.0693633109331131,
         0.12297201156616211
      ],
      "39": [
         0.0031669274903833866,
         -0.06690602749586105,
         0.12304151058197021
      ],
      "40": [
         0.00924806110560894,
         -0.05924154445528984,
         0.1209418773651123
      ],
      "41": [
         0.002674202434718609,
         -0.06363433599472046,
         0.11827242374420166
      ],
      "42": [
         -0.006750477012246847,
         -0.06571529805660248,
         0.11831676959991455
      ],
      "43": [
         0.038579292595386505,
         -0.05079694837331772,
         0.1194378137588501
      ],
      "44": [
         0.047756824642419815,
         -0.05290711671113968,
         0.1213458776473999
      ],
      "45": [
         0.05656784772872925,
         -0.05067339166998863,
         0.12099432945251465
      ],
      "46": [
         0.06043246388435364,
         -0.039540499448776245,
         0.12080514430999756
      ],
      "47": [
         0.056038644164800644,
         -0.0461781844496727,
         0.11629319190979004
      ],
      "48": [
         0.04682878032326698,
         -0.05025884509086609,
         0.11643588542938232
      ],
      "49": [
         -0.0025756938848644495,
         -0.04768933728337288,
         0.06359982490539551
      ],
      "50": [
         0.008793260902166367,
         -0.05529434606432915,
         0.06182730197906494
      ],
      "51": [
         0.016926391050219536,
         -0.05997992679476738,
         0.06107211112976074
      ],
      "52": [
         0.026336707174777985,
         -0.059322673827409744,
         0.05958199501037598
      ],
      "53": [
         0.03488394618034363,
         -0.054668765515089035,
         0.060645341873168945
      ],
      "54": [
         0.03900360316038132,
         -0.04696086794137955,
         0.06133377552032471
      ],
      "55": [
         0.04358167573809624,
         -0.035034164786338806,
         0.06294119358062744
      ],
      "56": [
         0.0395742729306221,
         -0.04480338096618652,
         0.05686008930206299
      ],
      "57": [
         0.03357319533824921,
         -0.051860030740499496,
         0.05368316173553467
      ],
      "58": [
         0.024848252534866333,
         -0.0561344213783741,
         0.05170392990112305
      ],
      "59": [
         0.01514279656112194,
         -0.05664539709687233,
         0.05434608459472656
      ],
      "60": [
         0.006301729008555412,
         -0.05296534299850464,
         0.058528900146484375
      ],
      "61": [
         0.0006519118323922157,
         -0.04719451069831848,
         0.06435167789459229
      ],
      "62": [
         0.016561269760131836,
         -0.05404544994235039,
         0.060175180435180664
      ],
      "63": [
         0.02471795305609703,
         -0.053729139268398285,
         0.0586857795715332
      ],
      "64": [
         0.0316685289144516,
         -0.05011740326881409,
         0.05960524082183838
      ],
      "65": [
         0.041330158710479736,
         -0.03679560124874115,
         0.06284105777740479
      ],
      "66": [
         0.03144140541553497,
         -0.050470296293497086,
         0.05992734432220459
      ],
      "67": [
         0.02452722191810608,
         -0.05429600179195404,
         0.059151291847229004
      ],
      "68": [
         0.01634722203016281,
         -0.05389274284243584,
         0.060462355613708496
      ]
   },
   "keypoints_2d_coordinates": {
      "1": [
         416,
         246
      ],
      "2": [
         509,
         252
      ],
      "3": [
         595,
         245
      ],
      "4": [
         692,
         253
      ],