{
   "version": "1.1.0",
   "camera_name": "camera",
   "camera_type": "PERSP",
   "focal_length": 50.0,
   "location": {
      "x": 0.0,
      "y": -1.5999999046325684,
      "z": 0.12000000476837158
   },
   "orientation": {
      "look_at_vector": {
         "x": 0.0,
         "y": 1.0,
         "z": 1.4901162614933128e-07
      },
      "up_vector": {
         "x": 0.0,
         "y": -1.4901162614933128e-07,
         "z": 1.0
      }
   },
   "aspect_px": {
      "x": 1.0,
      "y": 1.0
   },
   "resolution_px": {
      "x": 1024.0,
      "y": 1024.0
   },
   "fov": {
      "horizontal": 9.99999970909292,
      "vertical": 9.999999691412535
   },
   "sensor": {
      "sensor_width": 8.748866081237793,
      "sensor_height": 8.748866081237793
   },
   "intrinsic_matrix": [
      [
         5852.186960525083,
         -3.5834310146094605e-13,
         512.0
      ],
      [
         0.0,
         5852.186960525083,
         512.0
      ],
      [
         0.0,
         0.0,
         1.0
      ]
   ],
   "extrinsic_matrix": [
      [
         1.0000000596046377,
         0.0,
         0.0,
         0.0
      ],
      [
         -0.0,
         -0.0,
         -1.0000001192092896,
         0.1200000190734869
      ],
      [
         0.0,
         0.9999999403953552,
         1.4901161193847656e-07,
         1.5999997913837483
      ]
   ]
}