{
   "version": "1.0.0",
   "head_metadata": {
      "head_rotation": {
         "roll": 0.0,
         "yaw": 0.0,
         "pitch": 0.0
      },
      "head_six_dof": {
         "location": {
            "x": -0.0014138221740722656,
            "y": -0.07438284158706665,
            "z": 0.159143328666687
         },
         "look_at_vector": {
            "x": 8.74227803627227e-08,
            "y": -0.9999999999999962,
            "z": 9.553428304548457e-16
         }
      },
      "head_root_location": {
         "x": 0.0,
         "y": 0.0,
         "z": 0.0
      }
   },
   "face_expression": {
      "intensity_level": 2.966880067834743,
      "name": "none"
   },
   "identity_id": "cfc8cdba-ecba-4c74-9831-afcfcfb22ed2",
   "eye_gaze": {
      "axis_directions": {
         "right_eye": {
            "axis_directions": {
               "visual_axis_direction": {
                  "x": -0.2792364071523212,
                  "y": -0.9587495120420725,
                  "z": 0.05316391708434453
               },
               "optical_axis_direction": {
                  "x": -0.3402089374111679,
                  "y": -0.9389064524980225,
                  "z": 0.052082169339828524
               }
            }
         },
         "left_eye": {
            "axis_directions": {
               "visual_axis_direction": {
                  "x": 0.13389506806438276,
                  "y": -0.9886883155392788,
                  "z": 0.06758347034695532
               },
               "optical_axis_direction": {
                  "x": -0.3169791599197883,
                  "y": -0.9469218584796985,
                  "z": 0.053508934860442434
               }
            }
         }
      },
      "target_point": {
         "right_eye": {
            "x": -0.28930291533470154,
            "y": -0.8720037937164307,
            "z": 0.17120973765850067
         },
         "left_eye": {
            "x": -0.28930291533470154,
            "y": -0.8720037937164307,
            "z": 0.17120973765850067
         }
      },
      "eye_gaze_direction_type": "custom"
   },
   "apex_of_cornea_point": {
      "2d": {
         "camera": {
            "right_eye": {
               "x": 45.968234494927565,
               "y": 42.557567563871
            },
            "left_eye": {
               "x": 45.1287310693623,
               "y": 79.86498944768474
            }
         }
      },
      "3d": {
         "right_eye": {
            "x": -0.0360102578997612,
            "y": -0.06294827908277512,
            "z": 0.15028241276741028
         },
         "left_eye": {
            "x": 0.026598459109663963,
            "y": -0.06554912030696869,
            "z": 0.15163864195346832
         }
      }
   },
   "center_of_rotation_point": {
      "2d": {
         "camera": {
            "right_eye": {
               "x": 46.51598488842263,
               "y": 45.364865352045875
            },
            "left_eye": {
               "x": 45.671526639744464,
               "y": 82.0949820562064
            }
         }
      },
      "3d": {
         "right_eye": {
            "x": -0.031546588987112045,
            "y": -0.050626326352357864,
            "z": 0.1495979130268097
         },
         "left_eye": {
            "x": 0.030571796000003815,
            "y": -0.053680986166000366,
            "z": 0.15096628665924072
         }
      }
   },
   "accessories": [],
   "pupil_circle": {
      "2d": {
         "camera": {
            "right_eye": [
               {
                  "x": 44.43617125607362,
                  "y": 43.248665303678294
               },
               {
                  "x": 44.63896009283779,
                  "y": 44.027069914948335
               },
               {
                  "x": 45.23347801250828,
                  "y": 44.5964832433318
               },
               {
                  "x": 46.06163353478611,
                  "y": 44.803367233387526
               },
               {
                  "x": 46.90033192332758,
                  "y": 44.59236674487576
               },
               {
                  "x": 47.52511019750751,
                  "y": 44.01996836560572
               },
               {
                  "x": 47.76838860578285,
                  "y": 43.24028705411954
               },
               {
                  "x": 47.564997833858435,
                  "y": 42.461932556415825
               },
               {
                  "x": 46.969696097671324,
                  "y": 41.893900252440595
               },
               {
                  "x": 46.142418810525676,
                  "y": 41.68761845600387
               },
               {
                  "x": 45.304332237910145,
                  "y": 41.89821101736536
               },
               {
                  "x": 44.67944482907625,
                  "y": 42.4693475509598
               }
            ],
            "left_eye": [
               {
                  "x": 43.66595074182156,
                  "y": 80.41258535860715
               },
               {
                  "x": 43.86307856969729,
                  "y": 81.17488247204044
               },
               {
                  "x": 44.434709146359715,
                  "y": 81.73220919973197
               },
               {
                  "x": 45.2278423645529,
                  "y": 81.93500453145926
               },
               {
                  "x": 46.03018687733089,
                  "y": 81.72871471590085
               },
               {
                  "x": 46.62631942509712,
                  "y": 81.16868974595589
               },
               {
                  "x": 46.856181602167176,
                  "y": 80.40530269065927
               },
               {
                  "x": 46.65820240870625,
                  "y": 79.643334481653
               },
               {
                  "x": 46.08631341008683,
                  "y": 79.08668320342423
               },
               {
                  "x": 45.29355494440957,
                  "y": 78.88450981109
               },
               {
                  "x": 44.49235801574234,
                  "y": 79.09050493835797
               },
               {
                  "x": 43.896493278517745,
                  "y": 79.64979759752008
               }
            ]
         }
      },
      "3d": {
         "right_eye": [
            {
               "x": -0.03492109477519989,
               "y": -0.059796467423439026,
               "z": 0.15292271971702576
            },
            {
               "x": -0.03360029309988022,
               "y": -0.06029477342963219,
               "z": 0.1525709182024002
            },
            {
               "x": -0.032633762806653976,
               "y": -0.06070094555616379,
               "z": 0.15156243741512299
            },
            {
               "x": -0.03228149935603142,
               "y": -0.06090672314167023,
               "z": 0.15016557276248932
            },
            {
               "x": -0.032637398689985275,
               "y": -0.06085597723722458,
               "z": 0.14875614643096924
            },
            {
               "x": -0.033606380224227905,
               "y": -0.06056319549679756,
               "z": 0.14771074056625366
            },
            {
               "x": -0.03492816165089607,
               "y": -0.06010650470852852,
               "z": 0.14730964601039886
            },
            {
               "x": -0.03624945878982544,
               "y": -0.059608567506074905,
               "z": 0.14766079187393188
            },
            {
               "x": -0.03721529617905617,
               "y": -0.05920218303799629,
               "z": 0.1486702710390091
            },
            {
               "x": -0.03756757453083992,
               "y": -0.05899684131145477,