{
   "version": "1.0.0",
   "datapoints": [
      {
         "human": {
            "id": "cfc8cdba-ecba-4c74-9831-afcfcfb22ed2",
            "head": {
               "eyes": {
                  "id": "5d4e01a8-b510-4401-965b-7eefa8811519",
                  "target_of_gaze": {
                     "direction": {
                        "x": -0.31045332242270995,
                        "z": 0.02249551655269344,
                        "y": -0.8920217858715872
                     },
                     "distance": 0.9303025224702639
                  },
                  "eyelid_closure": 0.35665411825217647
               },
               "location": {
                  "x": 0.0,
                  "z": 0.0,
                  "y": 0.0
               },
               "rotation": {
                  "yaw": 0.0,
                  "pitch": 0.0,
                  "roll": 0.0
               },
               "expression": {
                  "intensity": 0.4917200169586857,
                  "name": "none"
               },
               "eyebrows": {
                  "id": "59a37878-a9bc-416b-8721-372e365268ae",
                  "color_settings": {
                     "index_of_refraction": 1.6240337046862812,
                     "melanin": 0.9237500153640533,
                     "redness": 0.2176357308242297,
                     "roughness": 0.174334565643987,
                     "whiteness": 0.028245107593742103
                  }
               },
               "hair": {
                  "id": "16bc5541-72cd-441b-8037-a0162aac378a",
                  "color_settings": {
                     "index_of_refraction": 1.6240337046862812,
                     "melanin": 0.9237500153640533,
                     "redness": 0.2176357308242297,
                     "roughness": 0.174334565643987,
                     "whiteness": 0.028245107593742103
                  }
               },
               "facial_hair": null
            }
         },
         "camera": {
            "name": "camera",
            "intrinsic_params": {
               "projection": "perspective",
               "resolution_width": 128,
               "resolution_height": 128,
               "fov_horizontal": 8.0,
               "fov_vertical": 8.0,
               "sensor_width": 15.0,
               "wavelength": "visible"
            },
            "extrinsic_params": {
               "location": {
                  "x": 0.0,
                  "z": 0.12,
                  "y": -1.6
               },
               "rotation": {
                  "yaw": 0.0,
                  "pitch": 0.0,
                  "roll": 0.0
               }
            }
         },
         "accessories": {
            "glasses": null,
            "mask": null
         },
         "background": {
            "id": "2317ef2d-9671-4778-82cc-f8bd9f2dc9c2",
            "transparent": false,
            "rotation": 169.03685299542792
         },
         "lights": []
      }
   ]
}