{
   "keypoints_3d_coordinates": {
      "1": [
         -0.06301436573266983,
         0.033626701682806015,
         0.1416856050491333
      ],
      "2": [
         -0.0626261755824089,
         0.02600708231329918,
         0.12460291385650635
      ],
      "3": [
         -0.0632040873169899,
         0.022577304393053055,
         0.1074455976486206
      ],
      "4": [
         -0.06000219285488129,
         0.018295299261808395,
         0.08696937561035156
      ],
      "5": [
         -0.054460447281599045,
         0.008791934698820114,
         0.07195043563842773
      ],
      "6": [
         -0.044934697449207306,
         -0.008493192493915558,
         0.06433916091918945
      ],
      "7": [
         -0.03508344665169716,
         -0.02178814820945263,
         0.056078553199768066
      ],
      "8": [
         -0.02343069016933441,
         -0.03766608238220215,
         0.05050373077392578
      ],
      "9": [
         0.0017541367560625076,
         -0.04708106815814972,
         0.04564833641052246
      ],
      "10": [
         0.025905301794409752,
         -0.03639387711882591,
         0.05139875411987305
      ],
      "11": [
         0.0368284173309803,
         -0.02051650919020176,
         0.05630314350128174
      ],
      "12": [
         0.045835647732019424,
         -0.007125521078705788,
         0.06454706192016602
      ],
      "13": [
         0.05433443933725357,
         0.010151078924536705,
         0.07181024551391602
      ],
      "14": [
         0.0600820854306221,
         0.01958736777305603,
         0.08630812168121338
      ],
      "15": [
         0.06255410611629486,
         0.02340955287218094,
         0.10662484169006348
      ],
      "16": [
         0.062406010925769806,
         0.026884622871875763,
         0.12393105030059814
      ],
      "17": [
         0.06307582557201385,
         0.0354197695851326,
         0.14091408252716064
      ],
      "18": [
         -0.041173238307237625,
         -0.02818724326789379,
         0.16253840923309326
      ],
      "19": [
         -0.038624733686447144,
         -0.02936924248933792,
         0.16710007190704346
      ],
      "20": [
         -0.03042028471827507,
         -0.03429505228996277,
         0.16852009296417236
      ],
      "21": [
         -0.021401384845376015,
         -0.03883650153875351,
         0.16772723197937012
      ],
      "22": [
         -0.011619285680353642,
         -0.04131825268268585,
         0.1645047664642334
      ],
      "23": [
         0.013409264385700226,
         -0.041439853608608246,
         0.16250813007354736
      ],
      "24": [
         0.024578765034675598,
         -0.03922565281391144,
         0.16561543941497803
      ],
      "25": [
         0.03321661427617073,
         -0.03526260331273079,
         0.1669396162033081
      ],
      "26": [
         0.04026256501674652,
         -0.03014214336872101,
         0.1650625467300415
      ],
      "27": [
         0.043149515986442566,
         -0.029267583042383194,
         0.16050982475280762
      ],
      "28": [
         0.001087977085262537,
         -0.04102244973182678,
         0.1549316644668579
      ],
      "29": [
         0.0010430850088596344,
         -0.04680580645799637,
         0.14260637760162354
      ],
      "30": [
         0.0010284120216965675,
         -0.053750745952129364,
         0.13371098041534424
      ],
      "31": [
         0.0011384563986212015,
         -0.06333047151565552,
         0.12144851684570312
      ],
      "32": [
         -0.014700659550726414,
         -0.047965697944164276,
         0.10633540153503418
      ],
      "33": [
         -0.007736062631011009,
         -0.05298919975757599,
         0.10571575164794922
      ],
      "34": [
         0.0009407410980202258,
         -0.05479385703802109,
         0.10593640804290771
      ],
      "35": [
         0.009977009147405624,
         -0.05213701352477074,
         0.1073002815246582
      ],
      "36": [
         0.0177333764731884,
         -0.04646197706460953,
         0.10971975326538086
      ],
      "37": [
         -0.036338113248348236,
         -0.027185676619410515,
         0.14530837535858154
      ],
      "38": [
         -0.029667753726243973,
         -0.03590067848563194,
         0.14596009254455566
      ],
      "39": [
         -0.019186390563845634,
         -0.0356890931725502,
         0.14602577686309814
      ],
      "40": [
         -0.011753243394196033,
         -0.03086617775261402,
         0.1442263126373291
      ],
      "41": [
         -0.01848084107041359,
         -0.033632051199674606,
         0.14208531379699707
      ],
      "42": [
         -0.029249388724565506,
         -0.03361207991838455,
         0.14137673377990723
      ],
      "43": [
         0.013890216127038002,
         -0.03135843575000763,
         0.14488542079925537
      ],
      "44": [
         0.02200261503458023,
         -0.03551049903035164,
         0.1466374397277832
      ],
      "45": [
         0.032944899052381516,
         -0.03545987606048584,
         0.14646923542022705
      ],
      "46": [
         0.03927718102931976,
         -0.026192348450422287,
         0.14559316635131836
      ],
      "47": [
         0.03284050151705742,
         -0.033130742609500885,
         0.14165818691253662
      ],
      "48": [
         0.021645022556185722,
         -0.03375663980841637,
         0.14232099056243896
      ],
      "49": [
         -0.02231437712907791,
         -0.046887051314115524,
         0.0837632417678833
      ],
      "50": [
         -0.01825963519513607,
         -0.05585750564932823,
         0.08885276317596436
      ],
      "51": [
         -0.009259967133402824,
         -0.05919894576072693,
         0.0928354263305664
      ],
      "52": [
         0.002321298699826002,
         -0.0609138086438179,
         0.09369754791259766
      ],
      "53": [
         0.014658150263130665,
         -0.056971512734889984,
         0.09394192695617676
      ],
      "54": [
         0.02293129451572895,
         -0.050749313086271286,
         0.09080302715301514
      ],
      "55": [
         0.027225635945796967,
         -0.04403246194124222,
         0.0873640775680542
      ],
      "56": [
         0.022147880867123604,
         -0.050416119396686554,
         0.08457422256469727
      ],
      "57": [
         0.01439319085329771,
         -0.056995995342731476,
         0.08030426502227783
      ],
      "58": [
         0.0029053902253508568,
         -0.06040286645293236,
         0.07893955707550049
      ],
      "59": [
         -0.009397243149578571,
         -0.059434980154037476,
         0.07919716835021973
      ],
      "60": [
         -0.01833353005349636,
         -0.05488431453704834,
         0.08180904388427734
      ],
      "61": [
         -0.019660066813230515,
         -0.045368023216724396,
         0.08386039733886719
      ],
      "62": [
         -0.007765396498143673,
         -0.055237285792827606,
         0.08630979061126709
      ],
      "63": [
         0.002323600696399808,
         -0.057044245302677155,
         0.08650994300842285
      ],
      "64": [
         0.013232124969363213,
         -0.0541171059012413,
         0.08743858337402344
      ],
      "65": [
         0.025117168202996254,
         -0.04279252141714096,
         0.08731484413146973
      ],
      "66": [
         0.012808811850845814,
         -0.054513540118932724,
         0.08634483814239502
      ],
      "67": [
         0.002723927143961191,
         -0.05658678337931633,
         0.08596563339233398
      ],
      "68": [
         -0.00698058120906353,
         -0.0547584667801857,
         0.08613204956054688
      ]
   },
   "keypoints_2d_coordinates": {
      "1": [
         52,
         29
      ],
      "2": [
         61,
         29
      ],
      "3": [
         71,
         28
      ],