{
   "keypoints_3d_coordinates": {
      "1": [
         -0.06092419475317001,
         0.008313890546560287,
         0.13726627826690674
      ],
      "2": [
         -0.05916820466518402,
         0.0033749863505363464,
         0.12016010284423828
      ],
      "3": [
         -0.05702554062008858,
         0.0038869157433509827,
         0.10282492637634277
      ],
      "4": [
         -0.05266191437840462,
         0.0021897051483392715,
         0.08428525924682617
      ],
      "5": [
         -0.04562768340110779,
         -0.005428720265626907,
         0.07145392894744873
      ],
      "6": [
         -0.03924484923481941,
         -0.020219560712575912,
         0.06398487091064453
      ],
      "7": [
         -0.03005009889602661,
         -0.029499690979719162,
         0.057564496994018555
      ],
      "8": [
         -0.019099755212664604,
         -0.03961091488599777,
         0.05332386493682861
      ],
      "9": [
         0.003096604021266103,
         -0.04800700396299362,
         0.046185851097106934
      ],
      "10": [
         0.025338685140013695,
         -0.03967789188027382,
         0.05247616767883301
      ],
      "11": [
         0.035237692296504974,
         -0.0287745650857687,
         0.056967973709106445
      ],
      "12": [
         0.04464585334062576,
         -0.0193385761231184,
         0.06249511241912842
      ],
      "13": [
         0.05149335414171219,
         -0.004616675898432732,
         0.07003390789031982
      ],
      "14": [
         0.058631036430597305,
         0.0023456253111362457,
         0.08382844924926758
      ],
      "15": [
         0.06305664777755737,
         0.0034535489976406097,
         0.1033170223236084
      ],
      "16": [
         0.064991794526577,
         0.002974003553390503,
         0.12097513675689697
      ],
      "17": [
         0.06641402840614319,
         0.00820915400981903,
         0.138222336769104
      ],
      "18": [
         -0.043260395526885986,
         -0.039065923541784286,
         0.1596766710281372
      ],
      "19": [
         -0.04034629464149475,
         -0.04289192333817482,
         0.16211962699890137
      ],
      "20": [
         -0.03300999850034714,
         -0.04952162504196167,
         0.16535115242004395
      ],
      "21": [
         -0.024270396679639816,
         -0.055146723985672,
         0.16617357730865479
      ],
      "22": [
         -0.013689298182725906,
         -0.05929582566022873,
         0.16483211517333984
      ],
      "23": [
         0.020780101418495178,
         -0.05847732722759247,
         0.16352510452270508
      ],
      "24": [
         0.03134170174598694,
         -0.0543542206287384,
         0.16572153568267822
      ],
      "25": [
         0.03946950286626816,
         -0.049387022852897644,
         0.16496264934539795
      ],
      "26": [
         0.04645629972219467,
         -0.04247362166643143,
         0.16190755367279053
      ],
      "27": [
         0.049145400524139404,
         -0.03871912509202957,
         0.15971612930297852
      ],
      "28": [
         0.003887205384671688,
         -0.06089169159531593,
         0.15108871459960938
      ],
      "29": [
         0.004154527559876442,
         -0.06616464257240295,
         0.13812553882598877
      ],
      "30": [
         0.004455107729882002,
         -0.071652851998806,
         0.12960326671600342
      ],
      "31": [
         0.004432131536304951,
         -0.07896755635738373,
         0.11824822425842285
      ],
      "32": [
         -0.010007818229496479,
         -0.06003553792834282,
         0.10545682907104492
      ],
      "33": [
         -0.003968140576034784,
         -0.06497520208358765,
         0.10327160358428955
      ],
      "34": [
         0.004256749991327524,
         -0.0676778256893158,
         0.10270810127258301
      ],
      "35": [
         0.012257092632353306,
         -0.06477954983711243,
         0.10477149486541748
      ],
      "36": [
         0.018766388297080994,
         -0.0598578080534935,
         0.10770630836486816
      ],
      "37": [
         -0.035137683153152466,
         -0.044156432151794434,
         0.13981711864471436
      ],
      "38": [
         -0.029001139104366302,
         -0.053061045706272125,
         0.13886547088623047
      ],
      "39": [
         -0.01711641252040863,
         -0.053498998284339905,
         0.14017415046691895
      ],
      "40": [
         -0.009390302002429962,
         -0.04940624535083771,
         0.14031565189361572
      ],
      "41": [
         -0.016569726169109344,
         -0.05199257284402847,
         0.1383906602859497
      ],
      "42": [
         -0.028276633471250534,
         -0.050810202956199646,
         0.1368861198425293
      ],
      "43": [
         0.017494607716798782,
         -0.049474701285362244,
         0.14060497283935547
      ],
      "44": [
         0.025190100073814392,
         -0.052694760262966156,
         0.1410219669342041
      ],
      "45": [
         0.036143381148576736,
         -0.05196918547153473,
         0.14070475101470947
      ],
      "46": [
         0.04213261231780052,
         -0.043698690831661224,
         0.14155220985412598
      ],
      "47": [
         0.03559556230902672,
         -0.049960214644670486,
         0.1385517120361328
      ],
      "48": [
         0.02495056949555874,
         -0.05121096968650818,
         0.13913357257843018
      ],
      "49": [
         -0.019396089017391205,
         -0.05008313059806824,
         0.08455896377563477
      ],
      "50": [
         -0.01554086059331894,
         -0.06145569682121277,
         0.08704984188079834
      ],
      "51": [
         -0.006712649017572403,
         -0.06718125939369202,
         0.09033918380737305
      ],
      "52": [
         0.00482908682897687,
         -0.06951099634170532,
         0.08963418006896973
      ],
      "53": [
         0.0163151565939188,
         -0.06636691093444824,
         0.09049117565155029
      ],
      "54": [
         0.02449566125869751,
         -0.060016434639692307,
         0.08827352523803711
      ],
      "55": [
         0.028420602902770042,
         -0.05079861730337143,
         0.08647584915161133
      ],
      "56": [
         0.022991685196757317,
         -0.056799158453941345,
         0.08170247077941895
      ],
      "57": [
         0.014503833837807178,
         -0.06221148371696472,
         0.0775458812713623
      ],
      "58": [
         0.004062145948410034,
         -0.0639016255736351,
         0.07576429843902588
      ],
      "59": [
         -0.007000119425356388,
         -0.062410976737737656,
         0.07657730579376221
      ],
      "60": [
         -0.015180753543972969,
         -0.05724262818694115,
         0.08017516136169434
      ],
      "61": [
         -0.016692543402314186,
         -0.04870335012674332,
         0.08467233180999756
      ],
      "62": [
         -0.0051500229164958,
         -0.061343003064394,
         0.08399271965026855
      ],
      "63": [
         0.0038005851674824953,
         -0.06348516047000885,
         0.08340597152709961
      ],
      "64": [
         0.013497544452548027,
         -0.06182495132088661,
         0.08465242385864258
      ],
      "65": [
         0.02602175623178482,
         -0.0498659685254097,
         0.08652997016906738
      ],
      "66": [
         0.012709666043519974,
         -0.06125549599528313,
         0.08344149589538574
      ],
      "67": [
         0.0037057066801935434,
         -0.06256169080734253,
         0.0823143720626831
      ],
      "68": [
         -0.004589850082993507,
         -0.06044730544090271,
         0.08313775062561035
      ]
   },
   "keypoints_2d_coordinates": {
      "1": [
         54,
         29
      ],
      "2": [
         64,
         30
      ],
      "3": [
         74,
         31
      ],