{
   "version": "1.0.0",
   "identity_label": {
      "age": "adult",
      "ethnicity": "north_european",
      "gender": "female"
   },
   "center_of_rotation_point": {
      "2d": {
         "camera": {
            "right_eye": {
               "x": 39.050012648234265,
               "y": 45.996413695028984
            },
            "left_eye": {
               "x": 38.82508266420947,
               "y": 82.17667606682824
            }
         }
      },
      "3d": {
         "right_eye": {
            "x": -0.030524540692567825,
            "y": -0.048233356326818466,
            "z": 0.1623019576072693
         },
         "left_eye": {
            "x": 0.030805854126811028,
            "y": -0.04884539544582367,
            "z": 0.16266648471355438
         }
      }
   },
   "eyelid_closure_intensity_level": 4,
   "center_of_iris_point": {
      "2d": {
         "camera": {
            "right_eye": {
               "x": 39.12549691263419,
               "y": 43.62926337140856
            },
            "left_eye": {
               "x": 38.94026976329305,
               "y": 80.36868614319025
            }
         }
      },
      "3d": {
         "right_eye": {
            "x": -0.034334518015384674,
            "y": -0.05737444758415222,
            "z": 0.1619255393743515
         },
         "left_eye": {
            "x": 0.027573304250836372,
            "y": -0.05825946480035782,
            "z": 0.1622135043144226
         }
      }
   },
   "head_metadata": {
      "head_root_location": {
         "x": 0.0,
         "y": 0.0,
         "z": 0.0
      },
      "head_rotation": {
         "yaw": 0.0,
         "roll": 0.0,
         "pitch": 0.0
      },
      "head_six_dof": {
         "location": {
            "x": -0.0002889630850404501,
            "y": -0.07132107019424438,
            "z": 0.16985952854156494
         },
         "look_at_vector": {
            "x": 8.74227803627227e-08,
            "y": -0.9999999999999962,
            "z": 9.553428304548457e-16
         }
      }
   },
   "accessories": [],
   "center_of_pupil_point": {
      "2d": {
         "camera": {
            "right_eye": {
               "x": 39.12282741219552,
               "y": 43.716938177243414
            },
            "left_eye": {
               "x": 38.936165169876084,
               "y": 80.43554377558716
            }
         }
      },
      "3d": {
         "right_eye": {
            "x": -0.034194216132164,
            "y": -0.05703726410865784,
            "z": 0.16193920373916626
         },
         "left_eye": {
            "x": 0.027692170813679695,
            "y": -0.057911764830350876,
            "z": 0.16222994029521942
         }
      }
   },
   "face_expression": {
      "intensity_level": 2.838255912520416,
      "name": "happiness"
   },
   "facial_hair_included": false,
   "pupil_circle": {
      "2d": {
         "camera": {
            "right_eye": [
               {
                  "x": 37.52424478676053,
                  "y": 43.704358980066914
               },
               {
                  "x": 37.736537912029966,
                  "y": 44.4402715521625
               },
               {
                  "x": 38.32019762988945,
                  "y": 44.982461997218635
               },
               {
                  "x": 39.11943710654084,
                  "y": 45.185635345293214
               },
               {
                  "x": 39.91916690166952,
                  "y": 44.995114146146506
               },
               {
                  "x": 40.50523113739556,
                  "y": 44.462138279297555
               },
               {
                  "x": 40.72033248182716,
                  "y": 43.729684027952906
               },
               {
                  "x": 40.507395515366824,
                  "y": 42.994554110247165
               },
               {
                  "x": 39.923923071566,
                  "y": 42.45299661265311
               },
               {
                  "x": 39.125789553694425,
                  "y": 42.25020580094458
               },
               {
                  "x": 38.326546393465065,
                  "y": 42.44020919715078
               },
               {
                  "x": 37.740506269926215,
                  "y": 42.97252595475266
               }
            ],
            "left_eye": [
               {
                  "x": 37.32891881595232,
                  "y": 80.42091294906886
               },
               {
                  "x": 37.539608528213016,
                  "y": 81.19061578192456
               },
               {
                  "x": 38.12523148112023,
                  "y": 81.75840134910528
               },
               {
                  "x": 38.92819533643928,
                  "y": 81.97144075044459
               },
               {
                  "x": 39.73294648517308,
                  "y": 81.77303279397714
               },
               {
                  "x": 40.32368045519364,
                  "y": 81.215984282513
               },
               {
                  "x": 40.54274615430113,
                  "y": 80.45031165671449
               },
               {
                  "x": 40.330955528158235,
                  "y": 79.68104636847994
               },
               {
                  "x": 39.74585448954246,
                  "y": 79.11402399928438
               },
               {
                  "x": 38.94409234361796,
                  "y": 78.90122724787014
               },
               {
                  "x": 38.13984511332864,
                  "y": 79.09923186550557
               },
               {
                  "x": 37.54877265616887,
                  "y": 79.6554693825287
               }
            ]
         }
      },
      "3d": {
         "right_eye": [
            {
               "x": -0.03421315550804138,
               "y": -0.05713950842618942,
               "z": 0.1646312177181244
            },
            {
               "x": -0.032961782068014145,
               "y": -0.05764565244317055,
               "z": 0.16425882279872894
            },
            {
               "x": -0.03204094618558884,
               "y": -0.05798947066068649,
               "z": 0.16326560080051422
            },
            {
               "x": -0.031696829944849014,
               "y": -0.058077406138181686,
               "z": 0.16191664338111877
            },
            {
               "x": -0.03202175348997116,
               "y": -0.05788719281554222,
               "z": 0.16057433187961578
            },
            {
               "x": -0.0329287126660347,
               "y": -0.05746857449412346,
               "z": 0.15959760546684265
            },
            {
               "x": -0.03417499363422394,
               "y": -0.056934989988803864,
               "z": 0.15924865007400513
            },
            {
               "x": -0.03542603552341461,
               "y": -0.05642779916524887,
               "z": 0.15962067246437073
            },
            {
               "x": -0.03634748235344887,
               "y": -0.056083694100379944,
               "z": 0.1606137603521347
            },
            {
               "x": -0.03669166564941406,
               "y": -0.055995453149080276,
               "z": 0.16196252405643463
            },
            {
               "x": -0.03636664152145386,
               "y": -0.05618607997894287,
               "z": 0.16330549120903015
            },
            {
               "x": -0.035459116101264954,
               "y": -0.056604962795972824,
               "z": 0.16428199410438538
            }
         ],
         "left_eye": [
            {
               "x": 0.02766534872353077,
               "y": -0.05803275108337402,
               "z": 0.1649344563484192
            },
            {
               "x": 0.028954120352864265,