{
   "hands": {
      "right": {
         "finger": {
            "thumb": {
               "ip": {
                  "global_3d": {
                     "x": 0.14386886464697973,
                     "y": 1.162423048700605,
                     "z": 1.0145472926752908
                  },
                  "pixel_2d": {
                     "x": 198,
                     "y": 384
                  }
               },
               "cmc": {
                  "global_3d": {
                     "x": 0.15791679918766022,
                     "y": 1.1381557534138362,
                     "z": 0.9939639965693156
                  },
                  "pixel_2d": {
                     "x": 214,
                     "y": 360
                  }
               },
               "tip": {
                  "global_3d": {
                     "x": 0.13619941307438743,
                     "y": 1.183851871225569,
                     "z": 1.0268714725971222
                  },
                  "pixel_2d": {
                     "x": 188,
                     "y": 403
                  }
               },
               "mcp": {
                  "global_3d": {
                     "x": 0.15265123918652534,
                     "y": 1.1480402797460556,
                     "z": 1.0032192741831143
                  },
                  "pixel_2d": {
                     "x": 207,
                     "y": 370
                  }
               }
            },
            "middle": {
               "mcp": {
                  "global_3d": {
                     "x": 0.2148377150297165,
                     "y": 1.1868226776520412,
                     "z": 0.9925603543718656
                  },
                  "pixel_2d": {
                     "x": 223,
                     "y": 369
                  }
               },
               "pip": {
                  "global_3d": {
                     "x": 0.20278024886335647,
                     "y": 1.2169749992234367,
                     "z": 0.9904093103749412
                  },
                  "pixel_2d": {
                     "x": 226,
                     "y": 400
                  }
               },
               "dip": {
                  "global_3d": {
                     "x": 0.18449125119618007,
                     "y": 1.2195987233093806,
                     "z": 0.976605970944677
                  },
                  "pixel_2d": {
                     "x": 238,
                     "y": 411
                  }
               },
               "tip": {
                  "global_3d": {
                     "x": 0.17103069523970285,
                     "y": 1.2111058566305373,
                     "z": 0.9639837460385429
                  },
                  "pixel_2d": {
                     "x": 247,
                     "y": 410
                  }
               }
            },
            "ring": {
               "mcp": {
                  "global_3d": {
                     "x": 0.22874827682971954,
                     "y": 1.1836419353882472,
                     "z": 0.9768977190057436
                  },
                  "pixel_2d": {
                     "x": 238,
                     "y": 359
                  }
               },
               "pip": {
                  "global_3d": {
                     "x": 0.21617434280259268,
                     "y": 1.2060299217700958,
                     "z": 0.9728833138942719
                  },
                  "pixel_2d": {
                     "x": 243,
                     "y": 384
                  }
               },
               "dip": {
                  "global_3d": {
                     "x": 0.1979770404951913,
                     "y": 1.2120304277965002,
                     "z": 0.9629148244857788
                  },
                  "pixel_2d": {
                     "x": 251,
                     "y": 399
                  }
               },
               "tip": {
                  "global_3d": {
                     "x": 0.1821944316228231,
                     "y": 1.2060433129469554,
                     "z": 0.9541453321774801
                  },
                  "pixel_2d": {
                     "x": 257,
                     "y": 401
                  }
               }
            },
            "index": {
               "mcp": {
                  "global_3d": {
                     "x": 0.19449815402428308,
                     "y": 1.1831200867891312,
                     "z": 1.0026985928416252
                  },
                  "pixel_2d": {
                     "x": 212,
                     "y": 376
                  }
               },
               "pip": {
                  "global_3d": {
                     "x": 0.1878549690757479,
                     "y": 1.21376205767904,
                     "z": 1.00704645046166
                  },
                  "pixel_2d": {
                     "x": 209,
                     "y": 404
                  }
               },
               "dip": {
                  "global_3d": {
                     "x": 0.17248214781284332,
                     "y": 1.2227841743401118,
                     "z": 0.9944833921534675
                  },
                  "pixel_2d": {
                     "x": 221,
                     "y": 419
                  }
               },
               "tip": {
                  "global_3d": {
                     "x": 0.1621739599439833,
                     "y": 1.2218059334490035,
                     "z": 0.9798697763019137
                  },
                  "pixel_2d": {
                     "x": 233,
                     "y": 423
                  }
               }
            },
            "pinky": {
               "mcp": {
                  "global_3d": {
                     "x": 0.2422562912106514,
                     "y": 1.1740417232116063,
                     "z": 0.9600079034765562
                  },
                  "pixel_2d": {
                     "x": 255,
                     "y": 345
                  }
               },
               "pip": {
                  "global_3d": {
                     "x": 0.22955653497150966,
                     "y": 1.1895315902573722,
                     "z": 0.9579514669520515
                  },
                  "pixel_2d": {
                     "x": 257,
                     "y": 364
                  }
               },
               "dip": {
                  "global_3d": {
                     "x": 0.2178992352315358,
                     "y": 1.1992752381733485,
                     "z": 0.9514676353761128
                  },
                  "pixel_2d": {
                     "x": 263,
                     "y": 378
                  }
               },
               "tip": {
                  "global_3d": {
                     "x": 0.2011654343869951,
                     "y": 1.1972143583827548,
                     "z": 0.9433864139848285
                  },
                  "pixel_2d": {
                     "x": 268,
                     "y": 385
                  }
               }
            }
         },
         "wrist": {
            "global_3d": {
               "x": 0.19935492798686028,
               "y": 1.0876371090610821,
               "z": 0.9437122903764248
            },
            "pixel_2d": {
               "x": 254,
               "y": 307
            }
         }
      },
      "left": {
         "finger": {
            "thumb": {
               "ip": {
                  "global_3d": {
                     "x": -0.026444034917013987,
                     "y": 1.1644392098699297,
                     "z": 0.9875399002007076
                  },
                  "pixel_2d": {
                     "x": 211,
                     "y": 448
                  }
               },
               "cmc": {
                  "global_3d": {
                     "x": -0.04848647862672806,