{
   "keypoints_3d_coordinates": {
      "1": [
         -0.06687883287668228,
         0.02163200080394745,
         0.13666272163391113
      ],
      "2": [
         -0.06428840011358261,
         0.017918210476636887,
         0.11797261238098145
      ],
      "3": [
         -0.061459798365831375,
         0.017206013202667236,
         0.09936761856079102
      ],
      "4": [
         -0.05837167426943779,
         0.014524780213832855,
         0.07947015762329102
      ],
      "5": [
         -0.05390118062496185,
         0.006806550547480583,
         0.06463420391082764
      ],
      "6": [
         -0.04740004986524582,
         -0.008734934963285923,
         0.05543720722198486
      ],
      "7": [
         -0.0370643325150013,
         -0.020418105646967888,
         0.04635608196258545
      ],
      "8": [
         -0.02495470643043518,
         -0.03337067738175392,
         0.038564085960388184
      ],
      "9": [
         -0.0012111703399568796,
         -0.041878990828990936,
         0.03302597999572754
      ],
      "10": [
         0.023358575999736786,
         -0.03414001315832138,
         0.03872978687286377
      ],
      "11": [
         0.03594811260700226,
         -0.021151447668671608,
         0.0462726354598999
      ],
      "12": [
         0.047402456402778625,
         -0.009308245964348316,
         0.05496406555175781
      ],
      "13": [
         0.054541777819395065,
         0.006401222199201584,
         0.06388545036315918
      ],
      "14": [
         0.05905253067612648,
         0.01471542939543724,
         0.0787726640701294
      ],
      "15": [
         0.06334923207759857,
         0.017881736159324646,
         0.09888410568237305
      ],
      "16": [
         0.06545037776231766,
         0.019056148827075958,
         0.11758434772491455
      ],
      "17": [
         0.06716997921466827,
         0.0233488567173481,
         0.136796236038208
      ],
      "18": [
         -0.04358407109975815,
         -0.034232236444950104,
         0.15495824813842773
      ],
      "19": [
         -0.04048246890306473,
         -0.03598523512482643,
         0.15860259532928467
      ],
      "20": [
         -0.03256016969680786,
         -0.04067463427782059,
         0.15960228443145752
      ],
      "21": [
         -0.024054070934653282,
         -0.04403683543205261,
         0.15795481204986572
      ],
      "22": [
         -0.014313671737909317,
         -0.04681213200092316,
         0.15481460094451904
      ],
      "23": [
         0.015642927959561348,
         -0.047369033098220825,
         0.1548846960067749
      ],
      "24": [
         0.025717727839946747,
         -0.04443713277578354,
         0.15798461437225342
      ],
      "25": [
         0.03452853113412857,
         -0.04001763463020325,
         0.1598421335220337
      ],
      "26": [
         0.04240413010120392,
         -0.03508083522319794,
         0.15915262699127197
      ],
      "27": [
         0.044874727725982666,
         -0.0329696349799633,
         0.1554582118988037
      ],
      "28": [
         0.00012629741104319692,
         -0.04735641926527023,
         0.14695286750793457
      ],
      "29": [
         -0.000596214784309268,
         -0.05208643153309822,
         0.1372671127319336
      ],
      "30": [
         -0.0009419226553291082,
         -0.05903284251689911,
         0.1281353235244751
      ],
      "31": [
         -0.0012651104480028152,
         -0.06904064863920212,
         0.11466586589813232
      ],
      "32": [
         -0.013886641710996628,
         -0.04708120971918106,
         0.10033631324768066
      ],
      "33": [
         -0.008354448713362217,
         -0.05233224108815193,
         0.09952616691589355
      ],
      "34": [
         -0.001115121878683567,
         -0.05600930005311966,
         0.09926187992095947
      ],
      "35": [
         0.005636458285152912,
         -0.05308373644948006,
         0.09974002838134766
      ],
      "36": [
         0.011502623558044434,
         -0.04762481153011322,
         0.10039019584655762
      ],
      "37": [
         -0.040139783173799515,
         -0.02459917590022087,
         0.1426452398300171
      ],
      "38": [
         -0.03268656134605408,
         -0.0322653129696846,
         0.14729654788970947
      ],
      "39": [
         -0.02468886226415634,
         -0.03197706490755081,
         0.14660990238189697
      ],
      "40": [
         -0.01749506965279579,
         -0.031054716557264328,
         0.13991713523864746
      ],
      "41": [
         -0.02540103904902935,
         -0.0324765183031559,
         0.1386110782623291
      ],
      "42": [
         -0.03359261155128479,
         -0.03154458850622177,
         0.1383148431777954
      ],
      "43": [
         0.017878007143735886,
         -0.03108517825603485,
         0.14030969142913818
      ],
      "44": [
         0.02627762407064438,
         -0.03227321803569794,
         0.14652502536773682
      ],
      "45": [
         0.03458098694682121,
         -0.031940191984176636,
         0.146895170211792
      ],
      "46": [
         0.04074455425143242,
         -0.025183910503983498,
         0.14271986484527588
      ],
      "47": [
         0.03445776179432869,
         -0.03140845522284508,
         0.13832628726959229
      ],
      "48": [
         0.02663606032729149,
         -0.03259555622935295,
         0.1384953260421753
      ],
      "49": [
         -0.02156429924070835,
         -0.042599763721227646,
         0.07301652431488037
      ],
      "50": [
         -0.016194626688957214,
         -0.05016695708036423,
         0.07947111129760742
      ],
      "51": [
         -0.009948836639523506,
         -0.05609926953911781,
         0.08422553539276123
      ],
      "52": [
         -0.0014543025754392147,
         -0.058476563543081284,
         0.08343946933746338
      ],
      "53": [
         0.006582178175449371,
         -0.057315219193696976,
         0.08404958248138428
      ],
      "54": [
         0.013032645918428898,
         -0.05282808095216751,
         0.07948505878448486
      ],
      "55": [
         0.019013820216059685,
         -0.0439947284758091,
         0.07316434383392334
      ],
      "56": [
         0.013407585211098194,
         -0.048786960542201996,
         0.06644070148468018
      ],
      "57": [
         0.006388045381754637,
         -0.05184845253825188,
         0.06105995178222656
      ],
      "58": [
         -0.0016784043982625008,
         -0.052202243357896805,
         0.05956292152404785
      ],
      "59": [
         -0.01043066568672657,
         -0.05131147429347038,
         0.06139993667602539
      ],
      "60": [
         -0.01705295592546463,
         -0.047090426087379456,
         0.06659924983978271
      ],
      "61": [
         -0.019532451406121254,
         -0.0422123521566391,
         0.07440054416656494
      ],
      "62": [
         -0.007781090214848518,
         -0.05236713960766792,
         0.07997369766235352
      ],
      "63": [
         -0.0016305986791849136,
         -0.054032161831855774,
         0.08003032207489014
      ],
      "64": [
         0.004446804989129305,
         -0.054113585501909256,
         0.08009827136993408
      ],
      "65": [
         0.016210364177823067,
         -0.044580984860658646,
         0.07459735870361328
      ],
      "66": [
         0.004520363174378872,
         -0.05055619031190872,
         0.0670548677444458
      ],
      "67": [
         -0.0016162502579391003,
         -0.05070846900343895,
         0.06595957279205322
      ],
      "68": [
         -0.008435964584350586,
         -0.049304746091365814,
         0.06721556186676025
      ]
   },
   "keypoints_2d_coordinates": {
      "1": [
         55,
         26
      ],
      "2": [
         65,
         28
      ],
      "3": [
         76,
         29
      ],