{
   "keypoints_3d_coordinates": {
      "1": [
         -0.07174396514892578,
         0.032881565392017365,
         0.14764404296875
      ],
      "2": [
         -0.07118599116802216,
         0.028762027621269226,
         0.12855279445648193
      ],
      "3": [
         -0.06904476881027222,
         0.027581866830587387,
         0.10943436622619629
      ],
      "4": [
         -0.06423979252576828,
         0.02374516800045967,
         0.08757138252258301
      ],
      "5": [
         -0.05689651146531105,
         0.014597559347748756,
         0.07141447067260742
      ],
      "6": [
         -0.04789908975362778,
         -0.00115972850471735,
         0.06101429462432861
      ],
      "7": [
         -0.03616945445537567,
         -0.013375798240303993,
         0.04991471767425537
      ],
      "8": [
         -0.02360641397535801,
         -0.025526510551571846,
         0.039148926734924316
      ],
      "9": [
         0.0016968527343124151,
         -0.03248266130685806,
         0.029436230659484863
      ],
      "10": [
         0.026987243443727493,
         -0.0251967441290617,
         0.039270997047424316
      ],
      "11": [
         0.0399981252849102,
         -0.013132148422300816,
         0.04967939853668213
      ],
      "12": [
         0.05157023295760155,
         -0.0005073901265859604,
         0.06080961227416992
      ],
      "13": [
         0.059973910450935364,
         0.015157883986830711,
         0.07159316539764404
      ],
      "14": [
         0.06684812903404236,
         0.02400999143719673,
         0.08806705474853516
      ],
      "15": [
         0.07108166068792343,
         0.02711404860019684,
         0.1108400821685791
      ],
      "16": [
         0.07208535820245743,
         0.028899304568767548,
         0.13042187690734863
      ],
      "17": [
         0.07143142074346542,
         0.03365209326148033,
         0.14968478679656982
      ],
      "18": [
         -0.04697415605187416,
         -0.025141295045614243,
         0.16684174537658691
      ],
      "19": [
         -0.043812356889247894,
         -0.027029793709516525,
         0.17131078243255615
      ],
      "20": [
         -0.0352354571223259,
         -0.032039493322372437,
         0.17297983169555664
      ],
      "21": [
         -0.025731556117534637,
         -0.03604159504175186,
         0.17198479175567627
      ],
      "22": [
         -0.01482955552637577,
         -0.037873394787311554,
         0.16922485828399658
      ],
      "23": [
         0.016278743743896484,
         -0.03780439496040344,
         0.1697847843170166
      ],
      "24": [
         0.027352843433618546,
         -0.03541999310255051,
         0.17288482189178467
      ],
      "25": [
         0.036806244403123856,
         -0.031524792313575745,
         0.17449986934661865
      ],
      "26": [
         0.04545764625072479,
         -0.026903994381427765,
         0.17372071743011475
      ],
      "27": [
         0.048599742352962494,
         -0.024959392845630646,
         0.1694117784500122
      ],
      "28": [
         0.0006871595978736877,
         -0.03738304227590561,
         0.1608266830444336
      ],
      "29": [
         0.0009597822790965438,
         -0.04244108498096466,
         0.1498124599456787
      ],
      "30": [
         0.001071245176717639,
         -0.05023173242807388,
         0.14094507694244385
      ],
      "31": [
         0.0010361726162955165,
         -0.06073635444045067,
         0.12951195240020752
      ],
      "32": [
         -0.014051200821995735,
         -0.04189375042915344,
         0.11070477962493896
      ],
      "33": [
         -0.00713267270475626,
         -0.04753899201750755,
         0.111136794090271
      ],
      "34": [
         0.0017008583527058363,
         -0.05058707669377327,
         0.11164867877960205
      ],
      "35": [
         0.01039868500083685,
         -0.04727873206138611,
         0.11143505573272705
      ],
      "36": [
         0.017531389370560646,
         -0.04175947606563568,
         0.11143910884857178
      ],
      "37": [
         -0.043282706290483475,
         -0.018875274807214737,
         0.15131604671478271
      ],
      "38": [
         -0.03590492904186249,
         -0.028492100536823273,
         0.15186190605163574
      ],
      "39": [
         -0.025727109983563423,
         -0.028412137180566788,
         0.15223097801208496
      ],
      "40": [
         -0.01739880070090294,
         -0.02520657703280449,
         0.1506103277206421
      ],
      "41": [
         -0.025044670328497887,
         -0.0272006057202816,
         0.1488182544708252
      ],
      "42": [
         -0.03550232574343681,
         -0.026062171906232834,
         0.14770746231079102
      ],
      "43": [
         0.01983843371272087,
         -0.02565010078251362,
         0.15158867835998535
      ],
      "44": [
         0.028440121561288834,
         -0.028977015987038612,
         0.1531909704208374
      ],
      "45": [
         0.0388447605073452,
         -0.028544945642352104,
         0.1530550718307495
      ],
      "46": [
         0.04512902349233627,
         -0.0188974030315876,
         0.1530236005783081
      ],
      "47": [
         0.03829978033900261,
         -0.025594297796487808,
         0.1491692066192627
      ],
      "48": [
         0.028254814445972443,
         -0.027303636074066162,
         0.1497420072555542
      ],
      "49": [
         -0.01991129480302334,
         -0.042300499975681305,
         0.07684719562530518
      ],
      "50": [
         -0.015367785468697548,
         -0.04976842924952507,
         0.08863651752471924
      ],
      "51": [
         -0.008470290340483189,
         -0.055150728672742844,
         0.09782040119171143
      ],
      "52": [
         0.002215262036770582,
         -0.05753454193472862,
         0.09817004203796387
      ],
      "53": [
         0.012668473646044731,
         -0.05450505018234253,
         0.09782540798187256
      ],
      "54": [
         0.01964055560529232,
         -0.04915642365813255,
         0.08874368667602539
      ],
      "55": [
         0.023158594965934753,
         -0.04288085550069809,
         0.07752335071563721
      ],
      "56": [
         0.020687544718384743,
         -0.04478370398283005,
         0.06678986549377441
      ],
      "57": [
         0.013065512292087078,
         -0.047788504511117935,
         0.058208465576171875
      ],
      "58": [
         0.00216439226642251,
         -0.04889562726020813,
         0.055742740631103516
      ],
      "59": [
         -0.008477315306663513,
         -0.048502158373594284,
         0.05817878246307373
      ],
      "60": [
         -0.016364358365535736,
         -0.045392103493213654,
         0.06657862663269043
      ],
      "61": [
         -0.017891768366098404,
         -0.040996648371219635,
         0.07802379131317139
      ],
      "62": [
         -0.00570632005110383,
         -0.05146554857492447,
         0.09001564979553223
      ],
      "63": [
         0.002054779091849923,
         -0.051958758383989334,
         0.09120833873748779
      ],
      "64": [
         0.010772579349577427,
         -0.0511200949549675,
         0.09029018878936768
      ],
      "65": [
         0.021378792822360992,
         -0.04094521701335907,
         0.07874631881713867
      ],
      "66": [
         0.011092809960246086,
         -0.04535219073295593,
         0.06617617607116699
      ],
      "67": [
         0.0020806374959647655,
         -0.046567048877477646,
         0.06476855278015137
      ],
      "68": [
         -0.006838854402303696,
         -0.046287715435028076,
         0.06614172458648682
      ]
   },
   "keypoints_2d_coordinates": {
      "1": [
         49,
         24
      ],
      "2": [
         59,
         24
      ],
      "3": [
         70,
         25
      ],