{
   "keypoints_3d_coordinates": {
      "1": [
         -0.06584013253450394,
         -0.005849409848451614,
         0.140641450881958
      ],
      "2": [
         -0.06324558705091476,
         -0.008644532412290573,
         0.12169134616851807
      ],
      "3": [
         -0.06025112792849541,
         -0.00573449581861496,
         0.10317361354827881
      ],
      "4": [
         -0.055685386061668396,
         -0.005649559199810028,
         0.08432912826538086
      ],
      "5": [
         -0.04894394800066948,
         -0.012916754931211472,
         0.07008421421051025
      ],
      "6": [
         -0.04277310147881508,
         -0.028699833899736404,
         0.06078803539276123
      ],
      "7": [
         -0.033925171941518784,
         -0.03961002454161644,
         0.053369998931884766
      ],
      "8": [
         -0.023126717656850815,
         -0.051454488188028336,
         0.049375295639038086
      ],
      "9": [
         0.0005401634844020009,
         -0.06080932170152664,
         0.042340874671936035
      ],
      "10": [
         0.024230262264609337,
         -0.05182669311761856,
         0.04957449436187744
      ],
      "11": [
         0.03508588299155235,
         -0.040130168199539185,
         0.053413987159729004
      ],
      "12": [
         0.04437543451786041,
         -0.029665976762771606,
         0.06029558181762695
      ],
      "13": [
         0.05106886476278305,
         -0.014418456703424454,
         0.06952345371246338
      ],
      "14": [
         0.05806516855955124,
         -0.008194882422685623,
         0.08384335041046143
      ],
      "15": [
         0.06267398595809937,
         -0.008669491857290268,
         0.10338699817657471
      ],
      "16": [
         0.06510025262832642,
         -0.011397100985050201,
         0.12158524990081787
      ],
      "17": [
         0.067937470972538,
         -0.0090441033244133,
         0.140938401222229
      ],
      "18": [
         -0.04820908606052399,
         -0.06023009121417999,
         0.15457308292388916
      ],
      "19": [
         -0.04549228772521019,
         -0.06439739465713501,
         0.1565389633178711
      ],
      "20": [
         -0.037875086069107056,
         -0.07136579602956772,
         0.15861213207244873
      ],
      "21": [
         -0.029151786118745804,
         -0.07687069475650787,
         0.1586669683456421
      ],
      "22": [
         -0.018311386927962303,
         -0.08098949491977692,
         0.15660405158996582
      ],
      "23": [
         0.017899811267852783,
         -0.08123829960823059,
         0.15266013145446777
      ],
      "24": [
         0.02863551303744316,
         -0.077873095870018,
         0.1551131010055542
      ],
      "25": [
         0.03674861416220665,
         -0.07310299575328827,
         0.15558505058288574
      ],
      "26": [
         0.04432731121778488,
         -0.06649479269981384,
         0.15400516986846924
      ],
      "27": [
         0.047508109360933304,
         -0.06251949071884155,
         0.15225207805633545
      ],
      "28": [
         6.696410127915442e-05,
         -0.07933742552995682,
         0.1433415412902832
      ],
      "29": [
         0.00030329174478538334,
         -0.08443818986415863,
         0.13058507442474365
      ],
      "30": [
         0.00048431174946017563,
         -0.0888216495513916,
         0.12295198440551758
      ],
      "31": [
         0.0006887023337185383,
         -0.09570212662220001,
         0.11050617694854736
      ],
      "32": [
         -0.015541840344667435,
         -0.0752810463309288,
         0.10070657730102539
      ],
      "33": [
         -0.00847659818828106,
         -0.08022937923669815,
         0.09752607345581055
      ],
      "34": [
         0.0006105208303779364,
         -0.08306538313627243,
         0.09612762928009033
      ],
      "35": [
         0.010014419443905354,
         -0.08011389523744583,
         0.09987950325012207
      ],
      "36": [
         0.017565065994858742,
         -0.07497306168079376,
         0.1044081449508667
      ],
      "37": [
         -0.03972827270627022,
         -0.060392990708351135,
         0.13493990898132324
      ],
      "38": [
         -0.033431243151426315,
         -0.06733766198158264,
         0.13075947761535645
      ],
      "39": [
         -0.023453768342733383,
         -0.06840209662914276,
         0.1315709352493286
      ],
      "40": [
         -0.01622072607278824,
         -0.06560787558555603,
         0.1341688632965088
      ],
      "41": [
         -0.0233477596193552,
         -0.06759917736053467,
         0.13171660900115967
      ],
      "42": [
         -0.03332698345184326,
         -0.06626028567552567,
         0.1309359073638916
      ],
      "43": [
         0.015982871875166893,
         -0.065681591629982,
         0.1344757080078125
      ],
      "44": [
         0.02375970035791397,
         -0.06874648481607437,
         0.13170933723449707
      ],
      "45": [
         0.033935774117708206,
         -0.06788071990013123,
         0.13092589378356934
      ],
      "46": [
         0.0398155115544796,
         -0.061483874917030334,
         0.13461601734161377
      ],
      "47": [
         0.03330077975988388,
         -0.06651336699724197,
         0.13139033317565918
      ],
      "48": [
         0.023139724507927895,
         -0.0675407126545906,
         0.13214421272277832
      ],
      "49": [
         -0.02528095245361328,
         -0.062034253031015396,
         0.08108532428741455
      ],
      "50": [
         -0.02066679112613201,
         -0.07521726191043854,
         0.08154451847076416
      ],
      "51": [
         -0.010340812616050243,
         -0.08122944831848145,
         0.08312487602233887
      ],
      "52": [
         0.0019146180711686611,
         -0.08226629346609116,
         0.08244729042053223
      ],
      "53": [
         0.013745826669037342,
         -0.0797334685921669,
         0.08418798446655273
      ],
      "54": [
         0.023318136110901833,
         -0.0719672292470932,
         0.08387672901153564
      ],
      "55": [
         0.028825238347053528,
         -0.0613522008061409,
         0.08440566062927246
      ],
      "56": [
         0.021326282992959023,
         -0.06883010268211365,
         0.08058309555053711
      ],
      "57": [
         0.012137822806835175,
         -0.07540366053581238,
         0.0771644115447998
      ],
      "58": [
         0.0015372426714748144,
         -0.07807378470897675,
         0.07566606998443604
      ],
      "59": [
         -0.01068999245762825,
         -0.07691711187362671,
         0.07543933391571045
      ],
      "60": [
         -0.02017829567193985,
         -0.0710405558347702,
         0.07774734497070312
      ],
      "61": [
         -0.021693537011742592,
         -0.06022137403488159,
         0.08133959770202637
      ],
      "62": [
         -0.009250171482563019,
         -0.0742567777633667,
         0.08009827136993408
      ],
      "63": [
         0.0011735992738977075,
         -0.07680793106555939,
         0.07982909679412842
      ],
      "64": [
         0.011980170384049416,
         -0.07403768599033356,
         0.08102202415466309
      ],
      "65": [
         0.026067722588777542,
         -0.060877010226249695,
         0.08439350128173828
      ],
      "66": [
         0.011281856335699558,
         -0.07289253175258636,
         0.0803365707397461
      ],
      "67": [
         0.0012720265658572316,
         -0.07545417547225952,
         0.0792931318283081
      ],
      "68": [
         -0.0086098313331604,
         -0.07283033430576324,
         0.08002865314483643
      ]
   },
   "keypoints_2d_coordinates": {
      "1": [
         52,
         26
      ],
      "2": [
         63,
         28
      ],
      "3": [
         74,
         29
      ],
      "4": [
         84,
         32
      ],