{
   "keypoints_3d_coordinates": {
      "1": [
         -0.06833392381668091,
         0.018484152853488922,
         0.1520005464553833
      ],
      "2": [
         -0.06787695735692978,
         0.014688555151224136,
         0.13178610801696777
      ],
      "3": [
         -0.0685872808098793,
         0.014222070574760437,
         0.11147356033325195
      ],
      "4": [
         -0.06615335494279861,
         0.01133837178349495,
         0.08885705471038818
      ],
      "5": [
         -0.05935849994421005,
         0.0016691889613866806,
         0.0729445219039917
      ],
      "6": [
         -0.05068506672978401,
         -0.01718934252858162,
         0.06494545936584473
      ],
      "7": [
         -0.03942592814564705,
         -0.03029090352356434,
         0.05754268169403076
      ],
      "8": [
         -0.025442320853471756,
         -0.04593115299940109,
         0.054023027420043945
      ],
      "9": [
         -0.0005229395464994013,
         -0.05827914923429489,
         0.04990065097808838
      ],
      "10": [
         0.024775303900241852,
         -0.04641544818878174,
         0.05409443378448486
      ],
      "11": [
         0.03860382363200188,
         -0.030505042523145676,
         0.05744349956512451
      ],
      "12": [
         0.04992980882525444,
         -0.01698651909828186,
         0.06467759609222412
      ],
      "13": [
         0.059561837464571,
         0.0018133651465177536,
         0.0724344253540039
      ],
      "14": [
         0.06697521358728409,
         0.011367186903953552,
         0.08824121952056885
      ],
      "15": [
         0.06944000720977783,
         0.01394195482134819,
         0.11128950119018555
      ],
      "16": [
         0.06777284294366837,
         0.013946201652288437,
         0.13110506534576416
      ],
      "17": [
         0.06776566058397293,
         0.017529774457216263,
         0.15194296836853027
      ],
      "18": [
         -0.04281208664178848,
         -0.04365488514304161,
         0.16577637195587158
      ],
      "19": [
         -0.03972898796200752,
         -0.04549618810415268,
         0.16948401927947998
      ],
      "20": [
         -0.03249688819050789,
         -0.050527237355709076,
         0.1698209047317505
      ],
      "21": [
         -0.02366923727095127,
         -0.05437658727169037,
         0.16846656799316406
      ],
      "22": [
         -0.013621488586068153,
         -0.0559801384806633,
         0.16576528549194336
      ],
      "23": [
         0.011300360783934593,
         -0.05678003653883934,
         0.1650712490081787
      ],
      "24": [
         0.021114960312843323,
         -0.05486403405666351,
         0.16776001453399658
      ],
      "25": [
         0.030105412006378174,
         -0.05107153579592705,
         0.16896629333496094
      ],
      "26": [
         0.03823686018586159,
         -0.04588353633880615,
         0.16823554039001465
      ],
      "27": [
         0.04117701202630997,
         -0.04410698637366295,
         0.16443955898284912
      ],
      "28": [
         -0.000618647551164031,
         -0.05644433945417404,
         0.15848267078399658
      ],
      "29": [
         -0.0008204467594623566,
         -0.06298897415399551,
         0.14844083786010742
      ],
      "30": [
         -0.0008152079535648227,
         -0.06936078518629074,
         0.13935530185699463
      ],
      "31": [
         -0.0011335443705320358,
         -0.07789537310600281,
         0.1255427598953247
      ],
      "32": [
         -0.01659809611737728,
         -0.05453252047300339,
         0.11502039432525635
      ],
      "33": [
         -0.009685828350484371,
         -0.060964200645685196,
         0.11219668388366699
      ],
      "34": [
         -0.001114202430471778,
         -0.06477253884077072,
         0.11048412322998047
      ],
      "35": [
         0.006805633660405874,
         -0.06121787801384926,
         0.11275982856750488
      ],
      "36": [
         0.013804597780108452,
         -0.05573607236146927,
         0.11451947689056396
      ],
      "37": [
         -0.03765902668237686,
         -0.03733508661389351,
         0.15331768989562988
      ],
      "38": [
         -0.03132907301187515,
         -0.04486990347504616,
         0.15838944911956787
      ],
      "39": [
         -0.022385133430361748,
         -0.04462800547480583,
         0.15906906127929688
      ],
      "40": [
         -0.014492729678750038,
         -0.04151711240410805,
         0.15251648426055908
      ],
      "41": [
         -0.022275926545262337,
         -0.0439886637032032,
         0.1505206823348999
      ],
      "42": [
         -0.031242527067661285,
         -0.04354187473654747,
         0.14977455139160156
      ],
      "43": [
         0.012950710020959377,
         -0.04207833111286163,
         0.15222740173339844
      ],
      "44": [
         0.021042710170149803,
         -0.04496457427740097,
         0.15818572044372559
      ],
      "45": [
         0.030010979622602463,
         -0.04476145654916763,
         0.15828156471252441
      ],
      "46": [
         0.03667985275387764,
         -0.03806355223059654,
         0.15327632427215576
      ],
      "47": [
         0.03093656897544861,
         -0.044169723987579346,
         0.15010285377502441
      ],
      "48": [
         0.021076209843158722,
         -0.04486833140254021,
         0.14996778964996338
      ],
      "49": [
         -0.024030454456806183,
         -0.0495576448738575,
         0.09065866470336914
      ],
      "50": [
         -0.018789848312735558,
         -0.05917613208293915,
         0.09369492530822754
      ],
      "51": [
         -0.011292579583823681,
         -0.06414195895195007,
         0.09745311737060547
      ],
      "52": [
         -0.0014462561812251806,
         -0.06647682189941406,
         0.09640347957611084
      ],
      "53": [
         0.00864072609692812,
         -0.06510895490646362,
         0.09702074527740479
      ],
      "54": [
         0.01662597246468067,
         -0.06013480946421623,
         0.09394621849060059
      ],
      "55": [
         0.02236284129321575,
         -0.04969929903745651,
         0.09046280384063721
      ],
      "56": [
         0.015745995566248894,
         -0.05804718658328056,
         0.08745169639587402
      ],
      "57": [
         0.007962496019899845,
         -0.06428908556699753,
         0.08616280555725098
      ],
      "58": [
         -0.001147228293120861,
         -0.06618620455265045,
         0.08635938167572021
      ],
      "59": [
         -0.010473566129803658,
         -0.06414349377155304,
         0.08657002449035645
      ],
      "60": [
         -0.018357744440436363,
         -0.05747528374195099,
         0.08812463283538818
      ],
      "61": [
         -0.021615562960505486,
         -0.049333058297634125,
         0.09192967414855957
      ],
      "62": [
         -0.009388761594891548,
         -0.06082388386130333,
         0.09243106842041016
      ],
      "63": [
         -0.0013526733964681625,
         -0.06291300058364868,
         0.09180176258087158
      ],
      "64": [
         0.007178056985139847,
         -0.06183815374970436,
         0.09205150604248047
      ],
      "65": [
         0.019603431224822998,
         -0.05049974471330643,
         0.0909109115600586
      ],
      "66": [
         0.006623425055295229,
         -0.060597289353609085,
         0.09120070934295654
      ],
      "67": [
         -0.0015434293309226632,
         -0.06175646930932999,
         0.09094011783599854
      ],
      "68": [
         -0.00942375510931015,
         -0.06015591695904732,
         0.0916677713394165
      ]
   },
   "keypoints_2d_coordinates": {
      "1": [
         46,
         25
      ],
      "2": [
         57,
         26
      ],
      "3": [
         69,
         25
      ],