{
   "keypoints_3d_coordinates": {
      "1": [
         -0.07619111984968185,
         0.028782591223716736,
         0.15235960483551025
      ],
      "2": [
         -0.07459262758493423,
         0.023540500551462173,
         0.13220548629760742
      ],
      "3": [
         -0.07426635921001434,
         0.021686654537916183,
         0.11216151714324951
      ],
      "4": [
         -0.07104106992483139,
         0.01751125231385231,
         0.08987689018249512
      ],
      "5": [
         -0.06283162534236908,
         0.006663814187049866,
         0.07472419738769531
      ],
      "6": [
         -0.053873151540756226,
         -0.013116365298628807,
         0.06659817695617676
      ],
      "7": [
         -0.040786705911159515,
         -0.02651064656674862,
         0.05939662456512451
      ],
      "8": [
         -0.026379019021987915,
         -0.04153822362422943,
         0.055332064628601074
      ],
      "9": [
         -0.0008767222752794623,
         -0.05198599025607109,
         0.051373839378356934
      ],
      "10": [
         0.025032196193933487,
         -0.04207704961299896,
         0.05508852005004883
      ],
      "11": [
         0.03934049978852272,
         -0.02720295637845993,
         0.0593564510345459
      ],
      "12": [
         0.05304793268442154,
         -0.014177529141306877,
         0.0665813684463501
      ],
      "13": [
         0.06288278102874756,
         0.005025014281272888,
         0.07449960708618164
      ],
      "14": [
         0.0712866261601448,
         0.015665166079998016,
         0.08933770656585693
      ],
      "15": [
         0.07577105611562729,
         0.020232778042554855,
         0.11178052425384521
      ],
      "16": [
         0.07562490552663803,
         0.0218636617064476,
         0.1315164566040039
      ],
      "17": [
         0.0768100768327713,
         0.027092494070529938,
         0.15188562870025635
      ],
      "18": [
         -0.04776269197463989,
         -0.03714127838611603,
         0.1709592342376709
      ],
      "19": [
         -0.043683890253305435,
         -0.039436280727386475,
         0.17381250858306885
      ],
      "20": [
         -0.03513718768954277,
         -0.04473463073372841,
         0.17337286472320557
      ],
      "21": [
         -0.02543674036860466,
         -0.04828657954931259,
         0.17136001586914062
      ],
      "22": [
         -0.014224689453840256,
         -0.05010022968053818,
         0.1679164171218872
      ],
      "23": [
         0.014404159970581532,
         -0.050560928881168365,
         0.16775429248809814
      ],
      "24": [
         0.025704260915517807,
         -0.048602133989334106,
         0.17055058479309082
      ],
      "25": [
         0.03533080965280533,
         -0.044613227248191833,
         0.17274928092956543
      ],
      "26": [
         0.04415605962276459,
         -0.039478033781051636,
         0.1733771562576294
      ],
      "27": [
         0.0478363111615181,
         -0.03728608042001724,
         0.17026901245117188
      ],
      "28": [
         0.00017846468836069107,
         -0.0502629391849041,
         0.16206681728363037
      ],
      "29": [
         -0.00018852483481168747,
         -0.05424303561449051,
         0.1525975465774536
      ],
      "30": [
         -0.0002831052988767624,
         -0.06127382814884186,
         0.14370346069335938
      ],
      "31": [
         -0.00033024384174495935,
         -0.06982700526714325,
         0.12977135181427002
      ],
      "32": [
         -0.018273646011948586,
         -0.05038061738014221,
         0.11988365650177002
      ],
      "33": [
         -0.00935317575931549,
         -0.05593441426753998,
         0.11582887172698975
      ],
      "34": [
         -9.960361057892442e-05,
         -0.05872150510549545,
         0.11421871185302734
      ],
      "35": [
         0.00952623225748539,
         -0.05632524937391281,
         0.11662137508392334
      ],
      "36": [
         0.017726285383105278,
         -0.05094752088189125,
         0.1194605827331543
      ],
      "37": [
         -0.04409492760896683,
         -0.029895145446062088,
         0.156396746635437
      ],
      "38": [
         -0.03647039458155632,
         -0.03850938752293587,
         0.15335309505462646
      ],
      "39": [
         -0.026584120467305183,
         -0.03823913261294365,
         0.15469229221343994
      ],
      "40": [
         -0.019134411588311195,
         -0.035308465361595154,
         0.15647029876708984
      ],
      "41": [
         -0.026502175256609917,
         -0.03778017312288284,
         0.154657244682312
      ],
      "42": [
         -0.036574188619852066,
         -0.03738630563020706,
         0.15342628955841064
      ],
      "43": [
         0.019039589911699295,
         -0.035914499312639236,
         0.15676891803741455
      ],
      "44": [
         0.02691025659441948,
         -0.0389227420091629,
         0.1547776460647583
      ],
      "45": [
         0.03717927634716034,
         -0.03918466717004776,
         0.1529916524887085
      ],
      "46": [
         0.04378903657197952,
         -0.0314367339015007,
         0.15581297874450684
      ],
      "47": [
         0.036527592688798904,
         -0.03785175457596779,
         0.15341651439666748
      ],
      "48": [
         0.026438815519213676,
         -0.03819645941257477,
         0.1548062562942505
      ],
      "49": [
         -0.022477364167571068,
         -0.04904934763908386,
         0.09316861629486084
      ],
      "50": [
         -0.017655527219176292,
         -0.05797572061419487,
         0.09620606899261475
      ],
      "51": [
         -0.010446607135236263,
         -0.06192062050104141,
         0.0988759994506836
      ],
      "52": [
         -0.0005511108320206404,
         -0.06336219608783722,
         0.09832382202148438
      ],
      "53": [
         0.009614825248718262,
         -0.06217600777745247,
         0.09865522384643555
      ],
      "54": [
         0.016855616122484207,
         -0.05818379670381546,
         0.09592854976654053
      ],
      "55": [
         0.0220508836209774,
         -0.047961220145225525,
         0.09291267395019531
      ],
      "56": [
         0.016134312376379967,
         -0.05601155757904053,
         0.09089195728302002
      ],
      "57": [
         0.008167887106537819,
         -0.06096208468079567,
         0.08742690086364746
      ],
      "58": [
         -0.0006702212849631906,
         -0.06216936558485031,
         0.08723652362823486
      ],
      "59": [
         -0.009550919756293297,
         -0.06075824797153473,
         0.08765304088592529
      ],
      "60": [
         -0.017672492191195488,
         -0.056305788457393646,
         0.09117341041564941
      ],
      "61": [
         -0.020719943568110466,
         -0.04961317032575607,
         0.09411036968231201
      ],
      "62": [
         -0.008596241474151611,
         -0.05775940790772438,
         0.09342432022094727
      ],
      "63": [
         -0.0007504638051614165,
         -0.05842781066894531,
         0.09337198734283447
      ],
      "64": [
         0.007697939407080412,
         -0.057996053248643875,
         0.09314870834350586
      ],
      "65": [
         0.02015741728246212,
         -0.04867921024560928,
         0.09377872943878174
      ],
      "66": [
         0.006763149984180927,
         -0.05563531816005707,
         0.09357059001922607
      ],
      "67": [
         -0.000990130938589573,
         -0.05627065524458885,
         0.09375381469726562
      ],
      "68": [
         -0.008247329853475094,
         -0.055850982666015625,
         0.09383988380432129
      ]
   },
   "keypoints_2d_coordinates": {
      "1": [
         46,
         21
      ],
      "2": [
         57,
         22
      ],
      "3": [
         68,
         22
      ],