{
   "keypoints_3d_coordinates": {
      "1": [
         -0.07420501112937927,
         0.0364425927400589,
         0.15950441360473633
      ],
      "2": [
         -0.07201309502124786,
         0.031584110110998154,
         0.13840103149414062
      ],
      "3": [
         -0.06841246038675308,
         0.029471255838871002,
         0.11822354793548584
      ],
      "4": [
         -0.06405355036258698,
         0.024432901293039322,
         0.09464287757873535
      ],
      "5": [
         -0.05785293132066727,
         0.014812938868999481,
         0.07805335521697998
      ],
      "6": [
         -0.050345636904239655,
         -0.0019557615742087364,
         0.07042300701141357
      ],
      "7": [
         -0.040012773126363754,
         -0.014825168997049332,
         0.0627051591873169
      ],
      "8": [
         -0.02819475717842579,
         -0.030301401391625404,
         0.057225584983825684
      ],
      "9": [
         -0.0015975306741893291,
         -0.04074888676404953,
         0.055336594581604004
      ],
      "10": [
         0.024126626551151276,
         -0.029288407415151596,
         0.059038639068603516
      ],
      "11": [
         0.03627810627222061,
         -0.01413749624043703,
         0.06449007987976074
      ],
      "12": [
         0.04682508483529091,
         -0.0011929217725992203,
         0.07201731204986572
      ],
      "13": [
         0.05460009351372719,
         0.015601690858602524,
         0.07950866222381592
      ],
      "14": [
         0.05978485196828842,
         0.02541865035891533,
         0.09603714942932129
      ],
      "15": [
         0.06327322125434875,
         0.030352085828781128,
         0.1184459924697876
      ],
      "16": [
         0.06614427268505096,
         0.03257378190755844,
         0.13892006874084473
      ],
      "17": [
         0.06886835396289825,
         0.03725521266460419,
         0.159462571144104
      ],
      "18": [
         -0.04731258004903793,
         -0.028743926435709,
         0.1774139404296875
      ],
      "19": [
         -0.04372812807559967,
         -0.030025728046894073,
         0.18119573593139648
      ],
      "20": [
         -0.03561047837138176,
         -0.0346674770116806,
         0.1814732551574707
      ],
      "21": [
         -0.02735913172364235,
         -0.03894927725195885,
         0.17999577522277832
      ],
      "22": [
         -0.016575681045651436,
         -0.04154452681541443,
         0.17582249641418457
      ],
      "23": [
         0.009218019433319569,
         -0.041791126132011414,
         0.1754286289215088
      ],
      "24": [
         0.020402418449521065,
         -0.0392291285097599,
         0.18015527725219727
      ],
      "25": [
         0.02870142087340355,
         -0.0344596765935421,
         0.18152880668640137
      ],
      "26": [
         0.03721442073583603,
         -0.02954372763633728,
         0.1811225414276123
      ],
      "27": [
         0.041487570852041245,
         -0.028071776032447815,
         0.1774982213973999
      ],
      "28": [
         -0.003702365793287754,
         -0.04048939794301987,
         0.16976237297058105
      ],
      "29": [
         -0.003996424376964569,
         -0.045266978442668915,
         0.15925920009613037
      ],
      "30": [
         -0.00404879916459322,
         -0.05247730016708374,
         0.14941275119781494
      ],
      "31": [
         -0.003897068789228797,
         -0.060649558901786804,
         0.13327515125274658
      ],
      "32": [
         -0.021126652136445045,
         -0.040177714079618454,
         0.12266039848327637
      ],
      "33": [
         -0.012828510254621506,
         -0.04515303298830986,
         0.11880207061767578
      ],
      "34": [
         -0.003713659942150116,
         -0.049380071461200714,
         0.11738598346710205
      ],
      "35": [
         0.005580177530646324,
         -0.04487401619553566,
         0.11889159679412842
      ],
      "36": [
         0.013757269829511642,
         -0.03987801820039749,
         0.12329471111297607
      ],
      "37": [
         -0.04502212256193161,
         -0.027140002697706223,
         0.16477477550506592
      ],
      "38": [
         -0.03753850981593132,
         -0.03328879922628403,
         0.1658163070678711
      ],
      "39": [
         -0.028740182518959045,
         -0.033340293914079666,
         0.16595399379730225
      ],
      "40": [
         -0.020790206268429756,
         -0.02949216216802597,
         0.16384124755859375
      ],
      "41": [
         -0.02822672761976719,
         -0.032522641122341156,
         0.16335368156433105
      ],
      "42": [
         -0.03689137101173401,
         -0.03335022181272507,
         0.16292154788970947
      ],
      "43": [
         0.013734489679336548,
         -0.02956162579357624,
         0.1637284755706787
      ],
      "44": [
         0.022657515481114388,
         -0.033485621213912964,
         0.16567587852478027
      ],
      "45": [
         0.0325000025331974,
         -0.033089909702539444,
         0.1653757095336914
      ],
      "46": [
         0.038114283233881,
         -0.02632354013621807,
         0.1638697385787964
      ],
      "47": [
         0.03202790394425392,
         -0.03225768357515335,
         0.16228806972503662
      ],
      "48": [
         0.02207597903907299,
         -0.032959405332803726,
         0.16287517547607422
      ],
      "49": [
         -0.029625849798321724,
         -0.034296274185180664,
         0.0916205644607544
      ],
      "50": [
         -0.02316795103251934,
         -0.04170846566557884,
         0.1004716157913208
      ],
      "51": [
         -0.013604139909148216,
         -0.04833775758743286,
         0.10503101348876953
      ],
      "52": [
         -0.002769981510937214,
         -0.05064605548977852,
         0.10311877727508545
      ],
      "53": [
         0.008000649511814117,
         -0.04791703820228577,
         0.10555815696716309
      ],
      "54": [
         0.018780602142214775,
         -0.04010556638240814,
         0.10249769687652588
      ],
      "55": [
         0.02402002178132534,
         -0.0321207270026207,
         0.09321963787078857
      ],
      "56": [
         0.018726222217082977,
         -0.036755844950675964,
         0.09058880805969238
      ],
      "57": [
         0.009335038252174854,
         -0.04355926066637039,
         0.08653390407562256
      ],
      "58": [
         -0.0018217697506770492,
         -0.04645948112010956,
         0.08501601219177246
      ],
      "59": [
         -0.013032440096139908,
         -0.045479100197553635,
         0.08620166778564453
      ],
      "60": [
         -0.023497100919485092,
         -0.03993081673979759,
         0.08907246589660645
      ],
      "61": [
         -0.028140269219875336,
         -0.03298097476363182,
         0.09237337112426758
      ],
      "62": [
         -0.011401034891605377,
         -0.04545948654413223,
         0.09841799736022949
      ],
      "63": [
         -0.0025157518684864044,
         -0.04687364026904106,
         0.09771382808685303
      ],
      "64": [
         0.0068307481706142426,
         -0.044209983199834824,
         0.0990833044052124
      ],
      "65": [
         0.02262251079082489,
         -0.030465329065918922,
         0.09366202354431152
      ],
      "66": [
         0.007194807752966881,
         -0.04223743453621864,
         0.09394502639770508
      ],
      "67": [
         -0.0021798554807901382,
         -0.04471399635076523,
         0.0930781364440918
      ],
      "68": [
         -0.01129065826535225,
         -0.04325059428811073,
         0.09381544589996338
      ]
   },
   "keypoints_2d_coordinates": {
      "1": [
         42,
         22
      ],
      "2": [
         54,
         24
      ],
      "3": [
         65,
         26
      ],