{
   "keypoints_3d_coordinates": {
      "1": [
         -0.05734337866306305,
         0.07431130856275558,
         0.1538330316543579
      ],
      "2": [
         -0.059624701738357544,
         0.06689125299453735,
         0.13478517532348633
      ],
      "3": [
         -0.059300974011421204,
         0.06167655438184738,
         0.11587822437286377
      ],
      "4": [
         -0.05935141444206238,
         0.051396481692790985,
         0.09529232978820801
      ],
      "5": [
         -0.057694386690855026,
         0.03256703168153763,
         0.08140242099761963
      ],
      "6": [
         -0.06013286113739014,
         0.013757426291704178,
         0.07795131206512451
      ],
      "7": [
         -0.06227364391088486,
         -0.0004962068051099777,
         0.07443547248840332
      ],
      "8": [
         -0.06274668127298355,
         -0.019893648102879524,
         0.07332003116607666
      ],
      "9": [
         -0.04915634170174599,
         -0.0437365360558033,
         0.07006824016571045
      ],
      "10": [
         -0.021539876237511635,
         -0.045936793088912964,
         0.07319855690002441
      ],
      "11": [
         -0.0010022311471402645,
         -0.0377226248383522,
         0.07437682151794434
      ],
      "12": [
         0.018755918368697166,
         -0.02791730687022209,
         0.07782363891601562
      ],
      "13": [
         0.03451225906610489,
         -0.014194526709616184,
         0.08179998397827148
      ],
      "14": [
         0.04249904677271843,
         -0.011442750692367554,
         0.09712076187133789
      ],
      "15": [
         0.049234539270401,
         -0.007851405069231987,
         0.11825048923492432
      ],
      "16": [
         0.05334475263953209,
         -0.005922289565205574,
         0.13724768161773682
      ],
      "17": [
         0.05831875279545784,
         0.00010758265852928162,
         0.15606153011322021
      ],
      "18": [
         -0.07090585678815842,
         0.009825639426708221,
         0.18695016205310822
      ],
      "19": [
         -0.06898361444473267,
         0.007927468046545982,
         0.1915164291858673
      ],
      "20": [
         -0.06539774686098099,
         -0.0007172524929046631,
         0.19464455544948578
      ],
      "21": [
         -0.0594029538333416,
         -0.009358648210763931,
         0.19519484043121338
      ],
      "22": [
         -0.05147704482078552,
         -0.01763450913131237,
         0.19297754764556885
      ],
      "23": [
         -0.026867732405662537,
         -0.032560572028160095,
         0.19348342716693878
      ],
      "24": [
         -0.015923501923680305,
         -0.035700660198926926,
         0.19637341797351837
      ],
      "25": [
         -0.00548598263412714,
         -0.03732265159487724,
         0.19610339403152466
      ],
      "26": [
         0.00414179265499115,
         -0.03683972358703613,
         0.19292719662189484
      ],
      "27": [
         0.006765713915228844,
         -0.03767777234315872,
         0.1884712278842926
      ],
      "28": [
         -0.03930487856268883,
         -0.026019515469670296,
         0.18474280834197998
      ],
      "29": [
         -0.04361877217888832,
         -0.03355291485786438,
         0.1745208501815796
      ],
      "30": [
         -0.04831733927130699,
         -0.04165983945131302,
         0.1661670207977295
      ],
      "31": [
         -0.0543898269534111,
         -0.05199030786752701,
         0.15386784076690674
      ],
      "32": [
         -0.05690509080886841,
         -0.026731662452220917,
         0.13610458374023438
      ],
      "33": [
         -0.053873855620622635,
         -0.03415941447019577,
         0.13514792919158936
      ],
      "34": [
         -0.04767975956201553,
         -0.04204944148659706,
         0.13527750968933105
      ],
      "35": [
         -0.03766476735472679,
         -0.04349011182785034,
         0.1353060007095337
      ],
      "36": [
         -0.02946893498301506,
         -0.04274342209100723,
         0.13658201694488525
      ],
      "37": [
         -0.06691214442253113,
         0.007976062595844269,
         0.17146122455596924
      ],
      "38": [
         -0.0652175173163414,
         -0.002437867224216461,
         0.17754018306732178
      ],
      "39": [
         -0.05718907341361046,
         -0.007482338696718216,
         0.1782381534576416
      ],
      "40": [
         -0.047211986035108566,
         -0.009140185080468655,
         0.1729639768600464
      ],
      "41": [
         -0.055878374725580215,
         -0.007939394563436508,
         0.17011117935180664
      ],
      "42": [
         -0.06464280188083649,
         -0.0022166669368743896,
         0.16875863075256348
      ],
      "43": [
         -0.02165001630783081,
         -0.026133649051189423,
         0.17355310916900635
      ],
      "44": [
         -0.015004262328147888,
         -0.03378739207983017,
         0.17911005020141602
      ],
      "45": [
         -0.0066490573808550835,
         -0.039087988436222076,
         0.17882192134857178
      ],
      "46": [
         0.002042415551841259,
         -0.036780912429094315,
         0.1725713014602661
      ],
      "47": [
         -0.006497714668512344,
         -0.03824061155319214,
         0.1695082187652588
      ],
      "48": [
         -0.016186989843845367,
         -0.03301222622394562,
         0.17104732990264893
      ],
      "49": [
         -0.06242869794368744,
         -0.017281316220760345,
         0.11140453815460205
      ],
      "50": [
         -0.06176251918077469,
         -0.029006611555814743,
         0.11707067489624023
      ],
      "51": [
         -0.05738819018006325,
         -0.03775802254676819,
         0.12084949016571045
      ],
      "52": [
         -0.049443088471889496,
         -0.045324716717004776,
         0.12025201320648193
      ],
      "53": [
         -0.038673192262649536,
         -0.048398591578006744,
         0.12064933776855469
      ],
      "54": [
         -0.02950672060251236,
         -0.04866647720336914,
         0.11701381206512451
      ],
      "55": [
         -0.020064936950802803,
         -0.04401487112045288,
         0.11229193210601807
      ],
      "56": [
         -0.028251077979803085,
         -0.04618966951966286,
         0.10899472236633301
      ],
      "57": [
         -0.038790781050920486,
         -0.04768950119614601,
         0.10765230655670166
      ],
      "58": [
         -0.04919469729065895,
         -0.044822171330451965,
         0.10668957233428955
      ],
      "59": [
         -0.05688867345452309,
         -0.03665197640657425,
         0.10775458812713623
      ],
      "60": [
         -0.06056760251522064,
         -0.026564128696918488,
         0.10868394374847412
      ],
      "61": [
         -0.0607098713517189,
         -0.018686946481466293,
         0.11249017715454102
      ],
      "62": [
         -0.054067663848400116,
         -0.03673666715621948,
         0.11487138271331787
      ],
      "63": [
         -0.04789429157972336,
         -0.04193401709198952,
         0.11407887935638428
      ],
      "64": [
         -0.0396718755364418,
         -0.04488065838813782,
         0.11481583118438721
      ],
      "65": [
         -0.021702494472265244,
         -0.043561652302742004,
         0.1130988597869873
      ],
      "66": [
         -0.03907618299126625,
         -0.043476589024066925,
         0.11301040649414062
      ],
      "67": [
         -0.047327931970357895,
         -0.04081899672746658,
         0.11280059814453125
      ],
      "68": [
         -0.05330457538366318,
         -0.03521287813782692,
         0.11307740211486816
      ]
   },
   "keypoints_2d_coordinates": {
      "1": [
         364,
         261
      ],
      "2": [
         447,
         250
      ],
      "3": [
         530,
         251
      ],