{
   "keypoints_3d_coordinates": {
      "1": [
         -0.06363086402416229,
         0.007687026634812355,
         0.13927686214447021
      ],
      "2": [
         -0.060833804309368134,
         0.004937736317515373,
         0.12085580825805664
      ],
      "3": [
         -0.05840980261564255,
         0.00562681071460247,
         0.10215222835540771
      ],
      "4": [
         -0.05359350144863129,
         0.0045653171837329865,
         0.08393025398254395
      ],
      "5": [
         -0.046682242304086685,
         -0.0033104903995990753,
         0.07122969627380371
      ],
      "6": [
         -0.041208382695913315,
         -0.017899414524435997,
         0.06255710124969482
      ],
      "7": [
         -0.031767554581165314,
         -0.027716396376490593,
         0.0555882453918457
      ],
      "8": [
         -0.019920233637094498,
         -0.036739371716976166,
         0.05272853374481201
      ],
      "9": [
         0.0015516942366957664,
         -0.04400842636823654,
         0.04731476306915283
      ],
      "10": [
         0.024372780695557594,
         -0.037682220339775085,
         0.05149650573730469
      ],
      "11": [
         0.03618650883436203,
         -0.027830516919493675,
         0.05378532409667969
      ],
      "12": [
         0.046569399535655975,
         -0.018101666122674942,
         0.06040835380554199
      ],
      "13": [
         0.053288109600543976,
         -0.003212999552488327,
         0.06892800331115723
      ],
      "14": [
         0.06034848093986511,
         0.004972279071807861,
         0.08284568786621094
      ],
      "15": [
         0.0663212388753891,
         0.006994916126132011,
         0.10233032703399658
      ],
      "16": [
         0.06900383532047272,
         0.005687039345502853,
         0.12151360511779785
      ],
      "17": [
         0.07173685729503632,
         0.008780127391219139,
         0.13968229293823242
      ],
      "18": [
         -0.04117656499147415,
         -0.036709390580654144,
         0.15924489498138428
      ],
      "19": [
         -0.0374373123049736,
         -0.04041389375925064,
         0.1608208417892456
      ],
      "20": [
         -0.02864961326122284,
         -0.04617724195122719,
         0.16131389141082764
      ],
      "21": [
         -0.020014163106679916,
         -0.05036809295415878,
         0.1598120927810669
      ],
      "22": [
         -0.010583613999187946,
         -0.05434294044971466,
         0.15598607063293457
      ],
      "23": [
         0.0189506858587265,
         -0.05484939366579056,
         0.1563812494277954
      ],
      "24": [
         0.028674136847257614,
         -0.05028359219431877,
         0.15963709354400635
      ],
      "25": [
         0.037688687443733215,
         -0.04623384028673172,
         0.16167128086090088
      ],
      "26": [
         0.045967187732458115,
         -0.04054664075374603,
         0.1611795425415039
      ],
      "27": [
         0.049877338111400604,
         -0.037021294236183167,
         0.15966200828552246
      ],
      "28": [
         0.0039477054961025715,
         -0.05355026200413704,
         0.14547312259674072
      ],
      "29": [
         0.0033371024765074253,
         -0.05754312872886658,
         0.133980393409729
      ],
      "30": [
         0.0027562605682760477,
         -0.06201973184943199,
         0.12674188613891602
      ],
      "31": [
         0.002143875230103731,
         -0.06847076117992401,
         0.1133425235748291
      ],
      "32": [
         -0.009846968576312065,
         -0.04738397151231766,
         0.10624229907989502
      ],
      "33": [
         -0.0034680021926760674,
         -0.05229887366294861,
         0.10101044178009033
      ],
      "34": [
         0.0028240755200386047,
         -0.05485651642084122,
         0.09885013103485107
      ],
      "35": [
         0.009112861938774586,
         -0.053274981677532196,
         0.10193204879760742
      ],
      "36": [
         0.015110991895198822,
         -0.048599861562252045,
         0.1059945821762085
      ],
      "37": [
         -0.035179704427719116,
         -0.03655896708369255,
         0.1415625810623169
      ],
      "38": [
         -0.028164420276880264,
         -0.04423673450946808,
         0.1473979949951172
      ],
      "39": [
         -0.01893579214811325,
         -0.0439191609621048,
         0.1471470594406128
      ],
      "40": [
         -0.011316819116473198,
         -0.0405397042632103,
         0.14051449298858643
      ],
      "41": [
         -0.01781710796058178,
         -0.04247433692216873,
         0.13922393321990967
      ],
      "42": [
         -0.02779952809214592,
         -0.04207070171833038,
         0.1382654905319214
      ],
      "43": [
         0.019885079935193062,
         -0.04156583547592163,
         0.1412736177444458
      ],
      "44": [
         0.027581341564655304,
         -0.04463473707437515,
         0.14774668216705322
      ],
      "45": [
         0.03639687970280647,
         -0.04498530179262161,
         0.14780712127685547
      ],
      "46": [
         0.043129611760377884,
         -0.03751911222934723,
         0.14187824726104736
      ],
      "47": [
         0.03595064580440521,
         -0.04330615699291229,
         0.13867712020874023
      ],
      "48": [
         0.026232220232486725,
         -0.043178074061870575,
         0.13987207412719727
      ],
      "49": [
         -0.012876028195023537,
         -0.0459604412317276,
         0.08246493339538574
      ],
      "50": [
         -0.010519323870539665,
         -0.05103623494505882,
         0.08301270008087158
      ],
      "51": [
         -0.0054251281544566154,
         -0.05450529605150223,
         0.08421039581298828
      ],
      "52": [
         0.002132488414645195,
         -0.05528304725885391,
         0.083793044090271
      ],
      "53": [
         0.00931311585009098,
         -0.05582020804286003,
         0.08405566215515137
      ],
      "54": [
         0.01477431133389473,
         -0.05388154461979866,
         0.08309781551361084
      ],
      "55": [
         0.018640175461769104,
         -0.0472751259803772,
         0.0815664529800415
      ],
      "56": [
         0.013954286463558674,
         -0.0537569485604763,
         0.08145856857299805
      ],
      "57": [
         0.007375927641987801,
         -0.05676421895623207,
         0.08048057556152344
      ],
      "58": [
         0.0015181545168161392,
         -0.057096533477306366,
         0.08071660995483398
      ],
      "59": [
         -0.005048266611993313,
         -0.05462450906634331,
         0.08075475692749023
      ],
      "60": [
         -0.010512245818972588,
         -0.050876401364803314,
         0.08264148235321045
      ],
      "61": [
         -0.013017291203141212,
         -0.043891698122024536,
         0.08208560943603516
      ],
      "62": [
         -0.005158682353794575,
         -0.04900895804166794,
         0.08204042911529541
      ],
      "63": [
         0.0020533232018351555,
         -0.050087153911590576,
         0.08196568489074707
      ],
      "64": [
         0.008575795218348503,
         -0.05044864863157272,
         0.08195257186889648
      ],
      "65": [
         0.0183110348880291,
         -0.04607342183589935,
         0.08132815361022949
      ],
      "66": [
         0.007367373444139957,
         -0.04907132685184479,
         0.08231985569000244
      ],
      "67": [
         0.0015915250405669212,
         -0.048955950886011124,
         0.08207178115844727
      ],
      "68": [
         -0.0045764511451125145,
         -0.04812627285718918,
         0.08249926567077637
      ]
   },
   "keypoints_2d_coordinates": {
      "1": [
         53,
         28
      ],
      "2": [
         64,
         29
      ],
      "3": [
         74,
         31
      ],