{
   "keypoints_3d_coordinates": {
      "1": [
         -0.060150668025016785,
         0.027412746101617813,
         0.14032936096191406
      ],
      "2": [
         -0.060709625482559204,
         0.022289983928203583,
         0.12320840358734131
      ],
      "3": [
         -0.05934669077396393,
         0.02225436270236969,
         0.10572600364685059
      ],
      "4": [
         -0.05645513907074928,
         0.0190434493124485,
         0.08673608303070068
      ],
      "5": [
         -0.051150843501091,
         0.007571849972009659,
         0.07294702529907227
      ],
      "6": [
         -0.049193013459444046,
         -0.0074006300419569016,
         0.06481719017028809
      ],
      "7": [
         -0.04497159272432327,
         -0.01630944013595581,
         0.057454705238342285
      ],
      "8": [
         -0.03878512606024742,
         -0.027371905744075775,
         0.05260956287384033
      ],
      "9": [
         -0.018855221569538116,
         -0.042084138840436935,
         0.04373586177825928
      ],
      "10": [
         0.006444910541176796,
         -0.0411563515663147,
         0.049539804458618164
      ],
      "11": [
         0.018720705062150955,
         -0.03408119082450867,
         0.05393195152282715
      ],
      "12": [
         0.03149958699941635,
         -0.027473852038383484,
         0.06000864505767822
      ],
      "13": [
         0.04221348464488983,
         -0.015414741821587086,
         0.0678870677947998
      ],
      "14": [
         0.049918755888938904,
         -0.01280951127409935,
         0.0812842845916748
      ],
      "15": [
         0.055150508880615234,
         -0.013490578159689903,
         0.10063719749450684
      ],
      "16": [
         0.05766352266073227,
         -0.014619863592088223,
         0.11823809146881104
      ],
      "17": [
         0.061378687620162964,
         -0.010158315300941467,
         0.1353459358215332
      ],
      "18": [
         -0.056186165660619736,
         -0.023170407861471176,
         0.16237150132656097
      ],
      "19": [
         -0.054405972361564636,
         -0.027692455798387527,
         0.1647123247385025
      ],
      "20": [
         -0.049200206995010376,
         -0.03619749844074249,
         0.1676657348871231
      ],
      "21": [
         -0.04247135668992996,
         -0.04414895921945572,
         0.16813582181930542
      ],
      "22": [
         -0.0336659699678421,
         -0.05122891813516617,
         0.1663375198841095
      ],
      "23": [
         -0.0004981979727745056,
         -0.060566093772649765,
         0.16531036794185638
      ],
      "24": [
         0.010792242363095284,
         -0.05941550433635712,
         0.16687823832035065
      ],
      "25": [
         0.02040722966194153,
         -0.056993842124938965,
         0.16536717116832733
      ],
      "26": [
         0.029249466955661774,
         -0.052357450127601624,
         0.16180887818336487
      ],
      "27": [
         0.03287327662110329,
         -0.0495506189763546,
         0.15937387943267822
      ],
      "28": [
         -0.017907096073031425,
         -0.05806335061788559,
         0.15290164947509766
      ],
      "29": [
         -0.019841518253087997,
         -0.0629546046257019,
         0.13892865180969238
      ],
      "30": [
         -0.021574322134256363,
         -0.06841462105512619,
         0.1307365894317627
      ],
      "31": [
         -0.024466248229146004,
         -0.07573407143354416,
         0.11987388134002686
      ],
      "32": [
         -0.03308883681893349,
         -0.052571915090084076,
         0.10627329349517822
      ],
      "33": [
         -0.02875005453824997,
         -0.05921884626150131,
         0.10442042350769043
      ],
      "34": [
         -0.02179873175919056,
         -0.0640973299741745,
         0.1038355827331543
      ],
      "35": [
         -0.013636568561196327,
         -0.06355607509613037,
         0.10433971881866455
      ],
      "36": [
         -0.0063944011926651,
         -0.06043081358075142,
         0.1057511568069458
      ],
      "37": [
         -0.05106554925441742,
         -0.03086082637310028,
         0.142525315284729
      ],
      "38": [
         -0.047503650188446045,
         -0.04080769419670105,
         0.14881062507629395
      ],
      "39": [
         -0.037184569984674454,
         -0.04437799006700516,
         0.1488882303237915
      ],
      "40": [
         -0.028194863349199295,
         -0.04326876997947693,
         0.14219343662261963
      ],
      "41": [
         -0.03567768633365631,
         -0.04332198202610016,
         0.1401740312576294
      ],
      "42": [
         -0.046263437718153,
         -0.038893334567546844,
         0.13896775245666504
      ],
      "43": [
         -0.0020305062644183636,
         -0.05125691741704941,
         0.14090001583099365
      ],
      "44": [
         0.004915820900350809,
         -0.056207530200481415,
         0.1476505994796753
      ],
      "45": [
         0.015253077261149883,
         -0.0584077350795269,
         0.14790213108062744
      ],
      "46": [
         0.022983398288488388,
         -0.053125057369470596,
         0.1409851312637329
      ],
      "47": [
         0.014624988660216331,
         -0.056769028306007385,
         0.1376476287841797
      ],
      "48": [
         0.004446418955922127,
         -0.054939184337854385,
         0.1387653350830078
      ],
      "49": [
         -0.040759019553661346,
         -0.03792715072631836,
         0.08306014537811279
      ],
      "50": [
         -0.03926733136177063,
         -0.05036189407110214,
         0.08724844455718994
      ],
      "51": [
         -0.03270784020423889,
         -0.05925281345844269,
         0.09046125411987305
      ],
      "52": [
         -0.02261589653789997,
         -0.06538668274879456,
         0.08946776390075684
      ],
      "53": [
         -0.010531443171203136,
         -0.0655549168586731,
         0.08944582939147949
      ],
      "54": [
         -0.0008578137494623661,
         -0.061641424894332886,
         0.08567452430725098
      ],
      "55": [
         0.005978941917419434,
         -0.052744314074516296,
         0.08043420314788818
      ],
      "56": [
         -0.0005107978358864784,
         -0.0569315031170845,
         0.07603609561920166
      ],
      "57": [
         -0.010617935098707676,
         -0.06032629311084747,
         0.07320654392242432
      ],
      "58": [
         -0.021851226687431335,
         -0.05887335166335106,
         0.07243609428405762
      ],
      "59": [
         -0.03193575516343117,
         -0.05379335582256317,
         0.07410299777984619
      ],
      "60": [
         -0.03804159164428711,
         -0.04505278542637825,
         0.0781259536743164
      ],
      "61": [
         -0.03812647983431816,
         -0.03775601461529732,
         0.08329522609710693
      ],
      "62": [
         -0.029903829097747803,
         -0.05445262789726257,
         0.08363187313079834
      ],
      "63": [
         -0.02141489088535309,
         -0.059083543717861176,
         0.08269357681274414
      ],
      "64": [
         -0.01150721125304699,
         -0.06010064482688904,
         0.08307230472564697
      ],
      "65": [
         0.0037270933389663696,
         -0.05104012042284012,
         0.08120095729827881
      ],
      "66": [
         -0.01176273263990879,
         -0.059051886200904846,
         0.08075475692749023
      ],
      "67": [
         -0.021238308399915695,
         -0.0576484240591526,
         0.0803765058517456
      ],
      "68": [
         -0.02950221300125122,
         -0.05346601456403732,
         0.08143854141235352
      ]
   },
   "keypoints_2d_coordinates": {
      "1": [
         421,
         241
      ],
      "2": [
         498,
         238
      ],
      "3": [
         576,
         244
      ],