{
   "version": "1.0.0",
   "eyelid_closure_intensity_level": 4,
   "center_of_pupil_point": {
      "2d": {
         "camera": {
            "right_eye": {
               "x": 44.92523756183135,
               "y": 49.43720095660791
            },
            "left_eye": {
               "x": 45.076590895767296,
               "y": 85.91423034329142
            }
         }
      },
      "3d": {
         "right_eye": {
            "x": -0.02457442320883274,
            "y": -0.05554671585559845,
            "z": 0.1521882712841034
         },
         "left_eye": {
            "x": 0.03700114041566849,
            "y": -0.05465593934059143,
            "z": 0.15195128321647644
         }
      }
   },
   "identity_label": {
      "age": "young",
      "ethnicity": "mediterranean",
      "gender": "female"
   },
   "eye_gaze": {
      "axis_directions": {
         "right_eye": {
            "axis_directions": {
               "visual_axis_direction": {
                  "x": 0.2870381265684011,
                  "y": -0.8633120530555088,
                  "z": -0.4150920535799075
               },
               "optical_axis_direction": {
                  "x": 0.22531512596583186,
                  "y": -0.8799194745743731,
                  "z": -0.4182999070950894
               }
            }
         },
         "left_eye": {
            "axis_directions": {
               "visual_axis_direction": {
                  "x": 0.511997168540309,
                  "y": -0.757821593123297,
                  "z": -0.40443211099364296
               },
               "optical_axis_direction": {
                  "x": 0.4202509933517192,
                  "y": -0.811186684674481,
                  "z": -0.40665128205099427
               }
            }
         }
      },
      "target_point": {
         "right_eye": {
            "x": 1.317084550857544,
            "y": -3.802271604537964,
            "z": -1.6442333459854126
         },
         "left_eye": {
            "x": 1.317084550857544,
            "y": -3.802271604537964,
            "z": -1.6442333459854126
         }
      },
      "eye_gaze_direction_type": "custom"
   },
   "face_expression": {
      "name": "disgust",
      "intensity_level": 1.6786773644199353
   },
   "apex_of_cornea_point": {
      "2d": {
         "camera": {
            "right_eye": {
               "x": 45.780033156085324,
               "y": 49.88882107510683
            },
            "left_eye": {
               "x": 45.90751294727164,
               "y": 86.85127566203101
            }
         }
      },
      "3d": {
         "right_eye": {
            "x": -0.023763496428728104,
            "y": -0.05871361494064331,
            "z": 0.15068277716636658
         },
         "left_eye": {
            "x": 0.038510553538799286,
            "y": -0.0575694739818573,
            "z": 0.15049071609973907
         }
      }
   },
   "center_of_rotation_point": {
      "2d": {
         "camera": {
            "right_eye": {
               "x": 42.279265429990026,
               "y": 48.03924459730821
            },
            "left_eye": {
               "x": 42.50171353207909,
               "y": 83.0105953255107
            }
         }
      },
      "3d": {
         "right_eye": {
            "x": -0.027105873450636864,
            "y": -0.045659139752388,
            "z": 0.156887948513031
         },
         "left_eye": {
            "x": 0.032287463545799255,
            "y": -0.04555803909897804,
            "z": 0.1565125435590744
         }
      }
   },
   "accessories": [],
   "head_metadata": {
      "head_root_location": {
         "x": 0.0,
         "y": 0.0,
         "z": 0.0
      },
      "head_six_dof": {
         "location": {
            "x": 0.0024566650390625,
            "y": -0.07217526435852051,
            "z": 0.16475093364715576
         },
         "look_at_vector": {
            "x": 8.74227803627227e-08,
            "y": -0.9999999999999962,
            "z": 9.553428304548457e-16
         }
      },
      "head_rotation": {
         "pitch": 0.0,
         "yaw": 0.0,
         "roll": 0.0
      }
   },
   "identity_id": "837f573c-af11-4ade-9776-0eac25865977",
   "center_of_iris_point": {
      "2d": {
         "camera": {
            "right_eye": {
               "x": 45.02757137207163,
               "y": 49.49131991663536
            },
            "left_eye": {
               "x": 45.17581015384825,
               "y": 86.02622030972425
            }
         }
      },
      "3d": {
         "right_eye": {
            "x": -0.024477090686559677,
            "y": -0.05592570826411247,
            "z": 0.15200772881507874
         },
         "left_eye": {
            "x": 0.03718183562159538,
            "y": -0.055004753172397614,
            "z": 0.15177658200263977
         }
      }
   },
   "pupil_circle": {
      "2d": {
         "camera": {
            "right_eye": [
               {
                  "x": 43.19871182798214,
                  "y": 49.54775890639336
               },
               {
                  "x": 43.40103560465005,
                  "y": 50.45211748620494
               },
               {
                  "x": 44.01181664715147,
                  "y": 51.08352190069606
               },
               {
                  "x": 44.86657916765924,
                  "y": 51.273593572250746
               },
               {
                  "x": 45.73636339458519,
                  "y": 50.972032183866574
               },
               {
                  "x": 46.38872181315521,
                  "y": 50.25976487308887
               },
               {
                  "x": 46.64924687709217,
                  "y": 49.32714758917039
               },
               {
                  "x": 46.44804538194733,
                  "y": 48.42378891684738
               },
               {
                  "x": 45.83891794375683,
                  "y": 47.7909932585442
               },
               {
                  "x": 44.9843192098383,
                  "y": 47.599022567469554
               },
               {
                  "x": 44.11330531675511,
                  "y": 47.90000577196721
               },
               {
                  "x": 43.459464692080765,
                  "y": 48.613292959863465
               }
            ],
            "left_eye": [
               {
                  "x": 43.35671079945952,
                  "y": 86.0602957374187
               },
               {
                  "x": 43.47981997733343,
                  "y": 86.8817912691813
               },
               {
                  "x": 44.0307580368664,
                  "y": 87.44327269917822
               },
               {
                  "x": 44.860743123128366,
                  "y": 87.59462853152283
               },
               {
                  "x": 45.74759761534156,
                  "y": 87.29619901955651
               },
               {
                  "x": 46.45491608247569,
                  "y": 86.62785127972731
               },
               {
                  "x": 46.79323391463109,
                  "y": 85.76854924656972
               },
               {
                  "x": 46.671914667476535,
                  "y": 84.94719119969461
               },
               {
                  "x": 46.12292716971102,
                  "y": 84.38431250575151
               },
               {
                  "x": 45.29261633140829,
                  "y": 84.23107673743024
               },
               {
                  "x": 44.403480620595396,
                  "y": 84.52919547801704
               },
               {
                  "x": 43.6948136142572,
                  "y": 85.19889422500317
               }
            ]
         }
      },
      "3d": {
         "right_eye": [
            {
               "x": -0.024367038160562515,
               "y": -0.05686527118086815,