{
   "keypoints_3d_coordinates": {
      "1": [
         -0.06915651261806488,
         0.03447175770998001,
         0.14659011363983154
      ],
      "2": [
         -0.06770656257867813,
         0.029329396784305573,
         0.12739181518554688
      ],
      "3": [
         -0.06744638830423355,
         0.028610721230506897,
         0.10935318470001221
      ],
      "4": [
         -0.06329967826604843,
         0.023393671959638596,
         0.08821916580200195
      ],
      "5": [
         -0.057617124170064926,
         0.011705480515956879,
         0.0721430778503418
      ],
      "6": [
         -0.04858427867293358,
         -0.00839596800506115,
         0.06342363357543945
      ],
      "7": [
         -0.03789467364549637,
         -0.023500457406044006,
         0.05553281307220459
      ],
      "8": [
         -0.024521082639694214,
         -0.04086446762084961,
         0.05132412910461426
      ],
      "9": [
         0.0009779668180271983,
         -0.053664520382881165,
         0.0469670295715332
      ],
      "10": [
         0.027005156502127647,
         -0.042278654873371124,
         0.0502779483795166
      ],
      "11": [
         0.04096595570445061,
         -0.025615738704800606,
         0.05501890182495117
      ],
      "12": [
         0.05076909810304642,
         -0.010476947762072086,
         0.0633307695388794
      ],
      "13": [
         0.059616997838020325,
         0.009351091459393501,
         0.07235133647918701
      ],
      "14": [
         0.06585405021905899,
         0.020116228610277176,
         0.08904528617858887
      ],
      "15": [
         0.06793522089719772,
         0.0243687704205513,
         0.11163079738616943
      ],
      "16": [
         0.06684897840023041,
         0.025101415812969208,
         0.129716157913208
      ],
      "17": [
         0.06582505255937576,
         0.03070109710097313,
         0.14970576763153076
      ],
      "18": [
         -0.04858787730336189,
         -0.0355854369699955,
         0.1551147699356079
      ],
      "19": [
         -0.04571637883782387,
         -0.037462037056684494,
         0.15984487533569336
      ],
      "20": [
         -0.03786557912826538,
         -0.043915435671806335,
         0.1610548496246338
      ],
      "21": [
         -0.02852877788245678,
         -0.04970523715019226,
         0.1596747636795044
      ],
      "22": [
         -0.017673376947641373,
         -0.051575735211372375,
         0.15690481662750244
      ],
      "23": [
         0.013445721939206123,
         -0.0520758330821991,
         0.1568148136138916
      ],
      "24": [
         0.024368923157453537,
         -0.04979203641414642,
         0.16006481647491455
      ],
      "25": [
         0.03356202319264412,
         -0.04507013410329819,
         0.1617748737335205
      ],
      "26": [
         0.04211942106485367,
         -0.039439037442207336,
         0.16166484355926514
      ],
      "27": [
         0.045163821429014206,
         -0.03736843541264534,
         0.1576848030090332
      ],
      "28": [
         -0.0013954916503280401,
         -0.05185785889625549,
         0.14946794509887695
      ],
      "29": [
         -0.0006738611264154315,
         -0.056273203343153,
         0.13898241519927979
      ],
      "30": [
         -0.0004839685861952603,
         -0.06354235112667084,
         0.13116753101348877
      ],
      "31": [
         -0.0005725985392928123,
         -0.074775829911232,
         0.12067341804504395
      ],
      "32": [
         -0.01562231034040451,
         -0.05411259084939957,
         0.10596358776092529
      ],
      "33": [
         -0.009162038564682007,
         -0.060322195291519165,
         0.10463535785675049
      ],
      "34": [
         0.00019263439753558487,
         -0.06333327293395996,
         0.10401952266693115
      ],
      "35": [
         0.00966586172580719,
         -0.06072117015719414,
         0.104775071144104
      ],
      "36": [
         0.016605079174041748,
         -0.055012207478284836,
         0.10634720325469971
      ],
      "37": [
         -0.042863283306360245,
         -0.02863246388733387,
         0.13970661163330078
      ],
      "38": [
         -0.036001838743686676,
         -0.03802206367254257,
         0.13831770420074463
      ],
      "39": [
         -0.025291472673416138,
         -0.03826630115509033,
         0.1389709711074829
      ],
      "40": [
         -0.017219265922904015,
         -0.034383684396743774,
         0.13888120651245117
      ],
      "41": [
         -0.02492186427116394,
         -0.037417858839035034,
         0.13669168949127197
      ],
      "42": [
         -0.03563500940799713,
         -0.03602704405784607,
         0.13622212409973145
      ],
      "43": [
         0.01430173683911562,
         -0.036095600575208664,
         0.1387089490890503
      ],
      "44": [
         0.023565301671624184,
         -0.0393095538020134,
         0.13938665390014648
      ],
      "45": [
         0.03428351506590843,
         -0.038361042737960815,
         0.13971006870269775
      ],
      "46": [
         0.040872350335121155,
         -0.02988038957118988,
         0.1413949728012085
      ],
      "47": [
         0.034189119935035706,
         -0.03638976812362671,
         0.13762521743774414
      ],
      "48": [
         0.023154981434345245,
         -0.03799761086702347,
         0.13725483417510986
      ],
      "49": [
         -0.02463681995868683,
         -0.04886274039745331,
         0.08299028873443604
      ],
      "50": [
         -0.018023110926151276,
         -0.059307049959897995,
         0.08823621273040771
      ],
      "51": [
         -0.009865887463092804,
         -0.0651523768901825,
         0.09344923496246338
      ],
      "52": [
         0.0009561973856762052,
         -0.06748998910188675,
         0.09303116798400879
      ],
      "53": [
         0.01139872893691063,
         -0.06566815823316574,
         0.09332907199859619
      ],
      "54": [
         0.019866742193698883,
         -0.06069186329841614,
         0.08863496780395508
      ],
      "55": [
         0.02642994560301304,
         -0.05162227898836136,
         0.08361375331878662
      ],
      "56": [
         0.020709017291665077,
         -0.05826888605952263,
         0.0816338062286377
      ],
      "57": [
         0.011487013660371304,
         -0.0640561655163765,
         0.08007407188415527
      ],
      "58": [
         0.0009942044271156192,
         -0.06497007608413696,
         0.0797504186630249
      ],
      "59": [
         -0.00903644785284996,
         -0.0633254200220108,
         0.08056151866912842
      ],
      "60": [
         -0.017880408093333244,
         -0.056079357862472534,
         0.08224689960479736
      ],
      "61": [
         -0.021227970719337463,
         -0.0485798679292202,
         0.08469080924987793
      ],
      "62": [
         -0.007215920370072126,
         -0.06124943122267723,
         0.08832228183746338
      ],
      "63": [
         0.0009216527105309069,
         -0.06312534213066101,
         0.08838057518005371
      ],
      "64": [
         0.009696772322058678,
         -0.06191342696547508,
         0.08788585662841797
      ],
      "65": [
         0.024201784282922745,
         -0.05182655528187752,
         0.08453917503356934
      ],
      "66": [
         0.009809693321585655,
         -0.06113367900252342,
         0.08635342121124268
      ],
      "67": [
         0.001106988056562841,
         -0.06217522919178009,
         0.08683013916015625
      ],
      "68": [
         -0.007332782261073589,
         -0.06038849428296089,
         0.08670985698699951
      ]
   },
   "keypoints_2d_coordinates": {
      "1": [
         49,
         25
      ],
      "2": [
         60,
         26
      ],
      "3": [
         70,
         26
      ],