{
   "keypoints_3d_coordinates": {
      "1": [
         -0.0695965439081192,
         0.01898074895143509,
         0.14779162406921387
      ],
      "2": [
         -0.06864547729492188,
         0.012589484453201294,
         0.1295945644378662
      ],
      "3": [
         -0.06811675429344177,
         0.012336939573287964,
         0.11080288887023926
      ],
      "4": [
         -0.06347151100635529,
         0.009393926709890366,
         0.08942770957946777
      ],
      "5": [
         -0.05616426095366478,
         8.586607873439789e-05,
         0.07427024841308594
      ],
      "6": [
         -0.048169881105422974,
         -0.01577047072350979,
         0.0662606954574585
      ],
      "7": [
         -0.03726033493876457,
         -0.025971341878175735,
         0.059638023376464844
      ],
      "8": [
         -0.0253257118165493,
         -0.037354230880737305,
         0.055600643157958984
      ],
      "9": [
         -0.0006660905200988054,
         -0.044984184205532074,
         0.05012631416320801
      ],
      "10": [
         0.02332758903503418,
         -0.03651828691363335,
         0.05625426769256592
      ],
      "11": [
         0.035441819578409195,
         -0.02576512098312378,
         0.060686469078063965
      ],
      "12": [
         0.04613220691680908,
         -0.01579807884991169,
         0.06758260726928711
      ],
      "13": [
         0.05389200896024704,
         -3.464147448539734e-05,
         0.07605493068695068
      ],
      "14": [
         0.06108882650732994,
         0.008648853749036789,
         0.0912938117980957
      ],
      "15": [
         0.06480672210454941,
         0.010890811681747437,
         0.11229956150054932
      ],
      "16": [
         0.06527691334486008,
         0.011141341179609299,
         0.13079571723937988
      ],
      "17": [
         0.06475140154361725,
         0.017318464815616608,
         0.14887773990631104
      ],
      "18": [
         -0.05097971484065056,
         -0.033609770238399506,
         0.16882705688476562
      ],
      "19": [
         -0.047249019145965576,
         -0.03696490824222565,
         0.17141711711883545
      ],
      "20": [
         -0.03935546427965164,
         -0.043536558747291565,
         0.1750965118408203
      ],
      "21": [
         -0.030118415132164955,
         -0.04880315810441971,
         0.17633390426635742
      ],
      "22": [
         -0.019293013960123062,
         -0.05310986191034317,
         0.17451834678649902
      ],
      "23": [
         0.015255086123943329,
         -0.05280561000108719,
         0.17503786087036133
      ],
      "24": [
         0.02628428488969803,
         -0.04916086047887802,
         0.17720413208007812
      ],
      "25": [
         0.03523678332567215,
         -0.04397010803222656,
         0.1761770248413086
      ],
      "26": [
         0.04345563054084778,
         -0.03758205845952034,
         0.17258810997009277
      ],
      "27": [
         0.04671233147382736,
         -0.033974599093198776,
         0.17015719413757324
      ],
      "28": [
         -0.0016495275776833296,
         -0.05390706658363342,
         0.15815091133117676
      ],
      "29": [
         -0.0010393615812063217,
         -0.05886857211589813,
         0.14312410354614258
      ],
      "30": [
         -0.0007182162371464074,
         -0.06435058265924454,
         0.13508069515228271
      ],
      "31": [
         -0.0004680495476350188,
         -0.07208555936813354,
         0.12414395809173584
      ],
      "32": [
         -0.017270751297473907,
         -0.05562038719654083,
         0.11253201961517334
      ],
      "33": [
         -0.009737774729728699,
         -0.059882864356040955,
         0.10976552963256836
      ],
      "34": [
         -0.0003277264768257737,
         -0.062283046543598175,
         0.10915637016296387
      ],
      "35": [
         0.008942907676100731,
         -0.059893153607845306,
         0.10945630073547363
      ],
      "36": [
         0.016092585399746895,
         -0.05592460185289383,
         0.11222076416015625
      ],
      "37": [
         -0.041293997317552567,
         -0.0431031808257103,
         0.14869892597198486
      ],
      "38": [
         -0.03393551707267761,
         -0.050853148102760315,
         0.1509000062942505
      ],
      "39": [
         -0.024467336013913155,
         -0.050475385040044785,
         0.1511211395263672
      ],
      "40": [
         -0.017513075843453407,
         -0.046126723289489746,
         0.14851593971252441
      ],
      "41": [
         -0.02398330345749855,
         -0.04929110407829285,
         0.1473982334136963
      ],
      "42": [
         -0.033614855259656906,
         -0.04895101487636566,
         0.1469411849975586
      ],
      "43": [
         0.014681972563266754,
         -0.04645668715238571,
         0.14842963218688965
      ],
      "44": [
         0.02139154076576233,
         -0.04984096437692642,
         0.1516941785812378
      ],
      "45": [
         0.031024090945720673,
         -0.049799639731645584,
         0.1524200439453125
      ],
      "46": [
         0.03766612708568573,
         -0.042162299156188965,
         0.15036499500274658
      ],
      "47": [
         0.03093107044696808,
         -0.048231590539216995,
         0.14835286140441895
      ],
      "48": [
         0.021552858874201775,
         -0.04860931634902954,
         0.14808988571166992
      ],
      "49": [
         -0.026096783578395844,
         -0.04890323430299759,
         0.09021627902984619
      ],
      "50": [
         -0.020508555695414543,
         -0.05698630213737488,
         0.09318327903747559
      ],
      "51": [
         -0.011821986176073551,
         -0.06249161809682846,
         0.09698426723480225
      ],
      "52": [
         -9.145657531917095e-05,
         -0.06474289298057556,
         0.09692811965942383
      ],
      "53": [
         0.011379768140614033,
         -0.0615752674639225,
         0.09677302837371826
      ],
      "54": [
         0.01990017667412758,
         -0.055271536111831665,
         0.09318530559539795
      ],
      "55": [
         0.024457359686493874,
         -0.04802573099732399,
         0.09023046493530273
      ],
      "56": [
         0.01948857121169567,
         -0.05261784791946411,
         0.08542370796203613
      ],
      "57": [
         0.010541047900915146,
         -0.05872201547026634,
         0.08162617683410645
      ],
      "58": [
         -0.0007355944253504276,
         -0.06115841865539551,
         0.0803079605102539
      ],
      "59": [
         -0.01199788972735405,
         -0.05963592603802681,
         0.08179104328155518
      ],
      "60": [
         -0.020562924444675446,
         -0.0542394258081913,
         0.08559191226959229
      ],
      "61": [
         -0.02425055392086506,
         -0.046634599566459656,
         0.09025466442108154
      ],
      "62": [
         -0.009779316373169422,
         -0.05721588060259819,
         0.09084463119506836
      ],
      "63": [
         -0.00045076513197273016,
         -0.058965761214494705,
         0.09027385711669922
      ],
      "64": [
         0.009260089136660099,
         -0.056424763053655624,
         0.09069240093231201
      ],
      "65": [
         0.02337951399385929,
         -0.045091643929481506,
         0.09017395973205566
      ],
      "66": [
         0.008944213390350342,
         -0.05625111237168312,
         0.08915400505065918
      ],
      "67": [
         -0.00037498888559639454,
         -0.058562807738780975,
         0.08881580829620361
      ],
      "68": [
         -0.009763817302882671,
         -0.057085514068603516,
         0.08927500247955322
      ]
   },
   "keypoints_2d_coordinates": {
      "1": [
         48,
         25
      ],
      "2": [
         59,
         25
      ],
      "3": [
         69,
         25
      ],