{
   "version": "1.0.0",
   "identity_id": "261d5db0-7abb-40fe-bcf7-aed7bfe765ea",
   "center_of_rotation_point": {
      "2d": {
         "camera": {
            "right_eye": {
               "x": 44.686325883580125,
               "y": 49.247502755768465
            },
            "left_eye": {
               "x": 43.82628022299143,
               "y": 83.92981630684719
            }
         }
      },
      "3d": {
         "right_eye": {
            "x": -0.02520632930099964,
            "y": -0.0362030453979969,
            "z": 0.1529996246099472
         },
         "left_eye": {
            "x": 0.0340169295668602,
            "y": -0.037830643355846405,
            "z": 0.1544332355260849
         }
      }
   },
   "eyelid_closure_intensity_level": 1,
   "center_of_iris_point": {
      "2d": {
         "camera": {
            "right_eye": {
               "x": 45.749010195524995,
               "y": 47.482812164536426
            },
            "left_eye": {
               "x": 44.863939973915436,
               "y": 82.69447357934506
            }
         }
      },
      "3d": {
         "right_eye": {
            "x": -0.028102032840251923,
            "y": -0.0428231842815876,
            "z": 0.15105189383029938
         },
         "left_eye": {
            "x": 0.0317700132727623,
            "y": -0.04460586979985237,
            "z": 0.15252046287059784
         }
      }
   },
   "center_of_pupil_point": {
      "2d": {
         "camera": {
            "right_eye": {
               "x": 45.709826000804526,
               "y": 47.54822280025401
            },
            "left_eye": {
               "x": 44.82541353550583,
               "y": 82.74018087583643
            }
         }
      },
      "3d": {
         "right_eye": {
            "x": -0.027995141223073006,
            "y": -0.04257858172059059,
            "z": 0.15112344920635223
         },
         "left_eye": {
            "x": 0.031852804124355316,
            "y": -0.0443560928106308,
            "z": 0.15259116888046265
         }
      }
   },
   "iris_circle": {
      "2d": {
         "camera": {
            "right_eye": [
               {
                  "x": 42.87423683434948,
                  "y": 47.295576816825026
               },
               {
                  "x": 43.32927549493745,
                  "y": 48.67160341764023
               },
               {
                  "x": 44.43719741904868,
                  "y": 49.724532626540764
               },
               {
                  "x": 45.89958812304762,
                  "y": 50.171106600514264
               },
               {
                  "x": 47.32310536616945,
                  "y": 49.89103350359218
               },
               {
                  "x": 48.32636225439618,
                  "y": 48.96138978877208
               },
               {
                  "x": 48.641044472126865,
                  "y": 47.63244293574929
               },
               {
                  "x": 48.18435898687775,
                  "y": 46.25970505749703
               },
               {
                  "x": 47.079413739213365,
                  "y": 45.21030682099671
               },
               {
                  "x": 45.62136622272677,
                  "y": 44.76405195881722
               },
               {
                  "x": 44.19921708906334,
                  "y": 45.040189863325054
               },
               {
                  "x": 43.193238669402994,
                  "y": 45.966291600148814
               }
            ],
            "left_eye": [
               {
                  "x": 42.02001814708875,
                  "y": 82.53062816830047
               },
               {
                  "x": 42.427094504878774,
                  "y": 83.95319283559738
               },
               {
                  "x": 43.4912444689674,
                  "y": 85.03517315580957
               },
               {
                  "x": 44.926221173519075,
                  "y": 85.48560582618921
               },
               {
                  "x": 46.346023080961466,
                  "y": 85.18383324569965
               },
               {
                  "x": 47.370380747442915,
                  "y": 84.21219801738286
               },
               {
                  "x": 47.725480993520335,
                  "y": 82.83186807626642
               },
               {
                  "x": 47.31723417383443,
                  "y": 81.41256403054904
               },
               {
                  "x": 46.25550825090378,
                  "y": 80.33343758464504
               },
               {
                  "x": 44.82411829156624,
                  "y": 79.88248220010964
               },
               {
                  "x": 43.40480624347484,
                  "y": 80.1810769403653
               },
               {
                  "x": 42.378554833313686,
                  "y": 81.14999583599963
               }
            ]
         }
      },
      "3d": {
         "right_eye": [
            {
               "x": -0.028395162895321846,
               "y": -0.04421643167734146,
               "z": 0.15591081976890564
            },
            {
               "x": -0.026042761281132698,
               "y": -0.04501357674598694,
               "z": 0.15511931478977203
            },
            {
               "x": -0.024250270798802376,
               "y": -0.04524287208914757,
               "z": 0.15323206782341003
            },
            {
               "x": -0.023497704416513443,
               "y": -0.044842757284641266,
               "z": 0.15075576305389404
            },
            {
               "x": -0.023987820371985435,
               "y": -0.0439201258122921,
               "z": 0.14835377037525177
            },
            {
               "x": -0.02558807097375393,
               "y": -0.04272201657295227,
               "z": 0.14666856825351715
            },
            {
               "x": -0.02786985971033573,
               "y": -0.04157029092311859,
               "z": 0.14615246653556824
            },
            {
               "x": -0.03022274561226368,
               "y": -0.04077288135886192,
               "z": 0.1469438672065735
            },
            {
               "x": -0.03201523423194885,
               "y": -0.040543392300605774,
               "z": 0.14883051812648773
            },
            {
               "x": -0.03276718407869339,
               "y": -0.040943603962659836,
               "z": 0.15130680799484253
            },
            {
               "x": -0.03227768465876579,
               "y": -0.04186641052365303,
               "z": 0.15370938181877136
            },
            {
               "x": -0.03067745640873909,
               "y": -0.04306456074118614,
               "z": 0.1553947478532791
            }
         ],
         "left_eye": [
            {
               "x": 0.031464435160160065,
               "y": -0.04594602808356285,
               "z": 0.15732133388519287
            },
            {
               "x": 0.033866893500089645,
               "y": -0.04654290899634361,
               "z": 0.15661606192588806
            },
            {
               "x": 0.03570112586021423,
               "y": -0.04663999006152153,
               "z": 0.1548076868057251
            },
            {
               "x": 0.03647567331790924,
               "y": -0.04621110484004021,
               "z": 0.15238116681575775
            },
            {
               "x": 0.035982780158519745,
               "y": -0.045372068881988525,
               "z": 0.14998698234558105
            },
            {
               "x": 0.03435501083731651,
               "y": -0.04434658959507942,
               "z": 0.14826564490795135
            },
            {
               "x": 0.032028116285800934,
               "y": -0.0434097945690155,