{
   "keypoints_3d_coordinates": {
      "1": [
         -0.07227727025747299,
         0.045588959008455276,
         0.1615821123123169
      ],
      "2": [
         -0.0728096067905426,
         0.03978787735104561,
         0.14102137088775635
      ],
      "3": [
         -0.0744815394282341,
         0.037693772464990616,
         0.12022817134857178
      ],
      "4": [
         -0.07209790498018265,
         0.03249106928706169,
         0.09582328796386719
      ],
      "5": [
         -0.06410729885101318,
         0.020000524818897247,
         0.0790095329284668
      ],
      "6": [
         -0.05433294549584389,
         -1.125037670135498e-06,
         0.07097482681274414
      ],
      "7": [
         -0.04185011237859726,
         -0.01362740807235241,
         0.06357383728027344
      ],
      "8": [
         -0.02768038585782051,
         -0.028228482231497765,
         0.05892348289489746
      ],
      "9": [
         -0.0007489288691431284,
         -0.04022274538874626,
         0.0548321008682251
      ],
      "10": [
         0.0268567968159914,
         -0.029901377856731415,
         0.05887758731842041
      ],
      "11": [
         0.04165850207209587,
         -0.015291457064449787,
         0.06296348571777344
      ],
      "12": [
         0.05519193783402443,
         -0.0022037015296518803,
         0.07023763656616211
      ],
      "13": [
         0.06555556505918503,
         0.016826309263706207,
         0.07820248603820801
      ],
      "14": [
         0.07447761297225952,
         0.02911008894443512,
         0.09439742565155029
      ],
      "15": [
         0.07772937417030334,
         0.03508790209889412,
         0.1186823844909668
      ],
      "16": [
         0.07585086673498154,
         0.03712747246026993,
         0.13855767250061035
      ],
      "17": [
         0.07527913898229599,
         0.04178960621356964,
         0.15983200073242188
      ],
      "18": [
         -0.04784965142607689,
         -0.017602961510419846,
         0.17909467220306396
      ],
      "19": [
         -0.044182151556015015,
         -0.019556760787963867,
         0.18377459049224854
      ],
      "20": [
         -0.03613854944705963,
         -0.026035159826278687,
         0.18521463871002197
      ],
      "21": [
         -0.026502050459384918,
         -0.031025061383843422,
         0.18389463424682617
      ],
      "22": [
         -0.01491404976695776,
         -0.03252265974879265,
         0.18003463745117188
      ],
      "23": [
         0.015299449674785137,
         -0.03349526226520538,
         0.17967462539672852
      ],
      "24": [
         0.026307150721549988,
         -0.03206286206841469,
         0.18272459506988525
      ],
      "25": [
         0.036309149116277695,
         -0.027801360934972763,
         0.18379461765289307
      ],
      "26": [
         0.045133449137210846,
         -0.022062459960579872,
         0.1825345754623413
      ],
      "27": [
         0.048439349979162216,
         -0.02058326080441475,
         0.17759466171264648
      ],
      "28": [
         0.00016089132986962795,
         -0.03175980597734451,
         0.16960203647613525
      ],
      "29": [
         -0.0004082041559740901,
         -0.03770115599036217,
         0.15680480003356934
      ],
      "30": [
         -0.0006578029133379459,
         -0.04470342397689819,
         0.1481928825378418
      ],
      "31": [
         -0.0009089764207601547,
         -0.05465453118085861,
         0.13547933101654053
      ],
      "32": [
         -0.018054552376270294,
         -0.03391638398170471,
         0.12060785293579102
      ],
      "33": [
         -0.010131048038601875,
         -0.03907317668199539,
         0.11984050273895264
      ],
      "34": [
         -0.0002960522542707622,
         -0.04287153482437134,
         0.1187429428100586
      ],
      "35": [
         0.009338689967989922,
         -0.03964570164680481,
         0.11998426914215088
      ],
      "36": [
         0.01810391992330551,
         -0.035080403089523315,
         0.12031733989715576
      ],
      "37": [
         -0.04393025115132332,
         -0.01246635988354683,
         0.16225504875183105
      ],
      "38": [
         -0.03701282665133476,
         -0.023672932758927345,
         0.16073906421661377
      ],
      "39": [
         -0.026505758985877037,
         -0.02431643381714821,
         0.16103684902191162
      ],
      "40": [
         -0.01844041980803013,
         -0.020570065826177597,
         0.16033053398132324
      ],
      "41": [
         -0.026300862431526184,
         -0.023544417694211006,
         0.15873348712921143
      ],
      "42": [
         -0.03704002499580383,
         -0.022132299840450287,
         0.1579838991165161
      ],
      "43": [
         0.018661480396986008,
         -0.021436920389533043,
         0.15989232063293457
      ],
      "44": [
         0.026574954390525818,
         -0.026257064193487167,
         0.16034018993377686
      ],
      "45": [
         0.037373144179582596,
         -0.025810981169342995,
         0.1600630283355713
      ],
      "46": [
         0.043587006628513336,
         -0.01648530550301075,
         0.1608971357345581
      ],
      "47": [
         0.03704763948917389,
         -0.02447723038494587,
         0.1570725440979004
      ],
      "48": [
         0.02621518261730671,
         -0.025197908282279968,
         0.15793085098266602
      ],
      "49": [
         -0.02666105143725872,
         -0.03258701413869858,
         0.09545624256134033
      ],
      "50": [
         -0.02113388292491436,
         -0.040231622755527496,
         0.10110187530517578
      ],
      "51": [
         -0.012344416230916977,
         -0.04567016288638115,
         0.10674262046813965
      ],
      "52": [
         -0.0011155144311487675,
         -0.04835989698767662,
         0.10700583457946777
      ],
      "53": [
         0.010246478021144867,
         -0.0468723326921463,
         0.10683703422546387
      ],
      "54": [
         0.019405655562877655,
         -0.041951317340135574,
         0.10112404823303223
      ],
      "55": [
         0.025167109444737434,
         -0.03239874541759491,
         0.09526526927947998
      ],
      "56": [
         0.01980341039597988,
         -0.03988121077418327,
         0.09096240997314453
      ],
      "57": [
         0.01029979158192873,
         -0.04672665521502495,
         0.08809971809387207
      ],
      "58": [
         -0.0010336246341466904,
         -0.0490126758813858,
         0.0873028039932251
      ],
      "59": [
         -0.012236946262419224,
         -0.04677105322480202,
         0.08843111991882324
      ],
      "60": [
         -0.021149033680558205,
         -0.039316583424806595,
         0.09104907512664795
      ],
      "61": [
         -0.024288436397910118,
         -0.03097544237971306,
         0.09594166278839111
      ],
      "62": [
         -0.01019977405667305,
         -0.041661184281110764,
         0.09823644161224365
      ],
      "63": [
         -0.0010358657455071807,
         -0.04399588704109192,
         0.09806251525878906
      ],
      "64": [
         0.008360160514712334,
         -0.04315992817282677,
         0.09816431999206543
      ],
      "65": [
         0.022731216624379158,
         -0.0315760001540184,
         0.09564530849456787
      ],
      "66": [
         0.008191303350031376,
         -0.04303864762187004,
         0.09698736667633057
      ],
      "67": [
         -0.0011565058957785368,
         -0.044367771595716476,
         0.09690284729003906
      ],
      "68": [
         -0.010431165806949139,
         -0.042490407824516296,
         0.09718465805053711
      ]
   },
   "keypoints_2d_coordinates": {
      "1": [
         41,
         24
      ],
      "2": [
         52,
         23
      ],
      "3": [
         64,
         22
      ],