{
   "keypoints_3d_coordinates": {
      "1": [
         -0.06980549544095993,
         0.03616482391953468,
         0.1576981544494629
      ],
      "2": [
         -0.06997109204530716,
         0.030632883310317993,
         0.137823224067688
      ],
      "3": [
         -0.07102972269058228,
         0.028377991169691086,
         0.11728096008300781
      ],
      "4": [
         -0.06780580431222916,
         0.02400049939751625,
         0.09428286552429199
      ],
      "5": [
         -0.05984393134713173,
         0.013111535459756851,
         0.07882893085479736
      ],
      "6": [
         -0.05178510397672653,
         -0.005969165824353695,
         0.06956124305725098
      ],
      "7": [
         -0.04052232950925827,
         -0.02009309083223343,
         0.06026923656463623
      ],
      "8": [
         -0.026031160727143288,
         -0.03476840630173683,
         0.05467867851257324
      ],
      "9": [
         0.0009744901908561587,
         -0.0453224815428257,
         0.04805564880371094
      ],
      "10": [
         0.028323927894234657,
         -0.03549244999885559,
         0.054067254066467285
      ],
      "11": [
         0.04348355904221535,
         -0.02118510939180851,
         0.05885899066925049
      ],
      "12": [
         0.05506634712219238,
         -0.006922652013599873,
         0.0682990550994873
      ],
      "13": [
         0.0626264363527298,
         0.012393487617373466,
         0.07789242267608643
      ],
      "14": [
         0.07094165682792664,
         0.02322220802307129,
         0.09356474876403809
      ],
      "15": [
         0.07417114824056625,
         0.027002468705177307,
         0.11752009391784668
      ],
      "16": [
         0.0728849247097969,
         0.028340596705675125,
         0.13808190822601318
      ],
      "17": [
         0.07107385247945786,
         0.03347788006067276,
         0.157798171043396
      ],
      "18": [
         -0.044561900198459625,
         -0.029026392847299576,
         0.1809934377670288
      ],
      "19": [
         -0.04090280085802078,
         -0.029948994517326355,
         0.18641889095306396
      ],
      "20": [
         -0.032301705330610275,
         -0.03543679416179657,
         0.18883585929870605
      ],
      "21": [
         -0.02225230261683464,
         -0.040459293872117996,
         0.18932735919952393
      ],
      "22": [
         -0.010015802457928658,
         -0.04154619202017784,
         0.18596422672271729
      ],
      "23": [
         0.010563397780060768,
         -0.041496794670820236,
         0.1859668493270874
      ],
      "24": [
         0.022543195635080338,
         -0.0401235930621624,
         0.18947529792785645
      ],
      "25": [
         0.03282409906387329,
         -0.035428792238235474,
         0.18889784812927246
      ],
      "26": [
         0.04171379655599594,
         -0.030178792774677277,
         0.18650925159454346
      ],
      "27": [
         0.044920098036527634,
         -0.02928299270570278,
         0.1810222864151001
      ],
      "28": [
         0.0005772063159383833,
         -0.04146187752485275,
         0.17571747303009033
      ],
      "29": [
         0.0008934051147662103,
         -0.04858633130788803,
         0.16376161575317383
      ],
      "30": [
         0.0010961734224110842,
         -0.056216634809970856,
         0.15408241748809814
      ],
      "31": [
         0.0012201231438666582,
         -0.06653962284326553,
         0.14045560359954834
      ],
      "32": [
         -0.014959974214434624,
         -0.04381973296403885,
         0.12448859214782715
      ],
      "33": [
         -0.007367800921201706,
         -0.05020502582192421,
         0.1227273941040039
      ],
      "34": [
         0.0016085377428680658,
         -0.05335221067070961,
         0.12253952026367188
      ],
      "35": [
         0.010534816421568394,
         -0.05048774927854538,
         0.1224592924118042
      ],
      "36": [
         0.018201645463705063,
         -0.04462461173534393,
         0.12414109706878662
      ],
      "37": [
         -0.04158901795744896,
         -0.025131110101938248,
         0.16569650173187256
      ],
      "38": [
         -0.03408341482281685,
         -0.03485908359289169,
         0.16679954528808594
      ],
      "39": [
         -0.024724146351218224,
         -0.034471992403268814,
         0.1669299602508545
      ],
      "40": [
         -0.01644165813922882,
         -0.02973424643278122,
         0.16544055938720703
      ],
      "41": [
         -0.024197634309530258,
         -0.03270639479160309,
         0.16318809986114502
      ],
      "42": [
         -0.03422943875193596,
         -0.03229612857103348,
         0.1627500057220459
      ],
      "43": [
         0.01733224280178547,
         -0.030813101679086685,
         0.1657198667526245
      ],
      "44": [
         0.026046760380268097,
         -0.03534366935491562,
         0.16686129570007324
      ],
      "45": [
         0.03540276736021042,
         -0.034935787320137024,
         0.16656255722045898
      ],
      "46": [
         0.04185117036104202,
         -0.02623932622373104,
         0.16547179222106934
      ],
      "47": [
         0.03602907806634903,
         -0.032443221658468246,
         0.16231560707092285
      ],
      "48": [
         0.025648340582847595,
         -0.03362496569752693,
         0.1631617546081543
      ],
      "49": [
         -0.02451033890247345,
         -0.03880960866808891,
         0.09160387516021729
      ],
      "50": [
         -0.01882268115878105,
         -0.04851054400205612,
         0.10131680965423584
      ],
      "51": [
         -0.009866367094218731,
         -0.055177219212055206,
         0.105826735496521
      ],
      "52": [
         0.0012030653888359666,
         -0.0576547347009182,
         0.10512030124664307
      ],
      "53": [
         0.012629136443138123,
         -0.05575885251164436,
         0.1052846908569336
      ],
      "54": [
         0.021754363551735878,
         -0.04985124617815018,
         0.10047554969787598
      ],
      "55": [
         0.027115266770124435,
         -0.04037070646882057,
         0.09103274345397949
      ],
      "56": [
         0.022167133167386055,
         -0.04652576148509979,
         0.08607709407806396
      ],
      "57": [
         0.013216730207204819,
         -0.05323608219623566,
         0.08386480808258057
      ],
      "58": [
         0.001177319441922009,
         -0.055963847786188126,
         0.08303797245025635
      ],
      "59": [
         -0.011105452664196491,
         -0.05235696956515312,
         0.08409154415130615
      ],
      "60": [
         -0.019901217892766,
         -0.04529077187180519,
         0.08681130409240723
      ],
      "61": [
         -0.022119199857115746,
         -0.03724631667137146,
         0.09382307529449463
      ],
      "62": [
         -0.008107106201350689,
         -0.051917824894189835,
         0.0998152494430542
      ],
      "63": [
         0.001316542038694024,
         -0.05367891862988472,
         0.09966707229614258
      ],
      "64": [
         0.010685925371944904,
         -0.052574265748262405,
         0.09935033321380615
      ],
      "65": [
         0.02525922656059265,
         -0.03938247263431549,
         0.09296631813049316
      ],
      "66": [
         0.01082073524594307,
         -0.04998280853033066,
         0.09049534797668457
      ],
      "67": [
         0.0013933705631643534,
         -0.051827773451805115,
         0.09022974967956543
      ],
      "68": [
         -0.008586890995502472,
         -0.049953095614910126,
         0.09065556526184082
      ]
   },
   "keypoints_2d_coordinates": {
      "1": [
         43,
         25
      ],
      "2": [
         54,
         25
      ],
      "3": [
         66,
         24
      ],
      "4": [
         78,
         26
      ],