{
   "keypoints_3d_coordinates": {
      "1": [
         -0.03833651542663574,
         0.11385166645050049,
         0.1539853811264038
      ],
      "2": [
         -0.0459161140024662,
         0.10553071647882462,
         0.13678061962127686
      ],
      "3": [
         -0.05030536651611328,
         0.09884314239025116,
         0.11888206005096436
      ],
      "4": [
         -0.05600854009389877,
         0.08681683987379074,
         0.09933257102966309
      ],
      "5": [
         -0.06006085127592087,
         0.06348831951618195,
         0.08609318733215332
      ],
      "6": [
         -0.06833069026470184,
         0.04722278565168381,
         0.08437108993530273
      ],
      "7": [
         -0.07724806666374207,
         0.037109073251485825,
         0.08311378955841064
      ],
      "8": [
         -0.08516888320446014,
         0.019966483116149902,
         0.0841982364654541
      ],
      "9": [
         -0.08011937886476517,
         -0.0067289480939507484,
         0.08359646797180176
      ],
      "10": [
         -0.055624380707740784,
         -0.019163278862833977,
         0.08599615097045898
      ],
      "11": [
         -0.03246317803859711,
         -0.018505964428186417,
         0.08530318737030029
      ],
      "12": [
         -0.0075043742544949055,
         -0.01631340943276882,
         0.08645331859588623
      ],
      "13": [
         0.012028133496642113,
         -0.009133202955126762,
         0.08827698230743408
      ],
      "14": [
         0.018636612221598625,
         -0.009238498285412788,
         0.10277903079986572
      ],
      "15": [
         0.028755754232406616,
         -0.006115262396633625,
         0.1222151517868042
      ],
      "16": [
         0.03632418066263199,
         -0.0034142807126045227,
         0.13968169689178467
      ],
      "17": [
         0.04625805467367172,
         0.0017674677073955536,
         0.15662157535552979
      ],
      "18": [
         -0.06694966554641724,
         0.06406654417514801,
         0.19754885137081146
      ],
      "19": [
         -0.06547486782073975,
         0.06177756190299988,
         0.2024288922548294
      ],
      "20": [
         -0.0644037127494812,
         0.052092380821704865,
         0.20624560117721558
      ],
      "21": [
         -0.06148902326822281,
         0.04187906160950661,
         0.20671994984149933
      ],
      "22": [
         -0.0576767772436142,
         0.030885083600878716,
         0.20506127178668976
      ],
      "23": [
         -0.03930765390396118,
         0.007786097005009651,
         0.2062024623155594
      ],
      "24": [
         -0.029663749039173126,
         0.000798400491476059,
         0.20865242183208466
      ],
      "25": [
         -0.020257938653230667,
         -0.004696235992014408,
         0.20841486752033234
      ],
      "26": [
         -0.01141368318349123,
         -0.00805415865033865,
         0.2048100084066391
      ],
      "27": [
         -0.009717658162117004,
         -0.010354870930314064,
         0.19997164607048035
      ],
      "28": [
         -0.05100705847144127,
         0.017547443509101868,
         0.19710516929626465
      ],
      "29": [
         -0.05988667905330658,
         0.011124107986688614,
         0.1877896785736084
      ],
      "30": [
         -0.06829539686441422,
         0.004843367263674736,
         0.18086028099060059
      ],
      "31": [
         -0.07964234054088593,
         -0.0037697255611419678,
         0.16956329345703125
      ],
      "32": [
         -0.07507748901844025,
         0.0163797065615654,
         0.14635694026947021
      ],
      "33": [
         -0.0756223052740097,
         0.00875617191195488,
         0.1470963954925537
      ],
      "34": [
         -0.07283227145671844,
         0.0006082151085138321,
         0.14830410480499268
      ],
      "35": [
         -0.06541632115840912,
         -0.003741791471838951,
         0.14778447151184082
      ],
      "36": [
         -0.056923724710941315,
         -0.005367930978536606,
         0.14747822284698486
      ],
      "37": [
         -0.06375116854906082,
         0.060123197734355927,
         0.18037128448486328
      ],
      "38": [
         -0.06473439186811447,
         0.04992895573377609,
         0.18893134593963623
      ],
      "39": [
         -0.058863766491413116,
         0.04152430221438408,
         0.18949484825134277
      ],
      "40": [
         -0.05244163051247597,
         0.035339243710041046,
         0.1827181577682495
      ],
      "41": [
         -0.059907734394073486,
         0.040030788630247116,
         0.18000280857086182
      ],
      "42": [
         -0.06565163284540176,
         0.0493788942694664,
         0.17845392227172852
      ],
      "43": [
         -0.034589771181344986,
         0.011275304481387138,
         0.1844257116317749
      ],
      "44": [
         -0.029681406915187836,
         0.0027132853865623474,
         0.19152593612670898
      ],
      "45": [
         -0.022968780249357224,
         -0.005568023771047592,
         0.19101667404174805
      ],
      "46": [
         -0.014083566144108772,
         -0.007188417948782444,
         0.1827220916748047
      ],
      "47": [
         -0.024695854634046555,
         -0.005508124828338623,
         0.18024814128875732
      ],
      "48": [
         -0.03168921917676926,
         0.002614350989460945,
         0.1816626787185669
      ],
      "49": [
         -0.08171656727790833,
         0.02185981348156929,
         0.1186600923538208
      ],
      "50": [
         -0.08301486819982529,
         0.014034651219844818,
         0.12737369537353516
      ],
      "51": [
         -0.0818227231502533,
         0.005369914695620537,
         0.13291025161743164
      ],
      "52": [
         -0.0781899094581604,
         -0.0035182926803827286,
         0.13376355171203613
      ],
      "53": [
         -0.06985598802566528,
         -0.009632579982280731,
         0.13364017009735107
      ],
      "54": [
         -0.06261274963617325,
         -0.013095607981085777,
         0.1286252737045288
      ],
      "55": [
         -0.05479634925723076,
         -0.013297248631715775,
         0.12079501152038574
      ],
      "56": [
         -0.06219368427991867,
         -0.012863419950008392,
         0.120139479637146
      ],
      "57": [
         -0.07187649607658386,
         -0.010801825672388077,
         0.11996817588806152
      ],
      "58": [
         -0.07938258349895477,
         -0.00494301225990057,
         0.11914944648742676
      ],
      "59": [
         -0.08326403051614761,
         0.00420648418366909,
         0.11917829513549805
      ],
      "60": [
         -0.0831720158457756,
         0.01433282345533371,
         0.1182013750076294
      ],
      "61": [
         -0.08036904782056808,
         0.021454624831676483,
         0.11889886856079102
      ],
      "62": [
         -0.07916449010372162,
         0.0056891050189733505,
         0.12539279460906982
      ],
      "63": [
         -0.07549650222063065,
         -0.0014815088361501694,
         0.1257401704788208
      ],
      "64": [
         -0.06920117139816284,
         -0.006786376237869263,
         0.12626338005065918
      ],
      "65": [
         -0.055010098963975906,
         -0.011908968910574913,
         0.12117636203765869
      ],
      "66": [
         -0.06892324239015579,
         -0.006626475602388382,
         0.12536859512329102
      ],
      "67": [
         -0.07542377710342407,
         -0.0012082811444997787,
         0.12524425983428955
      ],
      "68": [
         -0.0786023736000061,
         0.006360817700624466,
         0.12456190586090088
      ]
   },
   "keypoints_2d_coordinates": {
      "1": [
         367,
         348
      ],
      "2": [
         440,
         315
      ],
      "3": [
         517,
         295
      ],