{
   "keypoints_3d_coordinates": {
      "1": [
         -0.059351470321416855,
         0.007273249328136444,
         0.12990880012512207
      ],
      "2": [
         -0.057806581258773804,
         0.0005503818392753601,
         0.11415529251098633
      ],
      "3": [
         -0.05679869279265404,
         0.0016664788126945496,
         0.0960683822631836
      ],
      "4": [
         -0.052322302013635635,
         0.002339649945497513,
         0.07694792747497559
      ],
      "5": [
         -0.04744427278637886,
         -0.0043779537081718445,
         0.0628657341003418
      ],
      "6": [
         -0.043170612305402756,
         -0.018473800271749496,
         0.051821351051330566
      ],
      "7": [
         -0.035080377012491226,
         -0.028566375374794006,
         0.04136395454406738
      ],
      "8": [
         -0.024541132152080536,
         -0.03805719316005707,
         0.032912254333496094
      ],
      "9": [
         -0.001145652960985899,
         -0.044075775891542435,
         0.02186429500579834
      ],
      "10": [
         0.022976363077759743,
         -0.0386592373251915,
         0.03245079517364502
      ],
      "11": [
         0.03434860333800316,
         -0.030017079785466194,
         0.04053354263305664
      ],
      "12": [
         0.043081194162368774,
         -0.02091408520936966,
         0.05098676681518555
      ],
      "13": [
         0.04809637740254402,
         -0.00730791874229908,
         0.06196892261505127
      ],
      "14": [
         0.05381600186228752,
         -0.0005091279745101929,
         0.07478487491607666
      ],
      "15": [
         0.0586763434112072,
         -0.0007372312247753143,
         0.0935821533203125
      ],
      "16": [
         0.06035241857171059,
         -0.0021839551627635956,
         0.11119699478149414
      ],
      "17": [
         0.06263798475265503,
         0.002577003091573715,
         0.12713325023651123
      ],
      "18": [
         -0.044342998415231705,
         -0.039436306804418564,
         0.1518319845199585
      ],
      "19": [
         -0.041360899806022644,
         -0.043001703917980194,
         0.15417706966400146
      ],
      "20": [
         -0.034306600689888,
         -0.04971010610461235,
         0.15733301639556885
      ],
      "21": [
         -0.02604229934513569,
         -0.05473670735955238,
         0.15799903869628906
      ],
      "22": [
         -0.016140298917889595,
         -0.059370607137680054,
         0.15520012378692627
      ],
      "23": [
         0.015211300924420357,
         -0.06051970645785332,
         0.15391004085540771
      ],
      "24": [
         0.025732001289725304,
         -0.05681440606713295,
         0.15574896335601807
      ],
      "25": [
         0.034112900495529175,
         -0.05181990563869476,
         0.154992938041687
      ],
      "26": [
         0.041011303663253784,
         -0.04545280337333679,
         0.15122711658477783
      ],
      "27": [
         0.043948400765657425,
         -0.041817985475063324,
         0.1486419439315796
      ],
      "28": [
         -0.0008162676822394133,
         -0.060473933815956116,
         0.13869845867156982
      ],
      "29": [
         -0.00068443245254457,
         -0.06626984477043152,
         0.1237562894821167
      ],
      "30": [
         -0.0007552746101282537,
         -0.0700887143611908,
         0.11528897285461426
      ],
      "31": [
         -0.0006149665568955243,
         -0.0761641263961792,
         0.10341954231262207
      ],
      "32": [
         -0.012442273087799549,
         -0.0583275742828846,
         0.09286367893218994
      ],
      "33": [
         -0.006878045853227377,
         -0.06307195127010345,
         0.09051954746246338
      ],
      "34": [
         -0.00037406868068501353,
         -0.06574630737304688,
         0.08910858631134033
      ],
      "35": [
         0.005846450105309486,
         -0.0639517679810524,
         0.08945512771606445
      ],
      "36": [
         0.011303956620395184,
         -0.05941110849380493,
         0.09160852432250977
      ],
      "37": [
         -0.037850163877010345,
         -0.04678792878985405,
         0.13227593898773193
      ],
      "38": [
         -0.031199488788843155,
         -0.056600216776132584,
         0.13185274600982666
      ],
      "39": [
         -0.022062454372644424,
         -0.05682013928890228,
         0.13137662410736084
      ],
      "40": [
         -0.016423719003796577,
         -0.05260169506072998,
         0.12977445125579834
      ],
      "41": [
         -0.022043677046895027,
         -0.054346516728401184,
         0.12833476066589355
      ],
      "42": [
         -0.030931608751416206,
         -0.0538409948348999,
         0.12821471691131592
      ],
      "43": [
         0.014942774549126625,
         -0.05274314805865288,
         0.12870383262634277
      ],
      "44": [
         0.021090568974614143,
         -0.057732440531253815,
         0.1297762393951416
      ],
      "45": [
         0.03043578565120697,
         -0.057717110961675644,
         0.12973356246948242
      ],
      "46": [
         0.036537300795316696,
         -0.048881739377975464,
         0.12942373752593994
      ],
      "47": [
         0.030031586065888405,
         -0.05524887517094612,
         0.12568795680999756
      ],
      "48": [
         0.020526375621557236,
         -0.055474910885095596,
         0.12663030624389648
      ],
      "49": [
         -0.01789012737572193,
         -0.055786751210689545,
         0.06483471393585205
      ],
      "50": [
         -0.014926169998943806,
         -0.06092528998851776,
         0.07182776927947998
      ],
      "51": [
         -0.009380261413753033,
         -0.06593766808509827,
         0.07745993137359619
      ],
      "52": [
         -0.001230680732987821,
         -0.06873121857643127,
         0.07763397693634033
      ],
      "53": [
         0.007542344741523266,
         -0.06679310649633408,
         0.07721054553985596
      ],
      "54": [
         0.01394297182559967,
         -0.06155255064368248,
         0.07066309452056885
      ],
      "55": [
         0.017154278233647346,
         -0.05639897286891937,
         0.06375658512115479
      ],
      "56": [
         0.01441741269081831,
         -0.05950295180082321,
         0.05598914623260498
      ],
      "57": [
         0.0075661917217075825,
         -0.06407614797353745,
         0.051949501037597656
      ],
      "58": [
         -0.0011230913223698735,
         -0.06573429703712463,
         0.05119669437408447
      ],
      "59": [
         -0.009491839446127415,
         -0.06375791132450104,
         0.05273258686065674
      ],
      "60": [
         -0.015180310234427452,
         -0.05944189056754112,
         0.05787467956542969
      ],
      "61": [
         -0.016789009794592857,
         -0.05175844207406044,
         0.06473135948181152
      ],
      "62": [
         -0.007798810955137014,
         -0.05937626585364342,
         0.07226943969726562
      ],
      "63": [
         -0.0010632157791405916,
         -0.0613584890961647,
         0.07264304161071777
      ],
      "64": [
         0.0063164266757667065,
         -0.06051259860396385,
         0.07165074348449707
      ],
      "65": [
         0.016403991729021072,
         -0.05161929130554199,
         0.06341123580932617
      ],
      "66": [
         0.006410134490579367,
         -0.05840006470680237,
         0.058331966400146484
      ],
      "67": [
         -0.0009523663902655244,
         -0.05979282036423683,
         0.05764925479888916
      ],
      "68": [
         -0.008074074983596802,
         -0.057967908680438995,
         0.05874001979827881
      ]
   },
   "keypoints_2d_coordinates": {
      "1": [
         58,
         30
      ],
      "2": [
         67,
         31
      ],