{
   "version": "1.1.0",
   "camera_name": "camera_3",
   "camera_type": "PERSP",
   "focal_length": 50.0,
   "location": {
      "x": -2.190000057220459,
      "y": -0.5700000524520874,
      "z": 0.12999999523162842
   },
   "orientation": {
      "look_at_vector": {
         "x": 0.9659258127212524,
         "y": 0.25881895422935486,
         "z": -2.9802318834981634e-08
      },
      "up_vector": {
         "x": 8.940695295223122e-08,
         "y": -1.639127589214695e-07,
         "z": 1.0
      }
   },
   "aspect_px": {
      "x": 1.0,
      "y": 1.0
   },
   "resolution_px": {
      "x": 1024.0,
      "y": 1024.0
   },
   "fov": {
      "horizontal": 9.99999970909292,
      "vertical": 9.999999691412535
   },
   "sensor": {
      "sensor_width": 8.748866081237793,
      "sensor_height": 8.748866081237793
   },
   "intrinsic_matrix": [
      [
         5852.186960525083,
         -3.5834310146094605e-13,
         512.0
      ],
      [
         0.0,
         5852.186960525083,
         512.0
      ],
      [
         0.0,
         0.0,
         1.0
      ]
   ],
   "extrinsic_matrix": [
      [
         0.2588189840316746,
         -0.9659259319305455,
         -1.1721413528675839e-07,
         0.01623577321170308
      ],
      [
         -1.1920928955078125e-07,
         8.940696716308594e-08,
         -1.0,
         0.12999978512525345
      ],
      [
         0.965925931930542,
         0.25881898403167725,
         -2.9802322387695312e-08,
         2.262904684546566
      ]
   ]
}