{
   "version": "1.1.0",
   "camera_name": "camera_2",
   "camera_type": "PERSP",
   "focal_length": 50.0,
   "location": {
      "x": 0.0,
      "y": 1.7599999904632568,
      "z": 0.9399999976158142
   },
   "orientation": {
      "look_at_vector": {
         "x": -7.942431778928949e-08,
         "y": -0.9085080027580261,
         "z": -0.4178673028945923
      },
      "up_vector": {
         "x": -3.653110880463828e-08,
         "y": -0.4178673028945923,
         "z": 0.9085080027580261
      }
   },
   "aspect_px": {
      "x": 1.0,
      "y": 1.0
   },
   "resolution_px": {
      "x": 1024.0,
      "y": 1024.0
   },
   "fov": {
      "horizontal": 9.99999970909292,
      "vertical": 9.999999691412535
   },
   "sensor": {
      "sensor_width": 8.748866081237793,
      "sensor_height": 8.748866081237793
   },
   "intrinsic_matrix": [
      [
         5852.186960525083,
         -3.5834310146094605e-13,
         512.0
      ],
      [
         0.0,
         5852.186960525083,
         512.0
      ],
      [
         0.0,
         0.0,
         1.0
      ]
   ],
   "extrinsic_matrix": [
      [
         -1.0000003233457626,
         8.742282219404698e-08,
         1.5717043619811917e-14,
         -1.5386418100181464e-07
      ],
      [
         3.653113367363403e-08,
         0.4178675413131714,
         -0.9085082411766052,
         0.11855087581387025
      ],
      [
         -7.942432489471685e-08,
         -0.9085081219673157,
         -0.41786736249923706,
         1.9917696057512764
      ]
   ]
}