{
   "version": "1.0.0",
   "identity_id": "41ee4572-87ef-4107-8cae-dc1b96c279d7",
   "head_metadata": {
      "head_root_location": {
         "x": 0.0,
         "y": 0.0,
         "z": 0.0
      },
      "head_rotation": {
         "pitch": 0.0,
         "yaw": 0.0,
         "roll": 0.0
      },
      "head_six_dof": {
         "location": {
            "x": 0.005540370941162109,
            "y": -0.09825223684310913,
            "z": 0.16659316420555115
         },
         "look_at_vector": {
            "x": 8.74227803627227e-08,
            "y": -0.9999999999999962,
            "z": 9.553428304548457e-16
         }
      }
   },
   "eyelid_closure_intensity_level": 2,
   "eye_gaze": {
      "axis_directions": {
         "right_eye": {
            "axis_directions": {
               "visual_axis_direction": {
                  "x": -0.27892361281497646,
                  "y": -0.9408773053017431,
                  "z": -0.19222776745926118
               },
               "optical_axis_direction": {
                  "x": -0.33949058341840155,
                  "y": -0.9211754731895624,
                  "z": -0.190215381513218
               }
            }
         },
         "left_eye": {
            "axis_directions": {
               "visual_axis_direction": {
                  "x": -0.5750434803511717,
                  "y": -0.8022314934948759,
                  "z": -0.1604669017292742
               },
               "optical_axis_direction": {
                  "x": -0.38636673582617437,
                  "y": -0.9027604290468262,
                  "z": -0.1890617708428058
               }
            }
         }
      },
      "target_point": {
         "right_eye": {
            "x": -1.6738864183425903,
            "y": -4.466836452484131,
            "z": -0.6280560493469238
         },
         "left_eye": {
            "x": -1.6738864183425903,
            "y": -4.466836452484131,
            "z": -0.6280560493469238
         }
      },
      "eye_gaze_direction_type": "custom"
   },
   "center_of_pupil_point": {
      "2d": {
         "camera": {
            "right_eye": {
               "x": 40.62682713306545,
               "y": 45.544581084336436
            },
            "left_eye": {
               "x": 40.700229898490846,
               "y": 85.52773714412291
            }
         }
      },
      "3d": {
         "right_eye": {
            "x": -0.030584190040826797,
            "y": -0.08326616138219833,
            "z": 0.15873385965824127
         },
         "left_eye": {
            "x": 0.035666242241859436,
            "y": -0.08366460353136063,
            "z": 0.15860207378864288
         }
      }
   },
   "iris_circle": {
      "2d": {
         "camera": {
            "right_eye": [
               {
                  "x": 36.821702929061274,
                  "y": 45.30356856490336
               },
               {
                  "x": 37.39003487749556,
                  "y": 47.15976576482074
               },
               {
                  "x": 38.84019927128448,
                  "y": 48.557652043330584
               },
               {
                  "x": 40.78201837384383,
                  "y": 49.12069361835552
               },
               {
                  "x": 42.69304160477569,
                  "y": 48.69763154484241
               },
               {
                  "x": 44.0596845984955,
                  "y": 47.40399644643026
               },
               {
                  "x": 44.51781440003963,
                  "y": 45.58834615073003
               },
               {
                  "x": 43.94592926501138,
                  "y": 43.737454344126164
               },
               {
                  "x": 42.498993654802106,
                  "y": 42.34525617687429
               },
               {
                  "x": 40.56362542859605,
                  "y": 41.782633973097205
               },
               {
                  "x": 38.65571733095819,
                  "y": 42.20054742087508
               },
               {
                  "x": 37.28585370314079,
                  "y": 43.4885236885542
               }
            ],
            "left_eye": [
               {
                  "x": 37.00544762436385,
                  "y": 85.30155572514926
               },
               {
                  "x": 37.557664228829296,
                  "y": 87.10211861453286
               },
               {
                  "x": 38.96628611927257,
                  "y": 88.45549642949656
               },
               {
                  "x": 40.85233932754284,
                  "y": 88.99675544931428
               },
               {
                  "x": 42.707759140945754,
                  "y": 88.58066617841651
               },
               {
                  "x": 44.03439144429557,
                  "y": 87.32060360150113
               },
               {
                  "x": 44.47812054707024,
                  "y": 85.55652665585804
               },
               {
                  "x": 43.9227269769632,
                  "y": 83.76135164622576
               },
               {
                  "x": 42.517330542499714,
                  "y": 82.41398419181247
               },
               {
                  "x": 40.63805646745281,
                  "y": 81.87340841555753
               },
               {
                  "x": 38.78609696468147,
                  "y": 82.2842670108063
               },
               {
                  "x": 37.45593276708477,
                  "y": 83.53826373019334
               }
            ]
         }
      },
      "3d": {
         "right_eye": [
            {
               "x": -0.030949769541621208,
               "y": -0.08492197841405869,
               "z": 0.16499051451683044
            },
            {
               "x": -0.027859751135110855,
               "y": -0.0858621895313263,
               "z": 0.16402237117290497
            },
            {
               "x": -0.025541113689541817,
               "y": -0.08621988445520401,
               "z": 0.16161344945430756
            },
            {
               "x": -0.02461509220302105,
               "y": -0.08589818328619003,
               "z": 0.15840990841388702
            },
            {
               "x": -0.02533026970922947,
               "y": -0.08498316258192062,
               "z": 0.1552697718143463
            },
            {
               "x": -0.02749454602599144,
               "y": -0.08372025191783905,
               "z": 0.15303505957126617
            },
            {
               "x": -0.030528107658028603,
               "y": -0.08244869112968445,
               "z": 0.15230314433574677
            },
            {
               "x": -0.033617883920669556,
               "y": -0.08150744438171387,
               "z": 0.15327200293540955
            },
            {
               "x": -0.035936154425144196,
               "y": -0.081150121986866,
               "z": 0.15568102896213531
            },
            {
               "x": -0.03686201572418213,
               "y": -0.08147197961807251,
               "z": 0.15888454020023346
            },
            {
               "x": -0.036146845668554306,
               "y": -0.08238672465085983,
               "z": 0.16202472150325775
            },
            {
               "x": -0.033982887864112854,
               "y": -0.08364927768707275,
               "z": 0.16425931453704834
            }
         ],
         "left_eye": [
            {
               "x": 0.03525441139936447,
               "y": -0.08525877445936203,
               "z": 0.16467641294002533
            },
            {
               "x": 0.03820745646953583,
               "y": -0.08632507175207138,
               "z": 0.1637316793203354
            },
            {
               "x": 0.04043341428041458,
               "y": -0.0867864117026329,