{
   "version": "1.0.0",
   "datapoints": [
      {
         "human": {
            "id": "41ee4572-87ef-4107-8cae-dc1b96c279d7",
            "head": {
               "eyes": {
                  "id": "2a681858-4c63-47e5-9b1d-10d144e8e345",
                  "target_of_gaze": {
                     "distance": 5.104872490047125,
                     "direction": {
                        "x": -0.32904943093489725,
                        "z": -0.15445335781223113,
                        "y": -0.8622619881165416
                     }
                  },
                  "eyelid_closure": 0.5160870923024818
               },
               "location": {
                  "x": 0.0,
                  "z": 0.0,
                  "y": 0.0
               },
               "rotation": {
                  "roll": 0.0,
                  "pitch": 0.0,
                  "yaw": 0.0
               },
               "expression": {
                  "name": "contempt",
                  "intensity": 0.25244591694214535
               },
               "eyebrows": {
                  "id": "4162e2d7-e6ac-4bd0-8962-725797b9f312",
                  "color_settings": {
                     "index_of_refraction": 1.5432986817659307,
                     "melanin": 0.40530825165406736,
                     "redness": 0.29164104229943155,
                     "roughness": 0.22187486814518864,
                     "whiteness": 0.3332995004103926
                  }
               },
               "hair": {
                  "id": "ced8a561-92d0-4cd6-a781-6883e21be08b",
                  "color_settings": {
                     "index_of_refraction": 1.5432986817659307,
                     "melanin": 0.40530825165406736,
                     "redness": 0.29164104229943155,
                     "roughness": 0.22187486814518864,
                     "whiteness": 0.3332995004103926
                  }
               },
               "facial_hair": null
            }
         },
         "camera": {
            "name": "camera",
            "intrinsic_params": {
               "projection": "perspective",
               "resolution_width": 128,
               "resolution_height": 128,
               "fov_horizontal": 8.0,
               "fov_vertical": 8.0,
               "sensor_width": 15.0,
               "wavelength": "visible"
            },
            "extrinsic_params": {
               "rotation": {
                  "roll": 0.0,
                  "pitch": 0.0,
                  "yaw": 0.0
               },
               "location": {
                  "x": 0.0,
                  "z": 0.12,
                  "y": -1.6
               }
            }
         },
         "accessories": {
            "mask": null,
            "glasses": null
         },
         "background": {
            "id": "910be835-dc82-440f-ab6a-8cca7a8acad3",
            "transparent": false,
            "rotation": 158.45847682429985
         },
         "lights": []
      }
   ]
}