{
   "version": "1.1.0",
   "camera_name": "camera_1",
   "camera_type": "PERSP",
   "focal_length": 50.0,
   "location": {
      "x": 0.0,
      "y": -1.3499999046325684,
      "z": 1.5099999904632568
   },
   "orientation": {
      "look_at_vector": {
         "x": 0.0,
         "y": 0.7033946514129639,
         "z": -0.7107995748519897
      },
      "up_vector": {
         "x": 0.0,
         "y": 0.7107995748519897,
         "z": 0.7033946514129639
      }
   },
   "aspect_px": {
      "x": 1.0,
      "y": 1.0
   },
   "resolution_px": {
      "x": 1024.0,
      "y": 1024.0
   },
   "fov": {
      "horizontal": 9.99999970909292,
      "vertical": 9.999999691412535
   },
   "sensor": {
      "sensor_width": 8.748866081237793,
      "sensor_height": 8.748866081237793
   },
   "intrinsic_matrix": [
      [
         5852.186960525083,
         -3.5834310146094605e-13,
         512.0
      ],
      [
         0.0,
         5852.186960525083,
         512.0
      ],
      [
         0.0,
         0.0,
         1.0
      ]
   ],
   "extrinsic_matrix": [
      [
         1.0000000708047665,
         -0.0,
         0.0,
         0.0
      ],
      [
         -0.0,
         -0.710799515247345,
         -0.7033947110176086,
         0.10254672913170282
      ],
      [
         0.0,
         0.7033946514129639,
         -0.7107995748519897,
         2.0228900635743514
      ]
   ]
}