{
   "version": "1.0.0",
   "datapoints": [
      {
         "human": {
            "id": "a56c61df-234f-4359-a6bb-44645a36064d",
            "head": {
               "eyes": {
                  "id": "246bc497-a3ce-43c6-a980-72b145b52a5a",
                  "target_of_gaze": {
                     "direction": {
                        "x": -0.04271599957217964,
                        "y": -0.859912868139878,
                        "z": 0.11623211821468471
                     },
                     "distance": 4.812734068363084
                  },
                  "eyelid_closure": 0.30287290955273616
               },
               "location": {
                  "x": 0.0,
                  "y": 0.0,
                  "z": 0.0
               },
               "rotation": {
                  "pitch": 0.0,
                  "roll": 0.0,
                  "yaw": 0.0
               },
               "expression": {
                  "name": "disgust",
                  "intensity": 0.8115311738670893
               },
               "eyebrows": {
                  "id": "7755041b-6d0e-44e3-9931-b7972b461b19",
                  "color_settings": {
                     "index_of_refraction": 1.5901765820852516,
                     "melanin": 0.49018043451921756,
                     "redness": 0.44227694164246434,
                     "roughness": 0.2981407901055797,
                     "whiteness": 0.9140928885150209
                  }
               },
               "hair": {
                  "id": "9ab770fe-cae4-4ff7-97d7-1a0b71ffa8ce",
                  "color_settings": {
                     "index_of_refraction": 1.5901765820852516,
                     "melanin": 0.49018043451921756,
                     "redness": 0.44227694164246434,
                     "roughness": 0.2981407901055797,
                     "whiteness": 0.9140928885150209
                  }
               },
               "facial_hair": null
            }
         },
         "camera": {
            "name": "camera",
            "intrinsic_params": {
               "projection": "perspective",
               "resolution_width": 128,
               "resolution_height": 128,
               "fov_horizontal": 8.0,
               "fov_vertical": 8.0,
               "sensor_width": 15.0,
               "wavelength": "visible"
            },
            "extrinsic_params": {
               "location": {
                  "x": 0.0,
                  "y": -1.6,
                  "z": 0.12
               },
               "rotation": {
                  "pitch": 0.0,
                  "roll": 0.0,
                  "yaw": 0.0
               }
            }
         },
         "accessories": {
            "glasses": null,
            "mask": null
         },
         "background": {
            "id": "f2623759-89cd-49d7-a15a-27d1a44f1ef7",
            "transparent": false,
            "rotation": 14.066121960199162
         },
         "lights": []
      }
   ]
}