{
   "version": "1.0.0",
   "face_expression": {
      "intensity_level": 2.385257440913329,
      "name": "happiness"
   },
   "eye_gaze": {
      "axis_directions": {
         "right_eye": {
            "axis_directions": {
               "visual_axis_direction": {
                  "x": -0.47956561044365253,
                  "y": -0.877455604516394,
                  "z": -0.009406773228723624
               },
               "optical_axis_direction": {
                  "x": -0.5351006076308784,
                  "y": -0.8447392878875604,
                  "z": -0.009103582387280713
               }
            }
         },
         "left_eye": {
            "axis_directions": {
               "visual_axis_direction": {
                  "x": -0.5162512388967989,
                  "y": -0.856416049681763,
                  "z": -0.006017323741030772
               },
               "optical_axis_direction": {
                  "x": -0.4385913945012802,
                  "y": -0.8983699488318079,
                  "z": -0.023854217768716303
               }
            }
         }
      },
      "target_point": {
         "right_eye": {
            "x": -2.2143023014068604,
            "y": -3.9360060691833496,
            "z": 0.20819085836410522
         },
         "left_eye": {
            "x": -2.2143023014068604,
            "y": -3.9360060691833496,
            "z": 0.20819085836410522
         }
      },
      "eye_gaze_direction_type": "custom"
   },
   "eyelid_closure_intensity_level": 4,
   "identity_label": {
      "age": "adult",
      "ethnicity": "african",
      "gender": "female"
   },
   "accessories": [],
   "center_of_pupil_point": {
      "2d": {
         "camera": {
            "right_eye": {
               "x": 38.40453328559165,
               "y": 42.31352967383014
            },
            "left_eye": {
               "x": 38.49625545254801,
               "y": 78.95210599177801
            }
         }
      },
      "3d": {
         "right_eye": {
            "x": -0.03663608804345131,
            "y": -0.05383256822824478,
            "z": 0.1632397621870041
         },
         "left_eye": {
            "x": 0.025236796587705612,
            "y": -0.05521458759903908,
            "z": 0.16304630041122437
         }
      }
   },
   "iris_circle": {
      "2d": {
         "camera": {
            "right_eye": [
               {
                  "x": 33.89650638417224,
                  "y": 42.116599406234236
               },
               {
                  "x": 34.46205514425998,
                  "y": 43.99997829638323
               },
               {
                  "x": 36.0866566129816,
                  "y": 45.38824167220769
               },
               {
                  "x": 38.33480098620315,
                  "y": 45.90513798309378
               },
               {
                  "x": 40.60035723598188,
                  "y": 45.41054853862971
               },
               {
                  "x": 42.272430662743155,
                  "y": 44.038780201441845
               },
               {
                  "x": 42.903121465165,
                  "y": 42.16142839336794
               },
               {
                  "x": 42.32727299003336,
                  "y": 40.28285669213993
               },
               {
                  "x": 40.7026917314233,
                  "y": 38.9047718445133
               },
               {
                  "x": 38.46492623677427,
                  "y": 38.39262281407629
               },
               {
                  "x": 36.209803602743676,
                  "y": 38.882175194224054
               },
               {
                  "x": 34.53752653098409,
                  "y": 40.243920936197874
               }
            ],
            "left_eye": [
               {
                  "x": 33.985809966641916,
                  "y": 78.76774091685648
               },
               {
                  "x": 34.55398661804975,
                  "y": 80.82092610791078
               },
               {
                  "x": 36.18139022848304,
                  "y": 82.34012295086093
               },
               {
                  "x": 38.432350324487174,
                  "y": 82.91515611712546
               },
               {
                  "x": 40.69972290712152,
                  "y": 82.39031239411797
               },
               {
                  "x": 42.373417921166954,
                  "y": 80.90807603153965
               },
               {
                  "x": 43.00516142075992,
                  "y": 78.86867339692053
               },
               {
                  "x": 42.42841427543581,
                  "y": 76.82041606662729
               },
               {
                  "x": 40.801097746978726,
                  "y": 75.30983712744916
               },
               {
                  "x": 38.55905322608021,
                  "y": 74.7390652232365
               },
               {
                  "x": 36.299624216582515,
                  "y": 75.2590558839421
               },
               {
                  "x": 34.62599074446838,
                  "y": 76.73272714511094
               }
            ]
         }
      },
      "3d": {
         "right_eye": [
            {
               "x": -0.03695661574602127,
               "y": -0.054341014474630356,
               "z": 0.17083868384361267
            },
            {
               "x": -0.033731572329998016,
               "y": -0.05637281760573387,
               "z": 0.16981801390647888
            },
            {
               "x": -0.03136024624109268,
               "y": -0.05784381926059723,
               "z": 0.1670331358909607
            },
            {
               "x": -0.030479101464152336,
               "y": -0.05835924297571182,
               "z": 0.16323062777519226
            },
            {
               "x": -0.03132390230894089,
               "y": -0.057782646268606186,
               "z": 0.15942925214767456
            },
            {
               "x": -0.033668436110019684,
               "y": -0.05626707524061203,
               "z": 0.156647726893425
            },
            {
               "x": -0.036883819848299026,
               "y": -0.05421900749206543,
               "z": 0.1556311547756195
            },
            {
               "x": -0.04010923579335213,
               "y": -0.05218764394521713,
               "z": 0.1566518247127533
            },
            {
               "x": -0.04248011112213135,
               "y": -0.050716858357191086,
               "z": 0.1594366729259491
            },
            {
               "x": -0.04336147755384445,
               "y": -0.05020136758685112,
               "z": 0.16323904693126678
            },
            {
               "x": -0.04251668602228165,
               "y": -0.050777919590473175,
               "z": 0.16704018414020538
            },
            {
               "x": -0.04017234221100807,
               "y": -0.05229320004582405,
               "z": 0.16982205212116241
            }
         ],
         "left_eye": [
            {
               "x": 0.024915305897593498,
               "y": -0.05585365369915962,
               "z": 0.17063826322555542
            },
            {
               "x": 0.028348930180072784,
               "y": -0.0575074665248394,
               "z": 0.16962645947933197
            },
            {
               "x": 0.030885878950357437,
               "y": -0.05867571383714676,
               "z": 0.16684822738170624
            },
            {
               "x": 0.03184664249420166,
               "y": -0.059044767171144485,
               "z": 0.1630471646785736
            },
            {
               "x": 0.030973613262176514,
               "y": -0.058515846729278564,