{
   "version": "1.0.0",
   "apex_of_cornea_point": {
      "2d": {
         "camera": {
            "right_eye": {
               "x": 41.70109870138163,
               "y": 44.32961555987038
            },
            "left_eye": {
               "x": 42.4148808613683,
               "y": 85.95376233448026
            }
         }
      },
      "3d": {
         "right_eye": {
            "x": -0.03328106924891472,
            "y": -0.05146608129143715,
            "z": 0.15772835910320282
         },
         "left_eye": {
            "x": 0.03708704933524132,
            "y": -0.05385712534189224,
            "z": 0.15646429359912872
         }
      }
   },
   "identity_label": {
      "age": "old",
      "ethnicity": "south_asian",
      "gender": "female"
   },
   "eyelid_closure_intensity_level": 3,
   "facial_hair_included": false,
   "head_metadata": {
      "head_six_dof": {
         "location": {
            "x": -0.0037364959716796875,
            "y": -0.068104088306427,
            "z": 0.16746565699577332
         },
         "look_at_vector": {
            "x": 8.74227803627227e-08,
            "y": -0.9999999999999962,
            "z": 9.553428304548457e-16
         }
      },
      "head_root_location": {
         "x": 0.0,
         "y": 0.0,
         "z": 0.0
      },
      "head_rotation": {
         "roll": 0.0,
         "yaw": 0.0,
         "pitch": 0.0
      }
   },
   "identity_id": "9c46c06f-dc5e-47da-8411-b7efb158bb80",
   "accessories": [],
   "center_of_rotation_point": {
      "2d": {
         "camera": {
            "right_eye": {
               "x": 40.877105281260306,
               "y": 41.86964999207267
            },
            "left_eye": {
               "x": 41.625616987659924,
               "y": 82.28835758881894
            }
         }
      },
      "3d": {
         "right_eye": {
            "x": -0.03782040253281593,
            "y": -0.03586525470018387,
            "z": 0.15951664745807648
         },
         "left_eye": {
            "x": 0.03119923174381256,
            "y": -0.03863120824098587,
            "z": 0.15816983580589294
         }
      }
   },
   "center_of_iris_point": {
      "2d": {
         "camera": {
            "right_eye": {
               "x": 41.52073308162254,
               "y": 43.79349512554373
            },
            "left_eye": {
               "x": 42.24552098875144,
               "y": 85.16537938015009
            }
         }
      },
      "3d": {
         "right_eye": {
            "x": -0.034262485802173615,
            "y": -0.04809916019439697,
            "z": 0.15811622142791748
         },
         "left_eye": {
            "x": 0.03583039715886116,
            "y": -0.05060601979494095,
            "z": 0.1568276733160019
         }
      }
   },
   "center_of_pupil_point": {
      "2d": {
         "camera": {
            "right_eye": {
               "x": 41.49670892769005,
               "y": 43.721840256073776
            },
            "left_eye": {
               "x": 42.22245402249316,
               "y": 85.05852744048796
            }
         }
      },
      "3d": {
         "right_eye": {
            "x": -0.03439399227499962,
            "y": -0.04764748737215996,
            "z": 0.15816806256771088
         },
         "left_eye": {
            "x": 0.03565967455506325,
            "y": -0.05016424506902695,
            "z": 0.15687723457813263
         }
      }
   },
   "pupil_circle": {
      "2d": {
         "camera": {
            "right_eye": [
               {
                  "x": 39.44090214095358,
                  "y": 43.76190677681087
               },
               {
                  "x": 39.71709015896527,
                  "y": 44.75338753349389
               },
               {
                  "x": 40.46931092484618,
                  "y": 45.46766639699971
               },
               {
                  "x": 41.49589731108075,
                  "y": 45.714205469899596
               },
               {
                  "x": 42.52237670436534,
                  "y": 45.42720850431602
               },
               {
                  "x": 43.27457187660565,
                  "y": 44.68365773306183
               },
               {
                  "x": 43.55094683858922,
                  "y": 43.681826778570525
               },
               {
                  "x": 43.276871414574444,
                  "y": 42.69022183175592
               },
               {
                  "x": 42.52468118383518,
                  "y": 41.97450430776189
               },
               {
                  "x": 41.49687955059848,
                  "y": 41.7271505613606
               },
               {
                  "x": 40.46848773211471,
                  "y": 42.01424373310714
               },
               {
                  "x": 39.716563441951905,
                  "y": 42.75913842465831
               }
            ],
            "left_eye": [
               {
                  "x": 40.14622393834786,
                  "y": 85.10313187828433
               },
               {
                  "x": 40.41430858498143,
                  "y": 86.0573063981296
               },
               {
                  "x": 41.165862072144996,
                  "y": 86.74360287851263
               },
               {
                  "x": 42.199931377988385,
                  "y": 86.97830741102152
               },
               {
                  "x": 43.239758541024955,
                  "y": 86.69853573815368
               },
               {
                  "x": 44.00763860952648,
                  "y": 85.97958266684627
               },
               {
                  "x": 44.29749067904169,
                  "y": 85.0138242259577
               },
               {
                  "x": 44.03159537422678,
                  "y": 84.05887889488959
               },
               {
                  "x": 43.2799854273095,
                  "y": 83.37110813503155
               },
               {
                  "x": 42.244513373448584,
                  "y": 83.13527305713626
               },
               {
                  "x": 41.20304052088543,
                  "y": 83.41549022492723
               },
               {
                  "x": 40.43492931924348,
                  "y": 84.13587116871395
               }
            ]
         }
      },
      "3d": {
         "right_eye": [
            {
               "x": -0.034317731857299805,
               "y": -0.04802298918366432,
               "z": 0.1616448611021042
            },
            {
               "x": -0.03264780715107918,
               "y": -0.047484252601861954,
               "z": 0.16119082272052765
            },
            {
               "x": -0.0314461924135685,
               "y": -0.04698998108506203,
               "z": 0.15992754697799683
            },
            {
               "x": -0.031034210696816444,
               "y": -0.04667200893163681,
               "z": 0.1581934243440628
            },
            {
               "x": -0.03152246028184891,
               "y": -0.04661458730697632,
               "z": 0.15645265579223633
            },
            {
               "x": -0.032779816538095474,
               "y": -0.046833816915750504,
               "z": 0.15517103672027588
            },
            {
               "x": -0.03447020426392555,
               "y": -0.047271594405174255,
               "z": 0.15469224750995636
            },
            {
               "x": -0.03613996505737305,
               "y": -0.04780922085046768,
               "z": 0.1551450490951538
            },
            {
               "x": -0.03734186291694641,
               "y": -0.04830418527126312,
               "z": 0.1564090996980667
            },
            {
               "x": -0.03775346651673317,
               "y": -0.0486229844391346,