{
   "version": "1.0.0",
   "datapoints": [
      {
         "human": {
            "id": "7aea7ee2-e687-4c3d-9dfb-9aa90b64982d",
            "head": {
               "eyes": {
                  "id": "73da0580-bf89-4dc7-8d82-64e77177583a",
                  "target_of_gaze": {
                     "distance": 0.8556159758110244,
                     "direction": {
                        "y": -0.8871312020454633,
                        "x": -0.19200043784079668,
                        "z": 0.06882762480955995
                     }
                  },
                  "eyelid_closure": 0.7476065523783406
               },
               "location": {
                  "y": 0.0,
                  "x": 0.0,
                  "z": 0.0
               },
               "rotation": {
                  "yaw": 0.0,
                  "pitch": 0.0,
                  "roll": 0.0
               },
               "expression": {
                  "name": "happiness",
                  "intensity": 0.9100898866083859
               },
               "eyebrows": {
                  "id": "7755041b-6d0e-44e3-9931-b7972b461b19",
                  "color_settings": {
                     "index_of_refraction": 1.525964708318808,
                     "melanin": 0.861172181792607,
                     "redness": 0.8650665523385125,
                     "roughness": 0.19578595769759086,
                     "whiteness": 0.9255194376058858
                  }
               },
               "hair": {
                  "id": "4871769e-b5f6-4129-9f07-afa74c401bca",
                  "color_settings": {
                     "index_of_refraction": 1.525964708318808,
                     "melanin": 0.861172181792607,
                     "redness": 0.8650665523385125,
                     "roughness": 0.19578595769759086,
                     "whiteness": 0.9255194376058858
                  }
               },
               "facial_hair": null
            }
         },
         "camera": {
            "name": "camera",
            "intrinsic_params": {
               "projection": "perspective",
               "resolution_width": 128,
               "resolution_height": 128,
               "fov_horizontal": 8.0,
               "fov_vertical": 8.0,
               "sensor_width": 15.0,
               "wavelength": "visible"
            },
            "extrinsic_params": {
               "location": {
                  "y": -1.6,
                  "x": 0.0,
                  "z": 0.12
               },
               "rotation": {
                  "yaw": 0.0,
                  "pitch": 0.0,
                  "roll": 0.0
               }
            }
         },
         "accessories": {
            "mask": null,
            "glasses": null
         },
         "background": {
            "id": "1d299652-0eb8-4107-b6a1-0c0607282302",
            "transparent": false,
            "rotation": 211.90182542836578
         },
         "lights": []
      }
   ]
}