{
   "face_expression": {
      "name": "disgust",
      "intensity_level": 2
   },
   "identity_label": {
      "age": "old",
      "ethnicity": "hispanic",
      "gender": "male"
   },
   "facial_hair_included": false,
   "identity_id": "b7914182-337f-4db7-b320-42873f36fc40",
   "head_metadata": {
      "head_root_location": {
         "x": 0.0,
         "y": 0.0,
         "z": 0.0
      },
      "head_rotation": {
         "pitch": -19.99999941818584,
         "yaw": 50.98523455021873,
         "roll": -4.088027020150834
      },
      "head_six_dof": {
         "location": {
            "x": 0.04062463343143463,
            "y": 0.02495444007217884,
            "z": 0.18114295601844788
         },
         "look_at_vector": {
            "x": 0.7528418298598779,
            "y": -0.572609126268376,
            "z": 0.32457351667595685
         }
      }
   },
   "apex_of_cornea_point": {
      "2d": {
         "camera": {
            "right_eye": {
               "x": 263,
               "y": 564
            },
            "left_eye": {
               "x": 290,
               "y": 735
            }
         }
      },
      "3d": {
         "right_eye": {
            "x": 0.011313225142657757,
            "y": 0.0019774737302213907,
            "z": 0.17457106709480286
         },
         "left_eye": {
            "x": 0.050138432532548904,
            "y": 0.04912314563989639,
            "z": 0.16990742087364197
         }
      }
   },
   "center_of_rotation_point": {
      "2d": {
         "camera": {
            "right_eye": {
               "x": 279,
               "y": 551
            },
            "left_eye": {
               "x": 307,
               "y": 717
            }
         }
      },
      "3d": {
         "right_eye": {
            "x": 0.008540225215256214,
            "y": 0.011068211868405342,
            "z": 0.17134037613868713
         },
         "left_eye": {
            "x": 0.046407945454120636,
            "y": 0.057892657816410065,
            "z": 0.16646435856819153
         }
      }
   },
   "iris_circle": {
      "2d": {
         "camera": {
            "right_eye": [
               {
                  "x": 243,
                  "y": 556
               },
               {
                  "x": 245,
                  "y": 568
               },
               {
                  "x": 253,
                  "y": 578
               },
               {
                  "x": 264,
                  "y": 584
               },
               {
                  "x": 275,
                  "y": 583
               },
               {
                  "x": 285,
                  "y": 577
               },
               {
                  "x": 289,
                  "y": 566
               },
               {
                  "x": 287,
                  "y": 554
               },
               {
                  "x": 279,
                  "y": 543
               },
               {
                  "x": 268,
                  "y": 538
               },
               {
                  "x": 257,
                  "y": 539
               },
               {
                  "x": 247,
                  "y": 545
               }
            ],
            "left_eye": [
               {
                  "x": 272,
                  "y": 726
               },
               {
                  "x": 274,
                  "y": 738
               },
               {
                  "x": 282,
                  "y": 747
               },
               {
                  "x": 292,
                  "y": 752
               },
               {
                  "x": 304,
                  "y": 752
               },
               {
                  "x": 312,
                  "y": 746
               },
               {
                  "x": 315,
                  "y": 736
               },
               {
                  "x": 313,
                  "y": 725
               },
               {
                  "x": 306,
                  "y": 716
               },
               {
                  "x": 295,
                  "y": 710
               },
               {
                  "x": 284,
                  "y": 711
               },
               {
                  "x": 275,
                  "y": 716
               }
            ]
         }
      },
      "3d": {
         "right_eye": [
            {
               "x": 0.009685426950454712,
               "y": 0.0053700595162808895,
               "z": 0.179000124335289
            },
            {
               "x": 0.01233165804296732,
               "y": 0.005987882148474455,
               "z": 0.178569033741951
            },
            {
               "x": 0.01449587382376194,
               "y": 0.006033352576196194,
               "z": 0.17686142027378082
            },
            {
               "x": 0.01568736508488655,
               "y": 0.005509330425411463,
               "z": 0.1744554191827774
            },
            {
               "x": 0.01554862316697836,
               "y": 0.004555420018732548,
               "z": 0.1719471663236618
            },
            {
               "x": 0.014142811298370361,
               "y": 0.003416027408093214,
               "z": 0.16980111598968506
            },
            {
               "x": 0.011805171146988869,
               "y": 0.002394507173448801,
               "z": 0.16883854568004608
            },
            {
               "x": 0.00913933478295803,
               "y": 0.0017545168520882726,
               "z": 0.1692807972431183
            },
            {
               "x": 0.006856223568320274,
               "y": 0.001639603404328227,
               "z": 0.17093946039676666
            },
            {
               "x": 0.005679561756551266,
               "y": 0.0021083620376884937,
               "z": 0.1733327955007553
            },
            {
               "x": 0.005837286822497845,
               "y": 0.003055655863136053,
               "z": 0.17590178549289703
            },
            {
               "x": 0.007310630287975073,
               "y": 0.004280338063836098,
               "z": 0.17801770567893982
            }
         ],
         "left_eye": [
            {
               "x": 0.04832233116030693,
               "y": 0.05234728008508682,
               "z": 0.1741996854543686
            },
            {
               "x": 0.050936393439769745,
               "y": 0.053256016224622726,
               "z": 0.17370019853115082
            },
            {
               "x": 0.053085051476955414,
               "y": 0.05348840728402138,
               "z": 0.1720217913389206
            },
            {
               "x": 0.054247502237558365,
               "y": 0.05308295413851738,
               "z": 0.1695716232061386
            },
            {
               "x": 0.054155927151441574,
               "y": 0.05206972733139992,
               "z": 0.16700372099876404
            },
            {
               "x": 0.052789121866226196,
               "y": 0.05073109269142151,
               "z": 0.16513276100158691
            },
            {
               "x": 0.05043349787592888,
               "y": 0.049407970160245895,
               "z": 0.1643373817205429
            },
            {
               "x": 0.047886352986097336,
               "y": 0.0485210120677948,
               "z": 0.16476835310459137
            },
            {
               "x": 0.04581156745553017,
               "y": 0.04829121381044388,
               "z": 0.16640490293502808
            },
            {
               "x": 0.04464663192629814,
               "y": 0.048733629286289215,
               "z": 0.16883844137191772
            },
            {
               "x": 0.044746093451976776,
               "y": 0.049775946885347366,
               "z": 0.17139595746994019
            },
            {
               "x": 0.0460541695356369,