{
   "eyebrows": [
      0.39999,
      0.39999,
      0.39999
   ],
   "scalp": [
      0.19999,
      0.19999,
      0.19999
   ],
   "head": [
      0.81494,
      0.03072,
      0.01599
   ],
   "eye_left": [
      0.6,
      0.6,
      0.6
   ],
   "eye_right": [
      0.5,
      0.5,
      0.5
   ],
   "tearduct_left": [
      0.1,
      0.1,
      0.1
   ],
   "tearduct_right": [
      0.0,
      0.0,
      0.0
   ],
   "Mouth_geo": [
      0.99121,
      0.02625,
      0.94727
   ],
   "Teeth_low_geo": [
      0.8,
      0.8,
      0.8
   ],
   "Teeth_up_geo": [
      0.69999,
      0.69999,
      0.69999
   ],
   "nose": [
      0.17139,
      0.29614,
      0.0369
   ],
   "right_ear": [
      0.85498,
      0.2384,
      0.22693
   ],
   "left_ear": [
      0.18445,
      0.95605,
      0.44531
   ],
   "upper_lip": [
      0.99121,
      0.98242,
      0.08649
   ],
   "lower_lip": [
      0.01521,
      0.2583,
      0.99121
   ]
}