{
   "version": "1.0.0",
   "apex_of_cornea_point": {
      "2d": {
         "camera": {
            "right_eye": {
               "x": 39.48286301927108,
               "y": 41.3506736920165
            },
            "left_eye": {
               "x": 38.804422574243475,
               "y": 78.37873637326766
            }
         }
      },
      "3d": {
         "right_eye": {
            "x": -0.037911560386419296,
            "y": -0.0680214986205101,
            "z": 0.16103799641132355
         },
         "left_eye": {
            "x": 0.02407418005168438,
            "y": -0.06761785596609116,
            "z": 0.1621847152709961
         }
      }
   },
   "center_of_iris_point": {
      "2d": {
         "camera": {
            "right_eye": {
               "x": 39.54487715671855,
               "y": 42.08314416338477
            },
            "left_eye": {
               "x": 38.87161204767713,
               "y": 79.02310866843266
            }
         }
      },
      "3d": {
         "right_eye": {
            "x": -0.036747828125953674,
            "y": -0.06541932374238968,
            "z": 0.1610037237405777
         },
         "left_eye": {
            "x": 0.025196444243192673,
            "y": -0.06497395783662796,
            "z": 0.16214480996131897
         }
      }
   },
   "face_expression": {
      "name": "contempt",
      "intensity_level": 4.94366136590982
   },
   "center_of_pupil_point": {
      "2d": {
         "camera": {
            "right_eye": {
               "x": 39.553320175297856,
               "y": 42.18089913913251
            },
            "left_eye": {
               "x": 38.88018585643077,
               "y": 79.11033626701717
            }
         }
      },
      "3d": {
         "right_eye": {
            "x": -0.03659224882721901,
            "y": -0.06507008522748947,
            "z": 0.1609988957643509
         },
         "left_eye": {
            "x": 0.02534867450594902,
            "y": -0.06461453437805176,
            "z": 0.16214029490947723
         }
      }
   },
   "center_of_rotation_point": {
      "2d": {
         "camera": {
            "right_eye": {
               "x": 39.77365545565626,
               "y": 44.71915962765224
            },
            "left_eye": {
               "x": 39.11547578858591,
               "y": 81.376654663193
            }
         }
      },
      "3d": {
         "right_eye": {
            "x": -0.03252686560153961,
            "y": -0.05598130077123642,
            "z": 0.16086995601654053
         },
         "left_eye": {
            "x": 0.029328662902116776,
            "y": -0.05523509904742241,
            "z": 0.1620005965232849
         }
      }
   },
   "pupil_circle": {
      "2d": {
         "camera": {
            "right_eye": [
               {
                  "x": 37.872392789062516,
                  "y": 42.18391711877751
               },
               {
                  "x": 38.08496972529842,
                  "y": 42.943844168359604
               },
               {
                  "x": 38.69102755331539,
                  "y": 43.499723671210866
               },
               {
                  "x": 39.52905695856788,
                  "y": 43.702179871266424
               },
               {
                  "x": 40.37346352742116,
                  "y": 43.49672082298017
               },
               {
                  "x": 40.99737299918318,
                  "y": 42.938668316882726
               },
               {
                  "x": 41.23407836320314,
                  "y": 42.177941198200564
               },
               {
                  "x": 41.020219739935975,
                  "y": 41.41847755995699
               },
               {
                  "x": 40.41348219094763,
                  "y": 40.86382343732033
               },
               {
                  "x": 39.57682994440529,
                  "y": 40.6620170071537
               },
               {
                  "x": 38.73373796140378,
                  "y": 40.866926973297936
               },
               {
                  "x": 38.11016021219907,
                  "y": 41.423673382455654
               }
            ],
            "left_eye": [
               {
                  "x": 37.16201977879525,
                  "y": 79.1161606308731
               },
               {
                  "x": 37.381657535214316,
                  "y": 79.91240748283884
               },
               {
                  "x": 38.00306002071384,
                  "y": 80.49369729024174
               },
               {
                  "x": 38.86032270219914,
                  "y": 80.7045996051897
               },
               {
                  "x": 39.72295713359724,
                  "y": 80.48796690176025
               },
               {
                  "x": 40.35958689324576,
                  "y": 79.90246464269093
               },
               {
                  "x": 40.59952545583827,
                  "y": 79.10464043259131
               },
               {
                  "x": 40.378352970421005,
                  "y": 78.30907945717018
               },
               {
                  "x": 39.75652452589795,
                  "y": 77.72834337835059
               },
               {
                  "x": 38.900207617107405,
                  "y": 77.51802376791339
               },
               {
                  "x": 38.03858682438438,
                  "y": 77.73411329813746
               },
               {
                  "x": 37.40289838935694,
                  "y": 78.31906262446405
               }
            ]
         }
      },
      "3d": {
         "right_eye": [
            {
               "x": -0.03658807650208473,
               "y": -0.06503278762102127,
               "z": 0.16381900012493134
            },
            {
               "x": -0.03530021756887436,
               "y": -0.06561411172151566,
               "z": 0.16344602406024933
            },
            {
               "x": -0.034358538687229156,
               "y": -0.06604976952075958,
               "z": 0.162417933344841
            },
            {
               "x": -0.034015391021966934,
               "y": -0.06622248142957687,
               "z": 0.1610087752342224
            },
            {
               "x": -0.03436273708939552,
               "y": -0.0660870149731636,
               "z": 0.15959720313549042
            },
            {
               "x": -0.03530740365386009,
               "y": -0.0656789094209671,
               "z": 0.1585618108510971
            },
            {
               "x": -0.03659631684422493,
               "y": -0.06510752439498901,
               "z": 0.15817920863628387
            },
            {
               "x": -0.037884291261434555,
               "y": -0.06452677398920059,
               "z": 0.15855243802070618
            },
            {
               "x": -0.03882581740617752,
               "y": -0.06409159302711487,
               "z": 0.15958155691623688
            },
            {
               "x": -0.039168886840343475,
               "y": -0.06391867250204086,
               "z": 0.16099019348621368
            },
            {
               "x": -0.03882155194878578,
               "y": -0.06405429542064667,
               "z": 0.16240143775939941
            },
            {
               "x": -0.037877172231674194,
               "y": -0.06446199864149094,
               "z": 0.1634363830089569
            }
         ],
         "left_eye": [
            {
               "x": 0.025359082967042923,
               "y": -0.0645759254693985,
               "z": 0.1650237739086151
            },
            {
               "x": 0.026684993878006935,
               "y": -0.06514442712068558,
               "z": 0.16463877260684967
            },
            {
               "x": 0.027652129530906677,