{
   "keypoints_3d_coordinates": {
      "1": [
         -0.06494488567113876,
         0.016156181693077087,
         0.14514827728271484
      ],
      "2": [
         -0.06512565165758133,
         0.01334439218044281,
         0.12559878826141357
      ],
      "3": [
         -0.06620831787586212,
         0.015474699437618256,
         0.10566282272338867
      ],
      "4": [
         -0.0637805312871933,
         0.014156419783830643,
         0.08467721939086914
      ],
      "5": [
         -0.057076722383499146,
         0.0059981681406497955,
         0.06801795959472656
      ],
      "6": [
         -0.04778653383255005,
         -0.009055202826857567,
         0.0568850040435791
      ],
      "7": [
         -0.03595738485455513,
         -0.018923373892903328,
         0.04761195182800293
      ],
      "8": [
         -0.02152206189930439,
         -0.027434028685092926,
         0.04189157485961914
      ],
      "9": [
         0.000899838691111654,
         -0.032595425844192505,
         0.0326688289642334
      ],
      "10": [
         0.02370068058371544,
         -0.027477853000164032,
         0.04162263870239258
      ],
      "11": [
         0.0373760350048542,
         -0.01905048079788685,
         0.047838568687438965
      ],
      "12": [
         0.04901349917054176,
         -0.009566793218255043,
         0.05647003650665283
      ],
      "13": [
         0.05893135443329811,
         0.005407191812992096,
         0.06708383560180664
      ],
      "14": [
         0.06568127125501633,
         0.013567786663770676,
         0.08352446556091309
      ],
      "15": [
         0.06751353293657303,
         0.014647670090198517,
         0.1045379638671875
      ],
      "16": [
         0.06574783474206924,
         0.012965451925992966,
         0.1242746114730835
      ],
      "17": [
         0.06583473831415176,
         0.016303960233926773,
         0.14432692527770996
      ],
      "18": [
         -0.04416105896234512,
         -0.03676723316311836,
         0.15418314933776855
      ],
      "19": [
         -0.041163209825754166,
         -0.04100288450717926,
         0.15594565868377686
      ],
      "20": [
         -0.03387980908155441,
         -0.04815153405070305,
         0.1576296091079712
      ],
      "21": [
         -0.025397706776857376,
         -0.05349963158369064,
         0.15778875350952148
      ],
      "22": [
         -0.015443708747625351,
         -0.05759653449058533,
         0.15528011322021484
      ],
      "23": [
         0.018020091578364372,
         -0.05767013132572174,
         0.1554701328277588
      ],
      "24": [
         0.027902791276574135,
         -0.053331732749938965,
         0.15796875953674316
      ],
      "25": [
         0.03642049431800842,
         -0.0479191318154335,
         0.15759968757629395
      ],
      "26": [
         0.043551091104745865,
         -0.04085438698530197,
         0.15586566925048828
      ],
      "27": [
         0.046898238360881805,
         -0.03675583377480507,
         0.15429317951202393
      ],
      "28": [
         0.0008139588753692806,
         -0.055526554584503174,
         0.14176464080810547
      ],
      "29": [
         0.00016792170936241746,
         -0.05952906236052513,
         0.12910854816436768
      ],
      "30": [
         -0.000160754076205194,
         -0.06382879614830017,
         0.12139654159545898
      ],
      "31": [
         -0.0004181989934295416,
         -0.07140539586544037,
         0.10887229442596436
      ],
      "32": [
         -0.013898476026952267,
         -0.050122372806072235,
         0.0981748104095459
      ],
      "33": [
         -0.007369157392531633,
         -0.05497842654585838,
         0.0961458683013916
      ],
      "34": [
         0.0005950065096840262,
         -0.05789521336555481,
         0.09565269947052002
      ],
      "35": [
         0.008383993059396744,
         -0.05489802733063698,
         0.09695744514465332
      ],
      "36": [
         0.015272626653313637,
         -0.05013703927397728,
         0.09877502918243408
      ],
      "37": [
         -0.036024775356054306,
         -0.03679468855261803,
         0.13435280323028564
      ],
      "38": [
         -0.02892463654279709,
         -0.0458044670522213,
         0.13437974452972412
      ],
      "39": [
         -0.020396318286657333,
         -0.04609004408121109,
         0.13449311256408691
      ],
      "40": [
         -0.0135702695697546,
         -0.04145754501223564,
         0.1329737901687622
      ],
      "41": [
         -0.020361823961138725,
         -0.043790362775325775,
         0.1306319236755371
      ],
      "42": [
         -0.029401767998933792,
         -0.04240965098142624,
         0.13071715831756592
      ],
      "43": [
         0.014503957703709602,
         -0.04220348969101906,
         0.1332988739013672
      ],
      "44": [
         0.022063102573156357,
         -0.04647520184516907,
         0.13446581363677979
      ],
      "45": [
         0.03157038986682892,
         -0.045902885496616364,
         0.1344139575958252
      ],
      "46": [
         0.037896107882261276,
         -0.0372794046998024,
         0.13437581062316895
      ],
      "47": [
         0.031172413378953934,
         -0.04251471906900406,
         0.131142258644104
      ],
      "48": [
         0.02161385864019394,
         -0.043895915150642395,
         0.13100051879882812
      ],
      "49": [
         -0.01729760691523552,
         -0.04273877292871475,
         0.0731886625289917
      ],
      "50": [
         -0.011809456162154675,
         -0.050981611013412476,
         0.07893943786621094
      ],
      "51": [
         -0.006068357732146978,
         -0.056651823222637177,
         0.08431124687194824
      ],
      "52": [
         0.0013482822105288506,
         -0.05775631219148636,
         0.0849301815032959
      ],
      "53": [
         0.00881359912455082,
         -0.056073207408189774,
         0.0849459171295166
      ],
      "54": [
         0.014143780805170536,
         -0.050678595900535583,
         0.07999038696289062
      ],
      "55": [
         0.018834469839930534,
         -0.04343343526124954,
         0.07375657558441162
      ],
      "56": [
         0.015432457439601421,
         -0.04604918509721756,
         0.06527197360992432
      ],
      "57": [
         0.008158155716955662,
         -0.04824081063270569,
         0.058514952659606934
      ],
      "58": [
         0.0013140399241819978,
         -0.04838472604751587,
         0.0560605525970459
      ],
      "59": [
         -0.005937112960964441,
         -0.047985222190618515,
         0.058849215507507324
      ],
      "60": [
         -0.012754390016198158,
         -0.04541745036840439,
         0.06522154808044434
      ],
      "61": [
         -0.015676436945796013,
         -0.04065915197134018,
         0.07463288307189941
      ],
      "62": [
         -0.004239730536937714,
         -0.052233513444662094,
         0.08165383338928223
      ],
      "63": [
         0.0011087062302976847,
         -0.052841898053884506,
         0.082061767578125
      ],
      "64": [
         0.007226370740681887,
         -0.052074186503887177,
         0.08209633827209473
      ],
      "65": [
         0.01770920120179653,
         -0.04120921343564987,
         0.07511413097381592
      ],
      "66": [
         0.007264981511980295,
         -0.0470714196562767,
         0.06375181674957275
      ],
      "67": [
         0.0013008459936827421,
         -0.04780792444944382,
         0.062030673027038574
      ],
      "68": [
         -0.005030094180256128,
         -0.04695983976125717,
         0.06347119808197021
      ]
   },
   "keypoints_2d_coordinates": {
      "1": [
         50,
         27
      ],
      "2": [
         61,
         27
      ],
      "3": [
         72,
         26
      ],