{
   "keypoints_3d_coordinates": {
      "1": [
         -0.07079233974218369,
         0.02549615502357483,
         0.16687989234924316
      ],
      "2": [
         -0.06543530523777008,
         0.016441630199551582,
         0.14834260940551758
      ],
      "3": [
         -0.0618668831884861,
         0.01139109581708908,
         0.12714946269989014
      ],
      "4": [
         -0.05473759025335312,
         0.0059073083102703094,
         0.10421860218048096
      ],
      "5": [
         -0.04552747681736946,
         -0.0005723191425204277,
         0.08929252624511719
      ],
      "6": [
         -0.032075513154268265,
         -0.015717241913080215,
         0.0851602554321289
      ],
      "7": [
         -0.013433302752673626,
         -0.02503778785467148,
         0.08072149753570557
      ],
      "8": [
         0.0048431456089019775,
         -0.03384140878915787,
         0.07823574542999268
      ],
      "9": [
         0.03460976108908653,
         -0.03619901090860367,
         0.07258224487304688
      ],
      "10": [
         0.05593216046690941,
         -0.015259187668561935,
         0.07850730419158936
      ],
      "11": [
         0.06132370978593826,
         0.0017905998975038528,
         0.0809406042098999
      ],
      "12": [
         0.06691545993089676,
         0.01576017588376999,
         0.08563804626464844
      ],
      "13": [
         0.06944034993648529,
         0.03457581251859665,
         0.08977270126342773
      ],
      "14": [
         0.07462462782859802,
         0.05311131477355957,
         0.10490536689758301
      ],
      "15": [
         0.07566846907138824,
         0.06408147513866425,
         0.12774384021759033
      ],
      "16": [
         0.07538427412509918,
         0.06993258744478226,
         0.148626446723938
      ],
      "17": [
         0.07295318692922592,
         0.07963868975639343,
         0.1677156686782837
      ],
      "18": [
         -0.022039765492081642,
         -0.017849557101726532,
         0.20484456419944763
      ],
      "19": [
         -0.019514568150043488,
         -0.016728002578020096,
         0.20967793464660645
      ],
      "20": [
         -0.010134114883840084,
         -0.018036164343357086,
         0.21307708323001862
      ],
      "21": [
         0.0004977816715836525,
         -0.017410505563020706,
         0.2134595662355423
      ],
      "22": [
         0.011937763541936874,
         -0.01543132122606039,
         0.21126388013362885
      ],
      "23": [
         0.03689967840909958,
         -0.005804404150694609,
         0.2114759236574173
      ],
      "24": [
         0.046828705817461014,
         -5.3724274039268494e-05,
         0.21370640397071838
      ],
      "25": [
         0.05525664985179901,
         0.006543288007378578,
         0.21326501667499542
      ],
      "26": [
         0.06165972352027893,
         0.013749556615948677,
         0.20972757041454315
      ],
      "27": [
         0.06454332172870636,
         0.014439010992646217,
         0.2046351134777069
      ],
      "28": [
         0.025811392813920975,
         -0.013678578659892082,
         0.20123255252838135
      ],
      "29": [
         0.02948518469929695,
         -0.0240560881793499,
         0.18896818161010742
      ],
      "30": [
         0.03257177397608757,
         -0.03254207223653793,
         0.18005108833312988
      ],
      "31": [
         0.036192167550325394,
         -0.04266282543540001,
         0.16593706607818604
      ],
      "32": [
         0.010944366455078125,
         -0.029404304921627045,
         0.15165925025939941
      ],
      "33": [
         0.02002216875553131,
         -0.03244982659816742,
         0.14828455448150635
      ],
      "34": [
         0.03297200798988342,
         -0.03247879445552826,
         0.14713704586029053
      ],
      "35": [
         0.042030006647109985,
         -0.02479235827922821,
         0.14818525314331055
      ],
      "36": [
         0.04746100306510925,
         -0.016648657619953156,
         0.150659441947937
      ],
      "37": [
         -0.014136058278381824,
         -0.018470462411642075,
         0.189078688621521
      ],
      "38": [
         -0.007154922932386398,
         -0.02040885016322136,
         0.19507288932800293
      ],
      "39": [
         0.0021817381493747234,
         -0.016989510506391525,
         0.19566881656646729
      ],
      "40": [
         0.008938029408454895,
         -0.011410299688577652,
         0.18967032432556152
      ],
      "41": [
         0.003788781352341175,
         -0.01657130941748619,
         0.18910622596740723
      ],
      "42": [
         -0.0044357553124427795,
         -0.02101273648440838,
         0.18872761726379395
      ],
      "43": [
         0.037230223417282104,
         -0.0012968219816684723,
         0.19029450416564941
      ],
      "44": [
         0.04598178714513779,
         -0.000657244585454464,
         0.19613707065582275
      ],
      "45": [
         0.05566816031932831,
         0.002756345085799694,
         0.19506514072418213
      ],
      "46": [
         0.05909960716962814,
         0.007324686273932457,
         0.18942809104919434
      ],
      "47": [
         0.054163772612810135,
         0.00035448092967271805,
         0.18887805938720703
      ],
      "48": [
         0.04431630298495293,
         -0.0019315946847200394,
         0.189697265625
      ],
      "49": [
         -0.0019779715221375227,
         -0.02894124574959278,
         0.1231226921081543
      ],
      "50": [
         0.005329742096364498,
         -0.03484560549259186,
         0.12721431255340576
      ],
      "51": [
         0.017150038853287697,
         -0.03785988688468933,
         0.13106095790863037
      ],
      "52": [
         0.0333884134888649,
         -0.03496745973825455,
         0.1312398910522461
      ],
      "53": [
         0.04608181118965149,
         -0.026365119963884354,
         0.13151681423187256
      ],
      "54": [
         0.054034192115068436,
         -0.015752671286463737,
         0.12750589847564697
      ],
      "55": [
         0.0574161522090435,
         -0.004971974063664675,
         0.12354528903961182
      ],
      "56": [
         0.05288296937942505,
         -0.013631243258714676,
         0.11587762832641602
      ],
      "57": [
         0.04511202499270439,
         -0.025512779131531715,
         0.11210620403289795
      ],
      "58": [
         0.032912567257881165,
         -0.0346536710858345,
         0.11158812046051025
      ],
      "59": [
         0.01669265329837799,
         -0.03722529858350754,
         0.11274325847625732
      ],
      "60": [
         0.00538197997957468,
         -0.03362110257148743,
         0.11669266223907471
      ],
      "61": [
         -0.0018012651707977057,
         -0.0276139248162508,
         0.1230400800704956
      ],
      "62": [
         0.018888156861066818,
         -0.03362012654542923,
         0.12634038925170898
      ],
      "63": [
         0.03189099580049515,
         -0.03141547739505768,
         0.12655580043792725
      ],
      "64": [
         0.04223833605647087,
         -0.024102484807372093,
         0.12626421451568604
      ],
      "65": [
         0.055221349000930786,
         -0.004716401919722557,
         0.12346172332763672
      ],
      "66": [
         0.04098261147737503,
         -0.021611690521240234,
         0.11449956893920898
      ],
      "67": [
         0.030935078859329224,
         -0.029227958992123604,
         0.11355257034301758
      ],
      "68": [
         0.018261481076478958,
         -0.03190172463655472,
         0.11482477188110352
      ]
   },
   "keypoints_2d_coordinates": {
      "1": [
         301,
         193
      ],
      "2": [
         384,
         216
      ],
      "3": [
         480,
         231
      ],
      "4": [
         584,
         262
      ],