{
   "version": "1.0.0",
   "facial_hair_included": false,
   "face_expression": {
      "name": "sadness",
      "intensity_level": 3.776969405674228
   },
   "center_of_iris_point": {
      "2d": {
         "camera": {
            "right_eye": {
               "x": 44.627658728439314,
               "y": 47.30982757792832
            },
            "left_eye": {
               "x": 44.13033851086814,
               "y": 84.69022733501622
            }
         }
      },
      "3d": {
         "right_eye": {
            "x": -0.028545711189508438,
            "y": -0.03463238850235939,
            "z": 0.1531331092119217
         },
         "left_eye": {
            "x": 0.03538728877902031,
            "y": -0.03462523967027664,
            "z": 0.15398384630680084
         }
      }
   },
   "center_of_rotation_point": {
      "2d": {
         "camera": {
            "right_eye": {
               "x": 42.474277585694466,
               "y": 45.29051314077317
            },
            "left_eye": {
               "x": 42.04878279111773,
               "y": 81.7747590919223
            }
         }
      },
      "3d": {
         "right_eye": {
            "x": -0.03219069540500641,
            "y": -0.025274785235524178,
            "z": 0.1570361852645874
         },
         "left_eye": {
            "x": 0.030569491907954216,
            "y": -0.025941763073205948,
            "z": 0.15775227546691895
         }
      }
   },
   "head_metadata": {
      "head_root_location": {
         "x": 0.0,
         "y": 0.0,
         "z": 0.0
      },
      "head_six_dof": {
         "location": {
            "x": -0.000823974609375,
            "y": -0.04645967483520508,
            "z": 0.1659768521785736
         },
         "look_at_vector": {
            "x": 8.74227803627227e-08,
            "y": -0.9999999999999962,
            "z": 9.553428304548457e-16
         }
      },
      "head_rotation": {
         "yaw": 0.0,
         "roll": 0.0,
         "pitch": 0.0
      }
   },
   "eye_gaze": {
      "axis_directions": {
         "right_eye": {
            "axis_directions": {
               "visual_axis_direction": {
                  "x": 0.3975392799047409,
                  "y": -0.845418853615667,
                  "z": -0.35669242055865374
               },
               "optical_axis_direction": {
                  "x": 0.3380886804886909,
                  "y": -0.8688000765366742,
                  "z": -0.36177682503898034
               }
            }
         },
         "left_eye": {
            "axis_directions": {
               "visual_axis_direction": {
                  "x": 0.704852120363815,
                  "y": -0.6471687245353266,
                  "z": -0.29044126842092
               },
               "optical_axis_direction": {
                  "x": 0.4535147151690589,
                  "y": -0.8175659092267167,
                  "z": -0.35483853679584926
               }
            }
         }
      },
      "target_point": {
         "right_eye": {
            "x": 1.9826377630233765,
            "y": -4.346703052520752,
            "z": -1.7977526187896729
         },
         "left_eye": {
            "x": 1.9826377630233765,
            "y": -4.346703052520752,
            "z": -1.7977526187896729
         }
      },
      "eye_gaze_direction_type": "custom"
   },
   "center_of_pupil_point": {
      "2d": {
         "camera": {
            "right_eye": {
               "x": 44.54764082304291,
               "y": 47.23512368505625
            },
            "left_eye": {
               "x": 44.052773151127646,
               "y": 84.58206658716412
            }
         }
      },
      "3d": {
         "right_eye": {
            "x": -0.028679806739091873,
            "y": -0.034286968410015106,
            "z": 0.15327730774879456
         },
         "left_eye": {
            "x": 0.03520951047539711,
            "y": -0.034304484724998474,
            "z": 0.15412349998950958
         }
      }
   },
   "accessories": [],
   "pupil_circle": {
      "2d": {
         "camera": {
            "right_eye": [
               {
                  "x": 42.941179468647185,
                  "y": 47.32112123931179
               },
               {
                  "x": 43.10000522686274,
                  "y": 48.117916065644565
               },
               {
                  "x": 43.646526660924046,
                  "y": 48.67764102345611
               },
               {
                  "x": 44.43338397960659,
                  "y": 48.8503417773726
               },
               {
                  "x": 45.25056741623672,
                  "y": 48.59071710994028
               },
               {
                  "x": 45.8794339810878,
                  "y": 47.96804971639109
               },
               {
                  "x": 46.151824432387286,
                  "y": 47.14909634538096
               },
               {
                  "x": 45.994603891011984,
                  "y": 46.35259854277978
               },
               {
                  "x": 45.449511745941216,
                  "y": 45.79215722665197
               },
               {
                  "x": 44.66207470343926,
                  "y": 45.61787140274182
               },
               {
                  "x": 43.8437093086699,
                  "y": 45.87718152990468
               },
               {
                  "x": 43.21361568896209,
                  "y": 46.500611005283105
               }
            ],
            "left_eye": [
               {
                  "x": 42.47093017095409,
                  "y": 84.69259012832048
               },
               {
                  "x": 42.58909143807069,
                  "y": 85.41946053182997
               },
               {
                  "x": 43.099161570824215,
                  "y": 85.92128782986748
               },
               {
                  "x": 43.86371091598748,
                  "y": 86.06396738245839
               },
               {
                  "x": 44.67873652696906,
                  "y": 85.81016769583246
               },
               {
                  "x": 45.326130055341494,
                  "y": 85.22748675702675
               },
               {
                  "x": 45.63279158779792,
                  "y": 84.47179929578523
               },
               {
                  "x": 45.51663580813063,
                  "y": 83.74495535026527
               },
               {
                  "x": 45.007792127689186,
                  "y": 83.24193909434405
               },
               {
                  "x": 44.24250697543481,
                  "y": 83.09773814293118
               },
               {
                  "x": 43.42626208269483,
                  "y": 83.35160636286618
               },
               {
                  "x": 42.77770685635936,
                  "y": 83.93542118062838
               }
            ]
         }
      },
      "3d": {
         "right_eye": [
            {
               "x": -0.028513150289654732,
               "y": -0.03535920009016991,
               "z": 0.15600082278251648
            },
            {
               "x": -0.0271619763225317,
               "y": -0.034726694226264954,
               "z": 0.15574374794960022
            },
            {
               "x": -0.026217283681035042,
               "y": -0.03397619351744652,
               "z": 0.15482576191425323
            },
            {
               "x": -0.025932826101779938,
               "y": -0.03330913186073303,
               "z": 0.15349367260932922
            },
            {
               "x": -0.026384057477116585,
               "y": -0.032904528081417084,
               "z": 0.15210312604904175
            },
            {
               "x": -0.02745080552995205,
               "y": -0.032869961112737656,