{
   "version": "1.0.0",
   "datapoints": [
      {
         "human": {
            "id": "a38ffcb6-6b1d-41f1-95e8-43ac064d94b5",
            "head": {
               "eyes": {
                  "id": "cef51ecc-7739-498a-8fe2-66babadb3c74",
                  "target_of_gaze": {
                     "direction": {
                        "x": 0.42529515617661173,
                        "z": -0.41922670010265933,
                        "y": -0.9286824389796106
                     },
                     "distance": 4.663698397665532
                  },
                  "eyelid_closure": 0.7710852447412304
               },
               "location": {
                  "x": 0.0,
                  "z": 0.0,
                  "y": 0.0
               },
               "rotation": {
                  "pitch": 0.0,
                  "roll": 0.0,
                  "yaw": 0.0
               },
               "expression": {
                  "intensity": 0.694242351418557,
                  "name": "sadness"
               },
               "eyebrows": {
                  "id": "f9ecc34a-2995-4ad0-b1ab-031d39421163",
                  "color_settings": {
                     "index_of_refraction": 1.4735137101681137,
                     "melanin": 0.5111240507245814,
                     "redness": 0.7154198203378883,
                     "roughness": 0.31249673257648436,
                     "whiteness": 0.022090544796970035
                  }
               },
               "hair": {
                  "id": "ce165c6e-f0a3-4daf-ada1-48f72e6eba2d",
                  "color_settings": {
                     "index_of_refraction": 1.4735137101681137,
                     "melanin": 0.5111240507245814,
                     "redness": 0.7154198203378883,
                     "roughness": 0.31249673257648436,
                     "whiteness": 0.022090544796970035
                  }
               },
               "facial_hair": null
            }
         },
         "camera": {
            "name": "camera",
            "intrinsic_params": {
               "projection": "perspective",
               "resolution_width": 128,
               "resolution_height": 128,
               "fov_horizontal": 8.0,
               "fov_vertical": 8.0,
               "sensor_width": 15.0,
               "wavelength": "visible"
            },
            "extrinsic_params": {
               "location": {
                  "x": 0.0,
                  "z": 0.12,
                  "y": -1.6
               },
               "rotation": {
                  "pitch": 0.0,
                  "roll": 0.0,
                  "yaw": 0.0
               }
            }
         },
         "accessories": {
            "glasses": null,
            "mask": null
         },
         "background": {
            "id": "0a7e137c-2ad7-47c0-925a-69ef013c4e10",
            "transparent": false,
            "rotation": 161.4249387725282
         },
         "lights": []
      }
   ]
}