{
   "keypoints_3d_coordinates": {
      "1": [
         -0.06043058633804321,
         0.016248535364866257,
         0.13522124290466309
      ],
      "2": [
         -0.05867118760943413,
         0.01147238165140152,
         0.11766946315765381
      ],
      "3": [
         -0.05543598160147667,
         0.011267811059951782,
         0.10096919536590576
      ],
      "4": [
         -0.04988525062799454,
         0.008709955960512161,
         0.08239316940307617
      ],
      "5": [
         -0.04430915042757988,
         0.0011432413011789322,
         0.06881976127624512
      ],
      "6": [
         -0.03766036406159401,
         -0.013528736308217049,
         0.06015300750732422
      ],
      "7": [
         -0.02977703884243965,
         -0.025584522634744644,
         0.05045163631439209
      ],
      "8": [
         -0.019882990047335625,
         -0.0396014079451561,
         0.04160809516906738
      ],
      "9": [
         0.002781250746920705,
         -0.048828333616256714,
         0.032700419425964355
      ],
      "10": [
         0.025428837165236473,
         -0.03984701633453369,
         0.040612101554870605
      ],
      "11": [
         0.03572792559862137,
         -0.02607971988618374,
         0.04920852184295654
      ],
      "12": [
         0.04355579614639282,
         -0.013968748040497303,
         0.058818936347961426
      ],
      "13": [
         0.050243131816387177,
         0.0003701094537973404,
         0.06762862205505371
      ],
      "14": [
         0.05610138550400734,
         0.00693853572010994,
         0.08268702030181885
      ],
      "15": [
         0.06047362834215164,
         0.009036879986524582,
         0.10283279418945312
      ],
      "16": [
         0.06381342560052872,
         0.009187314659357071,
         0.12010502815246582
      ],
      "17": [
         0.06482759863138199,
         0.014187268912792206,
         0.13791942596435547
      ],
      "18": [
         -0.041092656552791595,
         -0.04445873573422432,
         0.15231835842132568
      ],
      "19": [
         -0.03873695433139801,
         -0.046479836106300354,
         0.1567227840423584
      ],
      "20": [
         -0.03098215162754059,
         -0.052119337022304535,
         0.15806221961975098
      ],
      "21": [
         -0.022043554112315178,
         -0.05675963684916496,
         0.15714478492736816
      ],
      "22": [
         -0.011608353815972805,
         -0.05908573791384697,
         0.15488481521606445
      ],
      "23": [
         0.016941145062446594,
         -0.058947835117578506,
         0.15546488761901855
      ],
      "24": [
         0.027397844940423965,
         -0.05653233453631401,
         0.15816473960876465
      ],
      "25": [
         0.03601984679698944,
         -0.052645836025476456,
         0.15941238403320312
      ],
      "26": [
         0.0436711460351944,
         -0.047104235738515854,
         0.1584327220916748
      ],
      "27": [
         0.04626714438199997,
         -0.04514423757791519,
         0.15434837341308594
      ],
      "28": [
         0.003054386470466852,
         -0.06004316732287407,
         0.14749157428741455
      ],
      "29": [
         0.0036122563760727644,
         -0.06607823073863983,
         0.13679814338684082
      ],
      "30": [
         0.0038927439600229263,
         -0.07329277694225311,
         0.12906646728515625
      ],
      "31": [
         0.0038138837553560734,
         -0.08312900364398956,
         0.11709284782409668
      ],
      "32": [
         -0.009275486692786217,
         -0.062495242804288864,
         0.10058009624481201
      ],
      "33": [
         -0.004281333647668362,
         -0.06800926476716995,
         0.09972262382507324
      ],
      "34": [
         0.003723590401932597,
         -0.07126926630735397,
         0.09962451457977295
      ],
      "35": [
         0.011665068566799164,
         -0.06772689521312714,
         0.09963774681091309
      ],
      "36": [
         0.016846701502799988,
         -0.06183226406574249,
         0.10109162330627441
      ],
      "37": [
         -0.03589443117380142,
         -0.04081832617521286,
         0.13617098331451416
      ],
      "38": [
         -0.029462479054927826,
         -0.04825352132320404,
         0.13246023654937744
      ],
      "39": [
         -0.01840735785663128,
         -0.04894994571805,
         0.13393187522888184
      ],
      "40": [
         -0.0106361610814929,
         -0.04568195343017578,
         0.1364576816558838
      ],
      "41": [
         -0.01816960982978344,
         -0.04851813241839409,
         0.1338726282119751
      ],
      "42": [
         -0.028987009078264236,
         -0.047244198620319366,
         0.1325589418411255
      ],
      "43": [
         0.017124924808740616,
         -0.04654647409915924,
         0.13704419136047363
      ],
      "44": [
         0.024808447808027267,
         -0.049083396792411804,
         0.13495159149169922
      ],
      "45": [
         0.03585007041692734,
         -0.04828852415084839,
         0.13398945331573486
      ],
      "46": [
         0.04253202676773071,
         -0.04102461412549019,
         0.13766300678253174
      ],
      "47": [
         0.03543392941355705,
         -0.04752202704548836,
         0.1339336633682251
      ],
      "48": [
         0.024640224874019623,
         -0.04863440990447998,
         0.13493335247039795
      ],
      "49": [
         -0.017800334841012955,
         -0.05514923110604286,
         0.07367432117462158
      ],
      "50": [
         -0.013651274144649506,
         -0.06413999199867249,
         0.08163714408874512
      ],
      "51": [
         -0.0065070874989032745,
         -0.07026772201061249,
         0.08763492107391357
      ],
      "52": [
         0.0038117533549666405,
         -0.07297249138355255,
         0.08719182014465332
      ],
      "53": [
         0.013787676580250263,
         -0.06975437700748444,
         0.08719503879547119
      ],
      "54": [
         0.020617451518774033,
         -0.06373102962970734,
         0.08130311965942383
      ],
      "55": [
         0.024980271235108376,
         -0.055857978761196136,
         0.07402575016021729
      ],
      "56": [
         0.02101282589137554,
         -0.05900299921631813,
         0.06761789321899414
      ],
      "57": [
         0.013472250662744045,
         -0.06329391896724701,
         0.06246650218963623
      ],
      "58": [
         0.003513262839987874,
         -0.06432383507490158,
         0.0609285831451416
      ],
      "59": [
         -0.006440364755690098,
         -0.06361240893602371,
         0.06265866756439209
      ],
      "60": [
         -0.01390422135591507,
         -0.05898872762918472,
         0.06765091419219971
      ],
      "61": [
         -0.01581394113600254,
         -0.05424389988183975,
         0.07482850551605225
      ],
      "62": [
         -0.00416701240465045,
         -0.06505512446165085,
         0.08167040348052979
      ],
      "63": [
         0.003420587396249175,
         -0.06632529199123383,
         0.082275390625
      ],
      "64": [
         0.011673116125166416,
         -0.06489871442317963,
         0.08184599876403809
      ],
      "65": [
         0.022759748622775078,
         -0.05475109815597534,
         0.07500147819519043
      ],
      "66": [
         0.011848196387290955,
         -0.06126983091235161,
         0.06884109973907471
      ],
      "67": [
         0.0033436494413763285,
         -0.06262018531560898,
         0.06830286979675293
      ],
      "68": [
         -0.004789744038134813,
         -0.06155486777424812,
         0.06900298595428467
      ]
   },
   "keypoints_2d_coordinates": {
      "1": [
         55,
         30
      ],
      "2": [
         65,
         31
      ],
      "3": [
         75,
         33
      ],