{
   "keypoints_3d_coordinates": {
      "1": [
         -0.024527600035071373,
         -0.04552166908979416,
         0.1191253662109375
      ],
      "2": [
         -0.022274749353528023,
         -0.04432181268930435,
         0.1028444766998291
      ],
      "3": [
         -0.021081719547510147,
         -0.03822305053472519,
         0.0873795747756958
      ],
      "4": [
         -0.019892629235982895,
         -0.0320170596241951,
         0.07022225856781006
      ],
      "5": [
         -0.019208582118153572,
         -0.028962546959519386,
         0.058013200759887695
      ],
      "6": [
         -0.010225571691989899,
         -0.035837527364492416,
         0.047950148582458496
      ],
      "7": [
         0.0034415246918797493,
         -0.03855709731578827,
         0.03767836093902588
      ],
      "8": [
         0.016494950279593468,
         -0.04120473936200142,
         0.028372645378112793
      ],
      "9": [
         0.03787514939904213,
         -0.032970454543828964,
         0.01931893825531006
      ],
      "10": [
         0.05116249993443489,
         -0.015048423781991005,
         0.029776930809020996
      ],
      "11": [
         0.051764216274023056,
         -0.004503149539232254,
         0.03903794288635254
      ],
      "12": [
         0.051986414939165115,
         0.0026915892958641052,
         0.04934072494506836
      ],
      "13": [
         0.050393011420965195,
         0.013576600700616837,
         0.05916309356689453
      ],
      "14": [
         0.05338596925139427,
         0.02170521393418312,
         0.07219552993774414
      ],
      "15": [
         0.059088170528411865,
         0.022072259336709976,
         0.08860278129577637
      ],
      "16": [
         0.06575427949428558,
         0.020298883318901062,
         0.10444891452789307
      ],
      "17": [
         0.06804866343736649,
         0.022984694689512253,
         0.1201162338256836
      ],
      "18": [
         0.014955287799239159,
         -0.07703796029090881,
         0.13222040235996246
      ],
      "19": [
         0.019229233264923096,
         -0.07856623828411102,
         0.1340746134519577
      ],
      "20": [
         0.028413396328687668,
         -0.07939537614583969,
         0.13625241816043854
      ],
      "21": [
         0.03821089118719101,
         -0.07875342667102814,
         0.13592955470085144
      ],
      "22": [
         0.04791463539004326,
         -0.07555598765611649,
         0.13262324035167694
      ],
      "23": [
         0.07411316782236099,
         -0.05641789361834526,
         0.13321636617183685
      ],
      "24": [
         0.08014373481273651,
         -0.04791012778878212,
         0.13657012581825256
      ],
      "25": [
         0.08376821875572205,
         -0.03867276757955551,
         0.13704261183738708
      ],
      "26": [
         0.08537379652261734,
         -0.0292257908731699,
         0.1346687227487564
      ],
      "27": [
         0.08513451367616653,
         -0.024697860702872276,
         0.13279496133327484
      ],
      "28": [
         0.06031281501054764,
         -0.06561405211687088,
         0.11743652820587158
      ],
      "29": [
         0.06177978962659836,
         -0.0674734115600586,
         0.10356271266937256
      ],
      "30": [
         0.06396578997373581,
         -0.07032301276922226,
         0.0935671329498291
      ],
      "31": [
         0.06629443168640137,
         -0.0728146955370903,
         0.07806694507598877
      ],
      "32": [
         0.04277839884161949,
         -0.06148689240217209,
         0.0761948823928833
      ],
      "33": [
         0.04764014482498169,
         -0.060589320957660675,
         0.07132327556610107
      ],
      "34": [
         0.05557015538215637,
         -0.05897514522075653,
         0.06881511211395264
      ],
      "35": [
         0.058724429458379745,
         -0.051896218210458755,
         0.07067608833312988
      ],
      "36": [
         0.06050093472003937,
         -0.0473162978887558,
         0.07628726959228516
      ],
      "37": [
         0.0228701401501894,
         -0.07669013738632202,
         0.11351025104522705
      ],
      "38": [
         0.03134359419345856,
         -0.0780998170375824,
         0.11702024936676025
      ],
      "39": [
         0.03889283910393715,
         -0.07297965884208679,
         0.11681938171386719
      ],
      "40": [
         0.04161173850297928,
         -0.06450292468070984,
         0.11220145225524902
      ],
      "41": [
         0.03840726986527443,
         -0.06993178278207779,
         0.1107792854309082
      ],
      "42": [
         0.03133245185017586,
         -0.07529296725988388,
         0.10964083671569824
      ],
      "43": [
         0.06529179960489273,
         -0.047341588884592056,
         0.11265623569488525
      ],
      "44": [
         0.07469027489423752,
         -0.04655458778142929,
         0.11747586727142334
      ],
      "45": [
         0.08208860456943512,
         -0.04144488275051117,
         0.11800062656402588
      ],
      "46": [
         0.0825546383857727,
         -0.03242664784193039,
         0.11382007598876953
      ],
      "47": [
         0.07952700555324554,
         -0.04043573886156082,
         0.1099175214767456
      ],
      "48": [
         0.07211004197597504,
         -0.045555491000413895,
         0.11113059520721436
      ],
      "49": [
         0.026153627783060074,
         -0.05914609879255295,
         0.05943787097930908
      ],
      "50": [
         0.03295068070292473,
         -0.0611417219042778,
         0.058217525482177734
      ],
      "51": [
         0.0421074815094471,
         -0.05989415943622589,
         0.0580143928527832
      ],
      "52": [
         0.052621349692344666,
         -0.05404797941446304,
         0.05722332000732422
      ],
      "53": [
         0.0599677711725235,
         -0.04495080187916756,
         0.05869650840759277
      ],
      "54": [
         0.06350719183683395,
         -0.03508947044610977,
         0.059609293937683105
      ],
      "55": [
         0.06389563530683517,
         -0.02903653308749199,
         0.06106889247894287
      ],
      "56": [
         0.06142941117286682,
         -0.03313097357749939,
         0.05530703067779541
      ],
      "57": [
         0.058183446526527405,
         -0.041136741638183594,
         0.050788164138793945
      ],
      "58": [
         0.05066022276878357,
         -0.05086073279380798,
         0.04831695556640625
      ],
      "59": [
         0.04006369411945343,
         -0.05711669474840164,
         0.049695372581481934
      ],
      "60": [
         0.03204759210348129,
         -0.05905177816748619,
         0.053893089294433594
      ],
      "61": [
         0.025652188807725906,
         -0.05778857320547104,
         0.05838489532470703
      ],
      "62": [
         0.04141908884048462,
         -0.054752469062805176,
         0.055081844329833984
      ],
      "63": [
         0.04976266995072365,
         -0.0495876707136631,
         0.05412411689758301
      ],
      "64": [
         0.05570000037550926,
         -0.04241449758410454,
         0.05595743656158447
      ],
      "65": [
         0.062014125287532806,
         -0.027692949399352074,
         0.06066274642944336
      ],
      "66": [
         0.05535607039928436,
         -0.04178973287343979,
         0.054564833641052246
      ],
      "67": [
         0.04951240494847298,
         -0.04908564314246178,
         0.052736639976501465
      ],
      "68": [
         0.04126729443669319,
         -0.054346971213817596,
         0.0538792610168457
      ]
   },
   "keypoints_2d_coordinates": {
      "1": [
         516,
         396
      ],
      "2": [
         593,
         407
      ],
      "3": [
         665,
         413
      ],
      "4": [
         744,
         419
      ],