{
   "keypoints_3d_coordinates": {
      "1": [
         -0.07622039318084717,
         0.03209216147661209,
         0.15438401699066162
      ],
      "2": [
         -0.07411979883909225,
         0.02617510035634041,
         0.1350541114807129
      ],
      "3": [
         -0.07094375789165497,
         0.023576606065034866,
         0.11649084091186523
      ],
      "4": [
         -0.06543555855751038,
         0.019379600882530212,
         0.094329833984375
      ],
      "5": [
         -0.05851083993911743,
         0.009564843028783798,
         0.07857787609100342
      ],
      "6": [
         -0.050096817314624786,
         -0.007393429987132549,
         0.0711592435836792
      ],
      "7": [
         -0.0388711616396904,
         -0.019951017573475838,
         0.06307005882263184
      ],
      "8": [
         -0.028071481734514236,
         -0.03643622249364853,
         0.05607020854949951
      ],
      "9": [
         -0.0006334560457617044,
         -0.04888942092657089,
         0.05128598213195801
      ],
      "10": [
         0.027023276314139366,
         -0.03688715770840645,
         0.05690264701843262
      ],
      "11": [
         0.03781043365597725,
         -0.020249059423804283,
         0.06371724605560303
      ],
      "12": [
         0.049323178827762604,
         -0.0073183439671993256,
         0.07223391532897949
      ],
      "13": [
         0.058113109320402145,
         0.009401701390743256,
         0.07993674278259277
      ],
      "14": [
         0.06473873555660248,
         0.018696174025535583,
         0.09650731086730957
      ],
      "15": [
         0.07003287225961685,
         0.023254606872797012,
         0.1187596321105957
      ],
      "16": [
         0.07224135845899582,
         0.025996297597885132,
         0.1372823715209961
      ],
      "17": [
         0.07350127398967743,
         0.032328251749277115,
         0.1563173532485962
      ],
      "18": [
         -0.05115921422839165,
         -0.03128192573785782,
         0.17766296863555908
      ],
      "19": [
         -0.0482260137796402,
         -0.03273923695087433,
         0.18253350257873535
      ],
      "20": [
         -0.039282266050577164,
         -0.03823428601026535,
         0.1843101978302002
      ],
      "21": [
         -0.029085515066981316,
         -0.042817384004592896,
         0.18319153785705566
      ],
      "22": [
         -0.017483117058873177,
         -0.04549143463373184,
         0.18016326427459717
      ],
      "23": [
         0.014844832941889763,
         -0.04568438231945038,
         0.1808089017868042
      ],
      "24": [
         0.026592982932925224,
         -0.04292118549346924,
         0.18367230892181396
      ],
      "25": [
         0.03679543361067772,
         -0.03848973661661148,
         0.1858210563659668
      ],
      "26": [
         0.04561508446931839,
         -0.033056486397981644,
         0.18433737754821777
      ],
      "27": [
         0.04879438132047653,
         -0.031736984848976135,
         0.17942607402801514
      ],
      "28": [
         -0.0011036358773708344,
         -0.04620532691478729,
         0.17015421390533447
      ],
      "29": [
         -0.0009661290096119046,
         -0.05153632536530495,
         0.1574941873550415
      ],
      "30": [
         -0.0010759547585621476,
         -0.06064451485872269,
         0.14786577224731445
      ],
      "31": [
         -0.0012624795781448483,
         -0.07126616686582565,
         0.13484501838684082
      ],
      "32": [
         -0.021143676713109016,
         -0.04919158294796944,
         0.12257087230682373
      ],
      "33": [
         -0.013278497382998466,
         -0.05507177859544754,
         0.11982285976409912
      ],
      "34": [
         -0.000872745004016906,
         -0.059077050536870956,
         0.11840975284576416
      ],
      "35": [
         0.010612688958644867,
         -0.0559062659740448,
         0.11961185932159424
      ],
      "36": [
         0.018567955121397972,
         -0.04997096210718155,
         0.12221276760101318
      ],
      "37": [
         -0.045925360172986984,
         -0.026977356523275375,
         0.15944623947143555
      ],
      "38": [
         -0.03844013065099716,
         -0.03555171936750412,
         0.16062605381011963
      ],
      "39": [
         -0.027143999934196472,
         -0.03496547415852547,
         0.16127240657806396
      ],
      "40": [
         -0.018445409834384918,
         -0.03167140483856201,
         0.1589658260345459
      ],
      "41": [
         -0.026128923520445824,
         -0.033805958926677704,
         0.15844321250915527
      ],
      "42": [
         -0.0372939296066761,
         -0.033807817846536636,
         0.15716087818145752
      ],
      "43": [
         0.016851428896188736,
         -0.03192386403679848,
         0.159690260887146
      ],
      "44": [
         0.025151392444968224,
         -0.035029783844947815,
         0.1623915433883667
      ],
      "45": [
         0.03630191832780838,
         -0.03566519170999527,
         0.1621793508529663
      ],
      "46": [
         0.04375152289867401,
         -0.027329064905643463,
         0.16118919849395752
      ],
      "47": [
         0.0355776771903038,
         -0.03399690240621567,
         0.15881729125976562
      ],
      "48": [
         0.02507457137107849,
         -0.03336751461029053,
         0.15944814682006836
      ],
      "49": [
         -0.03470257297158241,
         -0.04465760663151741,
         0.09803736209869385
      ],
      "50": [
         -0.029389381408691406,
         -0.05276203155517578,
         0.10131227970123291
      ],
      "51": [
         -0.017952363938093185,
         -0.05948668345808983,
         0.10487687587738037
      ],
      "52": [
         -0.0012235075701028109,
         -0.06272003054618835,
         0.10421192646026611
      ],
      "53": [
         0.014520540833473206,
         -0.05931125953793526,
         0.1052861213684082
      ],
      "54": [
         0.026699785143136978,
         -0.05255569517612457,
         0.10197830200195312
      ],
      "55": [
         0.03309789299964905,
         -0.044656217098236084,
         0.09935760498046875
      ],
      "56": [
         0.026308469474315643,
         -0.05046441778540611,
         0.09324967861175537
      ],
      "57": [
         0.014717734418809414,
         -0.058085232973098755,
         0.08832526206970215
      ],
      "58": [
         -0.0015389836626127362,
         -0.06143537163734436,
         0.08713805675506592
      ],
      "59": [
         -0.018167803063988686,
         -0.058903198689222336,
         0.08783841133117676
      ],
      "60": [
         -0.028823820874094963,
         -0.05141991376876831,
         0.09248161315917969
      ],
      "61": [
         -0.03243644908070564,
         -0.04436516761779785,
         0.0978398323059082
      ],
      "62": [
         -0.014934527687728405,
         -0.056259460747241974,
         0.09660398960113525
      ],
      "63": [
         -0.0013625103747472167,
         -0.05872078984975815,
         0.09626424312591553
      ],
      "64": [
         0.012050443328917027,
         -0.05646165460348129,
         0.09699094295501709
      ],
      "65": [
         0.030567698180675507,
         -0.04420848190784454,
         0.09919989109039307
      ],
      "66": [
         0.011617450974881649,
         -0.05603104457259178,
         0.09556162357330322
      ],
      "67": [
         -0.0013762688031420112,
         -0.05820794031023979,
         0.0948784351348877
      ],
      "68": [
         -0.014979063533246517,
         -0.056470222771167755,
         0.09525644779205322
      ]
   },
   "keypoints_2d_coordinates": {
      "1": [
         45,
         21
      ],
      "2": [
         56,
         22
      ],
      "3": [
         66,
         24
      ],