{
   "keypoints_3d_coordinates": {
      "1": [
         -0.07296758890151978,
         0.0366656593978405,
         0.1433190107345581
      ],
      "2": [
         -0.06981610506772995,
         0.030356142669916153,
         0.12462925910949707
      ],
      "3": [
         -0.0662858635187149,
         0.027600016444921494,
         0.10576248168945312
      ],
      "4": [
         -0.0602826252579689,
         0.02320895716547966,
         0.08587276935577393
      ],
      "5": [
         -0.05378630757331848,
         0.01345650665462017,
         0.0725165605545044
      ],
      "6": [
         -0.0471884123980999,
         -0.0033548306673765182,
         0.0648200511932373
      ],
      "7": [
         -0.03739219531416893,
         -0.016014013439416885,
         0.05643463134765625
      ],
      "8": [
         -0.02547743171453476,
         -0.030664272606372833,
         0.049816131591796875
      ],
      "9": [
         -0.00023640101426281035,
         -0.04029635339975357,
         0.045592427253723145
      ],
      "10": [
         0.0255835372954607,
         -0.031183600425720215,
         0.050038933753967285
      ],
      "11": [
         0.03748830035328865,
         -0.016685862094163895,
         0.056525230407714844
      ],
      "12": [
         0.04753391072154045,
         -0.004422500729560852,
         0.06499791145324707
      ],
      "13": [
         0.05475839599967003,
         0.01209237240254879,
         0.07263541221618652
      ],
      "14": [
         0.06085602194070816,
         0.02168995887041092,
         0.08592391014099121
      ],
      "15": [
         0.06629639118909836,
         0.02707669511437416,
         0.10583376884460449
      ],
      "16": [
         0.0694148987531662,
         0.029376320540905,
         0.12501847743988037
      ],
      "17": [
         0.07242254912853241,
         0.0358041413128376,
         0.1437513828277588
      ],
      "18": [
         -0.04805707931518555,
         -0.02454124018549919,
         0.17008471488952637
      ],
      "19": [
         -0.044994477182626724,
         -0.025989342480897903,
         0.1740647554397583
      ],
      "20": [
         -0.036188580095767975,
         -0.03103814274072647,
         0.1759347915649414
      ],
      "21": [
         -0.02657397836446762,
         -0.03507404029369354,
         0.1746147871017456
      ],
      "22": [
         -0.015651877969503403,
         -0.038050442934036255,
         0.17071473598480225
      ],
      "23": [
         0.014218221418559551,
         -0.03868914023041725,
         0.17101478576660156
      ],
      "24": [
         0.02556082233786583,
         -0.03642304241657257,
         0.17443478107452393
      ],
      "25": [
         0.03521642088890076,
         -0.032330140471458435,
         0.17569470405578613
      ],
      "26": [
         0.043630022555589676,
         -0.02739744260907173,
         0.17437469959259033
      ],
      "27": [
         0.04668642207980156,
         -0.0259703416377306,
         0.17014479637145996
      ],
      "28": [
         -0.0009139480534940958,
         -0.03908268362283707,
         0.16001391410827637
      ],
      "29": [
         -0.001015347777865827,
         -0.044245921075344086,
         0.14672768115997314
      ],
      "30": [
         -0.0010271556675434113,
         -0.052463043481111526,
         0.13576006889343262
      ],
      "31": [
         -0.0007857452728785574,
         -0.061093948781490326,
         0.12147772312164307
      ],
      "32": [
         -0.014841726049780846,
         -0.042829014360904694,
         0.10628616809844971
      ],
      "33": [
         -0.008424663916230202,
         -0.04728526622056961,
         0.1052849292755127
      ],
      "34": [
         -0.0005918389069847763,
         -0.05072375759482384,
         0.10471415519714355
      ],
      "35": [
         0.007435882464051247,
         -0.04798949882388115,
         0.10463929176330566
      ],
      "36": [
         0.013777101412415504,
         -0.043050751090049744,
         0.1060788631439209
      ],
      "37": [
         -0.043954141438007355,
         -0.023451387882232666,
         0.15285074710845947
      ],
      "38": [
         -0.036906611174345016,
         -0.03207669407129288,
         0.1518651247024536
      ],
      "39": [
         -0.026688149198889732,
         -0.032062023878097534,
         0.15206372737884521
      ],
      "40": [
         -0.019796067848801613,
         -0.02839360386133194,
         0.15134882926940918
      ],
      "41": [
         -0.02660246565937996,
         -0.03121393732726574,
         0.14995241165161133
      ],
      "42": [
         -0.03669806942343712,
         -0.030582595616579056,
         0.14910495281219482
      ],
      "43": [
         0.01800304837524891,
         -0.028957374393939972,
         0.15134286880493164
      ],
      "44": [
         0.02591189369559288,
         -0.03255496919155121,
         0.15209519863128662
      ],
      "45": [
         0.03605828061699867,
         -0.032751552760601044,
         0.1520087718963623
      ],
      "46": [
         0.04242755100131035,
         -0.024205397814512253,
         0.1524043083190918
      ],
      "47": [
         0.03539712727069855,
         -0.031040433794260025,
         0.14942383766174316
      ],
      "48": [
         0.025404032319784164,
         -0.03165839985013008,
         0.1498326063156128
      ],
      "49": [
         -0.02254043146967888,
         -0.038432784378528595,
         0.08154785633087158
      ],
      "50": [
         -0.016609521582722664,
         -0.045541588217020035,
         0.08614861965179443
      ],
      "51": [
         -0.009521650150418282,
         -0.05079982802271843,
         0.08953559398651123
      ],
      "52": [
         -0.0005556922405958176,
         -0.05318308249115944,
         0.08879661560058594
      ],
      "53": [
         0.008794829249382019,
         -0.05120482295751572,
         0.08968520164489746
      ],
      "54": [
         0.01630239188671112,
         -0.0459805466234684,
         0.0859602689743042
      ],
      "55": [
         0.02210913598537445,
         -0.039292506873607635,
         0.08182299137115479
      ],
      "56": [
         0.016953686252236366,
         -0.04380917549133301,
         0.07938909530639648
      ],
      "57": [
         0.00925854966044426,
         -0.049475207924842834,
         0.07757699489593506
      ],
      "58": [
         -0.00031381635926663876,
         -0.05077967420220375,
         0.07725739479064941
      ],
      "59": [
         -0.009474463760852814,
         -0.04934855177998543,
         0.07766413688659668
      ],
      "60": [
         -0.017256109043955803,
         -0.04391791671514511,
         0.07959151268005371
      ],
      "61": [
         -0.020798733457922935,
         -0.03655942529439926,
         0.08176529407501221
      ],
      "62": [
         -0.00794856995344162,
         -0.044944215565919876,
         0.08496904373168945
      ],
      "63": [
         -0.0003633814922068268,
         -0.04680946469306946,
         0.08475077152252197
      ],
      "64": [
         0.007580538280308247,
         -0.04513368755578995,
         0.08477604389190674
      ],
      "65": [
         0.02088341861963272,
         -0.03695417195558548,
         0.08216261863708496
      ],
      "66": [
         0.007926872931420803,
         -0.045282572507858276,
         0.08359622955322266
      ],
      "67": [
         -1.2282340321689844e-05,
         -0.0465879924595356,
         0.08364534378051758
      ],
      "68": [
         -0.007692931219935417,
         -0.04514361172914505,
         0.08371555805206299
      ]
   },
   "keypoints_2d_coordinates": {
      "1": [
         51,
         23
      ],
      "2": [
         61,
         25
      ],
      "3": [
         72,
         27
      ],