{
   "keypoints_3d_coordinates": {
      "1": [
         -0.0611678883433342,
         0.017333872616291046,
         0.13607311248779297
      ],
      "2": [
         -0.05664132907986641,
         0.012262795120477676,
         0.11779236793518066
      ],
      "3": [
         -0.05187036469578743,
         0.009843144565820694,
         0.10085749626159668
      ],
      "4": [
         -0.045995693653821945,
         0.004293791949748993,
         0.08383011817932129
      ],
      "5": [
         -0.03943179175257683,
         -0.0024337219074368477,
         0.07161319255828857
      ],
      "6": [
         -0.02920331433415413,
         -0.015385881997644901,
         0.06677448749542236
      ],
      "7": [
         -0.01658845879137516,
         -0.025619639083743095,
         0.061991095542907715
      ],
      "8": [
         -0.0018391218036413193,
         -0.03728581592440605,
         0.058466196060180664
      ],
      "9": [
         0.02247687429189682,
         -0.04036594554781914,
         0.05612838268280029
      ],
      "10": [
         0.04114764928817749,
         -0.0241691954433918,
         0.057717204093933105
      ],
      "11": [
         0.04612944275140762,
         -0.007408462464809418,
         0.06012260913848877
      ],
      "12": [
         0.05076014623045921,
         0.005438070744276047,
         0.0640486478805542
      ],
      "13": [
         0.05397477373480797,
         0.02088093012571335,
         0.06845831871032715
      ],
      "14": [
         0.05643194541335106,
         0.034289564937353134,
         0.08116018772125244
      ],
      "15": [
         0.058851856738328934,
         0.04270799085497856,
         0.09905803203582764
      ],
      "16": [
         0.06094400957226753,
         0.04770451784133911,
         0.11654877662658691
      ],
      "17": [
         0.06208780035376549,
         0.055115774273872375,
         0.1349642276763916
      ],
      "18": [
         -0.02263760380446911,
         -0.02389911562204361,
         0.16053006052970886
      ],
      "19": [
         -0.019883347675204277,
         -0.024167900905013084,
         0.1644095480442047
      ],
      "20": [
         -0.01182103343307972,
         -0.025846533477306366,
         0.16585612297058105
      ],
      "21": [
         -0.0033103590831160545,
         -0.025925152003765106,
         0.16470596194267273
      ],
      "22": [
         0.006197652779519558,
         -0.02619129605591297,
         0.16231371462345123
      ],
      "23": [
         0.03217606619000435,
         -0.019299980252981186,
         0.1624353528022766
      ],
      "24": [
         0.04048530012369156,
         -0.013796545565128326,
         0.16472576558589935
      ],
      "25": [
         0.04731006547808647,
         -0.008250053972005844,
         0.16570602357387543
      ],
      "26": [
         0.053184617310762405,
         -0.002325810492038727,
         0.1641465425491333
      ],
      "27": [
         0.05520359426736832,
         -0.0005113072693347931,
         0.15999671816825867
      ],
      "28": [
         0.01943531632423401,
         -0.024201221764087677,
         0.15425348281860352
      ],
      "29": [
         0.02092185989022255,
         -0.030833512544631958,
         0.14485859870910645
      ],
      "30": [
         0.023243412375450134,
         -0.03914914280176163,
         0.137381911277771
      ],
      "31": [
         0.02588791586458683,
         -0.049287278205156326,
         0.12590932846069336
      ],
      "32": [
         0.00815095566213131,
         -0.038396045565605164,
         0.11028802394866943
      ],
      "33": [
         0.015263363718986511,
         -0.04111187160015106,
         0.109732985496521
      ],
      "34": [
         0.023871727287769318,
         -0.042185328900814056,
         0.10972869396209717
      ],
      "35": [
         0.030151063576340675,
         -0.03663140535354614,
         0.10987520217895508
      ],
      "36": [
         0.034459859132766724,
         -0.030200444161891937,
         0.10999643802642822
      ],
      "37": [
         -0.019866889342665672,
         -0.017979498952627182,
         0.14706826210021973
      ],
      "38": [
         -0.012488635256886482,
         -0.020435744896531105,
         0.15171396732330322
      ],
      "39": [
         -0.005365015007555485,
         -0.01868775673210621,
         0.1513763666152954
      ],
      "40": [
         0.0012579652247950435,
         -0.017200615257024765,
         0.14514708518981934
      ],
      "41": [
         -0.005289511755108833,
         -0.020781707018613815,
         0.14353764057159424
      ],
      "42": [
         -0.012708773836493492,
         -0.02200739085674286,
         0.1434851884841919
      ],
      "43": [
         0.03101404756307602,
         -0.008825336582958698,
         0.14577257633209229
      ],
      "44": [
         0.03801722452044487,
         -0.0064351363107562065,
         0.15114331245422363
      ],
      "45": [
         0.044991347938776016,
         -0.0036687031388282776,
         0.15072202682495117
      ],
      "46": [
         0.04924110695719719,
         0.002294069156050682,
         0.14612114429473877
      ],
      "47": [
         0.045034393668174744,
         -0.004671785049140453,
         0.1435331106185913
      ],
      "48": [
         0.03822750225663185,
         -0.007986498065292835,
         0.14364540576934814
      ],
      "49": [
         7.945089600980282e-05,
         -0.037317872047424316,
         0.08901476860046387
      ],
      "50": [
         0.007435974199324846,
         -0.043141938745975494,
         0.09399139881134033
      ],
      "51": [
         0.016075214371085167,
         -0.04547766596078873,
         0.09816670417785645
      ],
      "52": [
         0.02502620778977871,
         -0.045121822506189346,
         0.09722483158111572
      ],
      "53": [
         0.03211750462651253,
         -0.040679290890693665,
         0.09791064262390137
      ],
      "54": [
         0.037735529243946075,
         -0.034020811319351196,
         0.09379518032073975
      ],
      "55": [
         0.04107387363910675,
         -0.024692658334970474,
         0.08877694606781006
      ],
      "56": [
         0.036332156509160995,
         -0.030677013099193573,
         0.08671963214874268
      ],
      "57": [
         0.031299419701099396,
         -0.03797205537557602,
         0.0853499174118042
      ],
      "58": [
         0.024329321458935738,
         -0.04162515699863434,
         0.08526432514190674
      ],
      "59": [
         0.0156271792948246,
         -0.043522827327251434,
         0.08586609363555908
      ],
      "60": [
         0.006791692227125168,
         -0.04046500846743584,
         0.08689475059509277
      ],
      "61": [
         0.0013545004185289145,
         -0.035613805055618286,
         0.0897684097290039
      ],
      "62": [
         0.016429949551820755,
         -0.04155977442860603,
         0.0927201509475708
      ],
      "63": [
         0.02380651980638504,
         -0.04080859571695328,
         0.09234070777893066
      ],
      "64": [
         0.02982756868004799,
         -0.03722608461976051,
         0.09253549575805664
      ],
      "65": [
         0.03858769312500954,
         -0.024245206266641617,
         0.08957958221435547
      ],
      "66": [
         0.029696345329284668,
         -0.03572002425789833,
         0.09114336967468262
      ],
      "67": [
         0.023372430354356766,
         -0.039200667291879654,
         0.09103214740753174
      ],
      "68": [
         0.015896106138825417,
         -0.04032972455024719,
         0.09144747257232666
      ]
   },
   "keypoints_2d_coordinates": {
      "1": [
         439,
         235
      ],
      "2": [
         522,
         255
      ],
      "3": [
         599,
         276
      ],