{
   "keypoints_3d_coordinates": {
      "1": [
         -0.07602328062057495,
         0.050177816301584244,
         0.15279245376586914
      ],
      "2": [
         -0.07357978075742722,
         0.043320901691913605,
         0.13252735137939453
      ],
      "3": [
         -0.07168184220790863,
         0.03956981375813484,
         0.11234462261199951
      ],
      "4": [
         -0.06886785477399826,
         0.034367792308330536,
         0.08918023109436035
      ],
      "5": [
         -0.06269752979278564,
         0.02361520193517208,
         0.07358860969543457
      ],
      "6": [
         -0.05483919754624367,
         0.0052394019439816475,
         0.0652848482131958
      ],
      "7": [
         -0.04206249862909317,
         -0.007179736625403166,
         0.05730569362640381
      ],
      "8": [
         -0.02764981798827648,
         -0.020616410300135612,
         0.05191457271575928
      ],
      "9": [
         -0.0014855645131319761,
         -0.030268477275967598,
         0.04746448993682861
      ],
      "10": [
         0.025567466393113136,
         -0.021840296685695648,
         0.05152416229248047
      ],
      "11": [
         0.03983186557888985,
         -0.008604775182902813,
         0.05714154243469238
      ],
      "12": [
         0.05365806445479393,
         0.0032949931919574738,
         0.06484973430633545
      ],
      "13": [
         0.06310535967350006,
         0.021083902567625046,
         0.07237207889556885
      ],
      "14": [
         0.06909319013357162,
         0.03226155415177345,
         0.08760964870452881
      ],
      "15": [
         0.07314540445804596,
         0.038413211703300476,
         0.1099386215209961
      ],
      "16": [
         0.07416468113660812,
         0.04152999073266983,
         0.13067400455474854
      ],
      "17": [
         0.07739799469709396,
         0.048246484249830246,
         0.15048539638519287
      ],
      "18": [
         -0.051485661417245865,
         -0.015374727547168732,
         0.17956328392028809
      ],
      "19": [
         -0.0478825606405735,
         -0.01672062836587429,
         0.18491673469543457
      ],
      "20": [
         -0.03886646032333374,
         -0.02246742881834507,
         0.1874399185180664
      ],
      "21": [
         -0.028714459389448166,
         -0.026828628033399582,
         0.185785174369812
      ],
      "22": [
         -0.016907960176467896,
         -0.029822727665305138,
         0.18188011646270752
      ],
      "23": [
         0.01645383983850479,
         -0.030580326914787292,
         0.1819998025894165
      ],
      "24": [
         0.028535939753055573,
         -0.028215227648615837,
         0.18478333950042725
      ],
      "25": [
         0.03889593854546547,
         -0.02299872599542141,
         0.18640267848968506
      ],
      "26": [
         0.04758293926715851,
         -0.01699882745742798,
         0.1838017702102661
      ],
      "27": [
         0.05126143991947174,
         -0.01592162624001503,
         0.1781841516494751
      ],
      "28": [
         -0.0008224576013162732,
         -0.03065061755478382,
         0.1698908805847168
      ],
      "29": [
         -0.001690549193881452,
         -0.03519350290298462,
         0.1550995111465454
      ],
      "30": [
         -0.0023361374624073505,
         -0.043092116713523865,
         0.1441056728363037
      ],
      "31": [
         -0.002678417833521962,
         -0.053221505135297775,
         0.12941360473632812
      ],
      "32": [
         -0.01862526684999466,
         -0.031252920627593994,
         0.11557531356811523
      ],
      "33": [
         -0.010859007947146893,
         -0.036609116941690445,
         0.11429142951965332
      ],
      "34": [
         -0.0022151791490614414,
         -0.04055573046207428,
         0.113242506980896
      ],
      "35": [
         0.006790589541196823,
         -0.03784637153148651,
         0.11385893821716309
      ],
      "36": [
         0.014871973544359207,
         -0.03208709508180618,
         0.1147998571395874
      ],
      "37": [
         -0.04736180976033211,
         -0.00914490781724453,
         0.15877437591552734
      ],
      "38": [
         -0.04049624875187874,
         -0.018733559176325798,
         0.16658973693847656
      ],
      "39": [
         -0.029354309663176537,
         -0.018856560811400414,
         0.16601741313934326
      ],
      "40": [
         -0.021034061908721924,
         -0.016012268140912056,
         0.1577599048614502
      ],
      "41": [
         -0.02939245104789734,
         -0.018559636548161507,
         0.15533220767974854
      ],
      "42": [
         -0.039600685238838196,
         -0.017604032531380653,
         0.1543865203857422
      ],
      "43": [
         0.01929088868200779,
         -0.016853997483849525,
         0.15718138217926025
      ],
      "44": [
         0.02846519462764263,
         -0.020154155790805817,
         0.16475093364715576
      ],
      "45": [
         0.03976286202669144,
         -0.019982125610113144,
         0.16502368450164795
      ],
      "46": [
         0.04589124396443367,
         -0.01121498178690672,
         0.15661346912384033
      ],
      "47": [
         0.038362473249435425,
         -0.018711300566792488,
         0.15317749977111816
      ],
      "48": [
         0.02788776531815529,
         -0.01956935226917267,
         0.15412020683288574
      ],
      "49": [
         -0.026371896266937256,
         -0.025182919576764107,
         0.08735346794128418
      ],
      "50": [
         -0.018639542162418365,
         -0.03573638200759888,
         0.09354090690612793
      ],
      "51": [
         -0.010986095294356346,
         -0.04158760979771614,
         0.0969853401184082
      ],
      "52": [
         -0.0020021835807710886,
         -0.04400068148970604,
         0.0966188907623291
      ],
      "53": [
         0.007247378118336201,
         -0.04254527390003204,
         0.09720945358276367
      ],
      "54": [
         0.015950966626405716,
         -0.03711937367916107,
         0.09362363815307617
      ],
      "55": [
         0.024083513766527176,
         -0.025862641632556915,
         0.0873115062713623
      ],
      "56": [
         0.016940396279096603,
         -0.031810589134693146,
         0.08121299743652344
      ],
      "57": [
         0.007986176759004593,
         -0.036460474133491516,
         0.07579290866851807
      ],
      "58": [
         -0.0016078610206022859,
         -0.03728821128606796,
         0.07443034648895264
      ],
      "59": [
         -0.010866113938391209,
         -0.03581506758928299,
         0.07564914226531982
      ],
      "60": [
         -0.019687818363308907,
         -0.031141187995672226,
         0.08057105541229248
      ],
      "61": [
         -0.023753661662340164,
         -0.025257477536797523,
         0.08886659145355225
      ],
      "62": [
         -0.009187809191644192,
         -0.03829802945256233,
         0.09217357635498047
      ],
      "63": [
         -0.0015784315764904022,
         -0.03962662070989609,
         0.09184849262237549
      ],
      "64": [
         0.006263146176934242,
         -0.039281513541936874,
         0.09219908714294434
      ],
      "65": [
         0.02144918404519558,
         -0.025903120636940002,
         0.08924603462219238
      ],
      "66": [
         0.005968858487904072,
         -0.03512824699282646,
         0.08244109153747559
      ],
      "67": [
         -0.0017182199517264962,
         -0.03530437499284744,
         0.0818781852722168
      ],
      "68": [
         -0.009098955430090427,
         -0.03442367538809776,
         0.08236920833587646
      ]
   },
   "keypoints_2d_coordinates": {
      "1": [
         46,
         22
      ],
      "2": [
         57,
         23
      ],
      "3": [
         68,
         24
      ],