{
   "version": "1.0.0",
   "center_of_pupil_point": {
      "2d": {
         "camera": {
            "right_eye": {
               "x": 38.57745314594914,
               "y": 44.35534283474555
            },
            "left_eye": {
               "x": 38.17403349457001,
               "y": 83.91620051038302
            }
         }
      },
      "3d": {
         "right_eye": {
            "x": -0.03330044075846672,
            "y": -0.048535555601119995,
            "z": 0.16309477388858795
         },
         "left_eye": {
            "x": 0.03376967832446098,
            "y": -0.0481250137090683,
            "z": 0.16379021108150482
         }
      }
   },
   "center_of_rotation_point": {
      "2d": {
         "camera": {
            "right_eye": {
               "x": 36.66156470064541,
               "y": 43.55411109349973
            },
            "left_eye": {
               "x": 36.273492170336596,
               "y": 82.37510290304581
            }
         }
      },
      "3d": {
         "right_eye": {
            "x": -0.034875426441431046,
            "y": -0.03883132338523865,
            "z": 0.16663233935832977
         },
         "left_eye": {
            "x": 0.03134538233280182,
            "y": -0.03872253745794296,
            "z": 0.1672975867986679
         }
      }
   },
   "face_expression": {
      "name": "surprise",
      "intensity_level": 4.5084150276047
   },
   "center_of_iris_point": {
      "2d": {
         "camera": {
            "right_eye": {
               "x": 38.651296788375305,
               "y": 44.386409427419316
            },
            "left_eye": {
               "x": 38.24731745201477,
               "y": 83.97575838147482
            }
         }
      },
      "3d": {
         "right_eye": {
            "x": -0.033239804208278656,
            "y": -0.04890766739845276,
            "z": 0.1629592925310135
         },
         "left_eye": {
            "x": 0.033862803131341934,
            "y": -0.048485178500413895,
            "z": 0.1636558175086975
         }
      }
   },
   "eye_gaze": {
      "axis_directions": {
         "right_eye": {
            "axis_directions": {
               "visual_axis_direction": {
                  "x": 0.21365827119575798,
                  "y": -0.9170109846428615,
                  "z": -0.33681003131434445
               },
               "optical_axis_direction": {
                  "x": 0.1509949480282128,
                  "y": -0.9287940431229353,
                  "z": -0.33844076457972433
               }
            }
         },
         "left_eye": {
            "axis_directions": {
               "visual_axis_direction": {
                  "x": 0.6212433461451384,
                  "y": -0.7358274768097054,
                  "z": -0.2694710174439065
               },
               "optical_axis_direction": {
                  "x": 0.23499893966571192,
                  "y": -0.9107210294372534,
                  "z": -0.33965085734727707
               }
            }
         }
      },
      "target_point": {
         "right_eye": {
            "x": 0.19750073552131653,
            "y": -1.0043017864227295,
            "z": -0.15818984806537628
         },
         "left_eye": {
            "x": 0.19750073552131653,
            "y": -1.0043017864227295,
            "z": -0.15818984806537628
         }
      },
      "eye_gaze_direction_type": "custom"
   },
   "facial_hair_included": false,
   "apex_of_cornea_point": {
      "2d": {
         "camera": {
            "right_eye": {
               "x": 39.20020649979533,
               "y": 44.6164009873034
            },
            "left_eye": {
               "x": 38.78740953125754,
               "y": 84.41404170037218
            }
         }
      },
      "3d": {
         "right_eye": {
            "x": -0.0327916257083416,
            "y": -0.05166535824537277,
            "z": 0.16195431351661682
         },
         "left_eye": {
            "x": 0.03454665094614029,
            "y": -0.051136113703250885,
            "z": 0.16266722977161407
         }
      }
   },
   "identity_label": {
      "age": "adult",
      "ethnicity": "african",
      "gender": "male"
   },
   "pupil_circle": {
      "2d": {
         "camera": {
            "right_eye": [
               {
                  "x": 36.915408341711505,
                  "y": 44.40931757451613
               },
               {
                  "x": 37.12824443842523,
                  "y": 45.26647027453007
               },
               {
                  "x": 37.729054655971616,
                  "y": 45.87875256161765
               },
               {
                  "x": 38.55680761656777,
                  "y": 46.08247276672575
               },
               {
                  "x": 39.38943033901289,
                  "y": 45.82390741708854
               },
               {
                  "x": 40.00436436537291,
                  "y": 45.172290641944166
               },
               {
                  "x": 40.23671623210415,
                  "y": 44.30166706099061
               },
               {
                  "x": 40.02479975689948,
                  "y": 43.44554659526811
               },
               {
                  "x": 39.42501059182478,
                  "y": 42.83258147370535
               },
               {
                  "x": 38.59739754385451,
                  "y": 42.62720637791148
               },
               {
                  "x": 37.763917151576855,
                  "y": 42.8854069900531
               },
               {
                  "x": 37.14813039905282,
                  "y": 43.537819922902564
               }
            ],
            "left_eye": [
               {
                  "x": 36.53984307358202,
                  "y": 83.97759604078024
               },
               {
                  "x": 36.71851707457405,
                  "y": 84.80069762329494
               },
               {
                  "x": 37.28722095093523,
                  "y": 85.38643227464341
               },
               {
                  "x": 38.09287119361794,
                  "y": 85.57782444571586
               },
               {
                  "x": 38.91949373173054,
                  "y": 85.3242761681738
               },
               {
                  "x": 39.54618934818863,
                  "y": 84.69380929489837
               },
               {
                  "x": 39.805773555600055,
                  "y": 83.85505971607984
               },
               {
                  "x": 39.62835049763075,
                  "y": 83.0323689703567
               },
               {
                  "x": 39.06090811204693,
                  "y": 82.44625012823339
               },
               {
                  "x": 38.255448912714115,
                  "y": 82.25356374137287
               },
               {
                  "x": 37.42761515434496,
                  "y": 82.50661572291641
               },
               {
                  "x": 36.799654828782614,
                  "y": 83.13760554347228
               }
            ]
         }
      },
      "3d": {
         "right_eye": [
            {
               "x": -0.03318757936358452,
               "y": -0.049533769488334656,
               "z": 0.1658826321363449
            },
            {
               "x": -0.03174290060997009,
               "y": -0.04917320981621742,
               "z": 0.1655326634645462
            },
            {
               "x": -0.0307159423828125,
               "y": -0.04864191636443138,
               "z": 0.16452987492084503
            },
            {
               "x": -0.030381595715880394,
               "y": -0.04808187112212181,
               "z": 0.1631423830986023
            },
            {
               "x": -0.030828721821308136,
               "y": -0.04764411598443985,