{
   "version": "1.0.0",
   "datapoints": [
      {
         "human": {
            "id": "153a22e7-ca42-44d4-b0f8-918a8193abaa",
            "head": {
               "eyes": {
                  "id": "be83e411-fabb-4286-8f0a-be24751ca25f",
                  "target_of_gaze": {
                     "direction": {
                        "x": 0.19758133332245087,
                        "z": -0.3224062066808038,
                        "y": -0.9672785829525541
                     },
                     "distance": 1.0085252062568668
                  },
                  "eyelid_closure": 0.7280911289568746
               },
               "location": {
                  "x": 0.0,
                  "z": 0.0,
                  "y": 0.0
               },
               "rotation": {
                  "pitch": 0.0,
                  "yaw": 0.0,
                  "roll": 0.0
               },
               "expression": {
                  "name": "surprise",
                  "intensity": 0.8771037569011751
               },
               "eyebrows": {
                  "id": "92204e57-c54a-4c5f-a731-b1dc6708284a",
                  "color_settings": {
                     "index_of_refraction": 1.594509291421704,
                     "melanin": 0.8578196054969628,
                     "redness": 0.25151761529171857,
                     "roughness": 0.2843853669821321,
                     "whiteness": 0.6907187895242543
                  }
               },
               "hair": {
                  "id": "715c9687-c1b5-45b3-b3c7-d91844784861",
                  "color_settings": {
                     "index_of_refraction": 1.594509291421704,
                     "melanin": 0.8578196054969628,
                     "redness": 0.25151761529171857,
                     "roughness": 0.2843853669821321,
                     "whiteness": 0.6907187895242543
                  }
               },
               "facial_hair": null
            }
         },
         "camera": {
            "name": "camera",
            "intrinsic_params": {
               "projection": "perspective",
               "resolution_width": 128,
               "resolution_height": 128,
               "fov_horizontal": 8.0,
               "fov_vertical": 8.0,
               "sensor_width": 15.0,
               "wavelength": "visible"
            },
            "extrinsic_params": {
               "rotation": {
                  "pitch": 0.0,
                  "yaw": 0.0,
                  "roll": 0.0
               },
               "location": {
                  "x": 0.0,
                  "z": 0.12,
                  "y": -1.6
               }
            }
         },
         "accessories": {
            "glasses": null,
            "mask": null
         },
         "background": {
            "id": "f173e037-9530-4edb-b40b-5ebde56eddb9",
            "transparent": false,
            "rotation": 240.43123138628036
         },
         "lights": []
      }
   ]
}