{
   "version": "1.0.0",
   "eye_gaze": {
      "axis_directions": {
         "right_eye": {
            "axis_directions": {
               "visual_axis_direction": {
                  "x": -0.3183178598320457,
                  "y": -0.9380792474059735,
                  "z": -0.1366786951144492
               },
               "optical_axis_direction": {
                  "x": -0.3782517065386712,
                  "y": -0.9157283400614931,
                  "z": -0.13552584147979171
               }
            }
         },
         "left_eye": {
            "axis_directions": {
               "visual_axis_direction": {
                  "x": -0.048632961168873466,
                  "y": -0.9888739995781017,
                  "z": -0.1405811084262576
               },
               "optical_axis_direction": {
                  "x": -0.41379096974176144,
                  "y": -0.9001316802257251,
                  "z": -0.13616163782132493
               }
            }
         }
      },
      "target_point": {
         "right_eye": {
            "x": -0.1924261897802353,
            "y": -0.44313669204711914,
            "z": 0.09251122921705246
         },
         "left_eye": {
            "x": -0.1924261897802353,
            "y": -0.44313669204711914,
            "z": 0.09251122921705246
         }
      },
      "eye_gaze_direction_type": "custom"
   },
   "identity_id": "db2ff140-88dd-44d6-9060-3b3a67f37c38",
   "head_metadata": {
      "head_root_location": {
         "x": 0.0,
         "y": 0.0,
         "z": 0.0
      },
      "head_six_dof": {
         "location": {
            "x": -0.004106998443603516,
            "y": -0.04952222481369972,
            "z": 0.16677549481391907
         },
         "look_at_vector": {
            "x": 8.74227803627227e-08,
            "y": -0.9999999999999962,
            "z": 9.553428304548457e-16
         }
      },
      "head_rotation": {
         "roll": 0.0,
         "pitch": 0.0,
         "yaw": 0.0
      }
   },
   "apex_of_cornea_point": {
      "2d": {
         "camera": {
            "right_eye": {
               "x": 41.70261016680298,
               "y": 38.991211426577195
            },
            "left_eye": {
               "x": 40.95206858083008,
               "y": 78.02505489311804
            }
         }
      },
      "3d": {
         "right_eye": {
            "x": -0.04263482242822647,
            "y": -0.03970002010464668,
            "z": 0.15801244974136353
         },
         "left_eye": {
            "x": 0.02389886975288391,
            "y": -0.04041484743356705,
            "z": 0.15927396714687347
         }
      }
   },
   "face_expression": {
      "name": "contempt",
      "intensity_level": 4.804240725915441
   },
   "center_of_pupil_point": {
      "2d": {
         "camera": {
            "right_eye": {
               "x": 41.49472045326468,
               "y": 39.731707492464
            },
            "left_eye": {
               "x": 40.73610759272588,
               "y": 78.78618467579776
            }
         }
      },
      "3d": {
         "right_eye": {
            "x": -0.041448578238487244,
            "y": -0.0368281826376915,
            "z": 0.15843747556209564
         },
         "left_eye": {
            "x": 0.025243084877729416,
            "y": -0.037490736693143845,
            "z": 0.15971629321575165
         }
      }
   },
   "accessories": [],
   "facial_hair_included": false,
   "iris_circle": {
      "2d": {
         "camera": {
            "right_eye": [
               {
                  "x": 37.529101714922206,
                  "y": 39.47276366365881
               },
               {
                  "x": 38.08475154831622,
                  "y": 41.336181475568814
               },
               {
                  "x": 39.56513832965639,
                  "y": 42.7406422025223
               },
               {
                  "x": 41.57270628267211,
                  "y": 43.3074877627175
               },
               {
                  "x": 43.56633535614249,
                  "y": 42.884399423701204
               },
               {
                  "x": 45.01067043723998,
                  "y": 41.58639048548375
               },
               {
                  "x": 45.51969354332458,
                  "y": 39.76362361150584
               },
               {
                  "x": 44.959037069309005,
                  "y": 37.90491692861791
               },
               {
                  "x": 43.48122679953128,
                  "y": 36.50676750611667
               },
               {
                  "x": 41.480818374341304,
                  "y": 35.941174099801586
               },
               {
                  "x": 39.49129344674149,
                  "y": 36.3596740586377
               },
               {
                  "x": 38.044609571502775,
                  "y": 37.6512953709158
               }
            ],
            "left_eye": [
               {
                  "x": 36.630169849970045,
                  "y": 78.50249828649025
               },
               {
                  "x": 37.194215060645455,
                  "y": 80.43792175204766
               },
               {
                  "x": 38.71855564650576,
                  "y": 81.90070788210966
               },
               {
                  "x": 40.79438943232225,
                  "y": 82.49667910435721
               },
               {
                  "x": 42.86196915223528,
                  "y": 82.06539456150684
               },
               {
                  "x": 44.365470022499345,
                  "y": 80.72437283699064
               },
               {
                  "x": 44.90309107422246,
                  "y": 78.8352710920471
               },
               {
                  "x": 44.33413170847078,
                  "y": 76.90545585252076
               },
               {
                  "x": 42.812234240879626,
                  "y": 75.44977952505832
               },
               {
                  "x": 40.74415083312867,
                  "y": 74.85572141201415
               },
               {
                  "x": 38.68197969174786,
                  "y": 75.28170110293865
               },
               {
                  "x": 37.17574991039127,
                  "y": 76.6154960632926
               }
            ]
         }
      },
      "3d": {
         "right_eye": [
            {
               "x": -0.04185441881418228,
               "y": -0.03818712383508682,
               "z": 0.16517117619514465
            },
            {
               "x": -0.03864534944295883,
               "y": -0.039368193596601486,
               "z": 0.16418954730033875
            },
            {
               "x": -0.03623616322875023,
               "y": -0.039986468851566315,
               "z": 0.16164875030517578
            },
            {
               "x": -0.035272449254989624,
               "y": -0.0398775152862072,
               "z": 0.15822955965995789
            },
            {
               "x": -0.03601228818297386,
               "y": -0.03906945884227753,
               "z": 0.15484926104545593
            },
            {
               "x": -0.038257598876953125,
               "y": -0.037779949605464935,
               "z": 0.15241272747516632
            },
            {
               "x": -0.041406646370887756,
               "y": -0.03635317087173462,
               "z": 0.15157268941402435
            },
            {
               "x": -0.04461582005023956,
               "y": -0.03517240658402443,
               "z": 0.15255510807037354
            },
            {
               "x": -0.04702487960457802,
               "y": -0.0345536544919014,
               "z": 0.1550956517457962
            },
            {
               "x": -0.04798891767859459,
               "y": -0.034663327038288116,