{
   "version": "1.0.0",
   "center_of_iris_point": {
      "2d": {
         "camera": {
            "right_eye": {
               "x": 35.2196901150831,
               "y": 44.39002953135277
            },
            "left_eye": {
               "x": 35.55325179071825,
               "y": 80.9951404907329
            }
         }
      },
      "3d": {
         "right_eye": {
            "x": -0.03337249159812927,
            "y": -0.042428500950336456,
            "z": 0.16897869110107422
         },
         "left_eye": {
            "x": 0.02888358384370804,
            "y": -0.044526491314172745,
            "z": 0.16834582388401031
         }
      }
   },
   "identity_id": "4ee2ef0c-e5d4-46e9-acb2-8b6db135daa8",
   "facial_hair_included": false,
   "eyelid_closure_intensity_level": 3,
   "center_of_rotation_point": {
      "2d": {
         "camera": {
            "right_eye": {
               "x": 35.69436735669525,
               "y": 47.684035856416365
            },
            "left_eye": {
               "x": 36.0187471474504,
               "y": 83.34347678463334
            }
         }
      },
      "3d": {
         "right_eye": {
            "x": -0.02793417125940323,
            "y": -0.03303481265902519,
            "z": 0.1684613972902298
         },
         "left_eye": {
            "x": 0.033088430762290955,
            "y": -0.03441037982702255,
            "z": 0.16786397993564606
         }
      }
   },
   "identity_label": {
      "age": "young",
      "ethnicity": "mediterranean",
      "gender": "male"
   },
   "apex_of_cornea_point": {
      "2d": {
         "camera": {
            "right_eye": {
               "x": 35.08976851898072,
               "y": 43.49225047734719
            },
            "left_eye": {
               "x": 35.42536407846073,
               "y": 80.35242931820999
            }
         }
      },
      "3d": {
         "right_eye": {
            "x": -0.034843433648347855,
            "y": -0.04496832191944122,
            "z": 0.16911956667900085
         },
         "left_eye": {
            "x": 0.027742216363549232,
            "y": -0.047272756695747375,
            "z": 0.16847743093967438
         }
      }
   },
   "face_expression": {
      "name": "fear",
      "intensity_level": 2.6556768500908614
   },
   "center_of_pupil_point": {
      "2d": {
         "camera": {
            "right_eye": {
               "x": 35.23732158512523,
               "y": 44.512286816135436
            },
            "left_eye": {
               "x": 35.57055105281225,
               "y": 81.08210027900425
            }
         }
      },
      "3d": {
         "right_eye": {
            "x": -0.033171799033880234,
            "y": -0.0420825369656086,
            "z": 0.16895955801010132
         },
         "left_eye": {
            "x": 0.029038339853286743,
            "y": -0.044153254479169846,
            "z": 0.16832801699638367
         }
      }
   },
   "head_metadata": {
      "head_root_location": {
         "x": 0.0,
         "y": 0.0,
         "z": 0.0
      },
      "head_rotation": {
         "roll": 0.0,
         "yaw": 0.0,
         "pitch": 0.0
      },
      "head_six_dof": {
         "location": {
            "x": 0.001795768621377647,
            "y": -0.057446595281362534,
            "z": 0.17756924033164978
         },
         "look_at_vector": {
            "x": 8.74227803627227e-08,
            "y": -0.9999999999999962,
            "z": 9.553428304548457e-16
         }
      }
   },
   "eye_gaze": {
      "axis_directions": {
         "right_eye": {
            "axis_directions": {
               "visual_axis_direction": {
                  "x": -0.4439638423499639,
                  "y": -0.8947142667170221,
                  "z": 0.048810732619761946
               },
               "optical_axis_direction": {
                  "x": -0.5006662681889819,
                  "y": -0.8643127936731775,
                  "z": 0.04792371636868189
               }
            }
         },
         "left_eye": {
            "axis_directions": {
               "visual_axis_direction": {
                  "x": -0.5915346190826706,
                  "y": -0.8060623484221136,
                  "z": 0.018715899202200466
               },
               "optical_axis_direction": {
                  "x": -0.38331493809944983,
                  "y": -0.9225600866863963,
                  "z": 0.044187607799062535
               }
            }
         }
      },
      "target_point": {
         "right_eye": {
            "x": -1.5091036558151245,
            "y": -3.1012840270996094,
            "z": 0.3341934084892273
         },
         "left_eye": {
            "x": -1.5091036558151245,
            "y": -3.1012840270996094,
            "z": 0.3341934084892273
         }
      },
      "eye_gaze_direction_type": "custom"
   },
   "iris_circle": {
      "2d": {
         "camera": {
            "right_eye": [
               {
                  "x": 30.912888400741686,
                  "y": 44.38823235610584
               },
               {
                  "x": 31.40864379597565,
                  "y": 46.22882078906237
               },
               {
                  "x": 32.92670527304824,
                  "y": 47.57040314037733
               },
               {
                  "x": 35.06154701315987,
                  "y": 48.05027145282681
               },
               {
                  "x": 37.23826514252991,
                  "y": 47.53790350130595
               },
               {
                  "x": 38.86930291905543,
                  "y": 46.172260013107234
               },
               {
                  "x": 39.51794335127182,
                  "y": 44.3220463322023
               },
               {
                  "x": 39.01342417451598,
                  "y": 42.48521839030663
               },
               {
                  "x": 37.49379467275059,
                  "y": 41.152347378405864
               },
               {
                  "x": 35.367000624021,
                  "y": 40.677609034986496
               },
               {
                  "x": 33.19990041397175,
                  "y": 41.186183148390455
               },
               {
                  "x": 31.569598500247796,
                  "y": 42.543285187851836
               }
            ],
            "left_eye": [
               {
                  "x": 31.189429839154112,
                  "y": 80.99390771706229
               },
               {
                  "x": 31.718708565621874,
                  "y": 83.02142653717958
               },
               {
                  "x": 33.27657810748724,
                  "y": 84.50177258523371
               },
               {
                  "x": 35.44594064587393,
                  "y": 85.03579500470167
               },
               {
                  "x": 37.64301793588161,
                  "y": 84.47877813198254
               },
               {
                  "x": 39.27668175833488,
                  "y": 82.98096870664584
               },
               {
                  "x": 39.908525778618376,
                  "y": 80.94628650655503
               },
               {
                  "x": 39.37208584549619,
                  "y": 78.92189610256644
               },
               {
                  "x": 37.81325747382298,
                  "y": 77.44881239923316
               },
               {
                  "x": 35.650511707542215,
                  "y": 76.91931339465823
               },
               {
                  "x": 33.46057590490671,
                  "y": 77.47345398320516
               },
               {
                  "x": 31.82786066718313,
                  "y": 78.96385328531734
               }
            ]
         }
      },
      "3d": {
         "right_eye": [
            {
               "x": -0.03338150680065155,