{
   "keypoints_3d_coordinates": {
      "1": [
         -0.05748367682099342,
         0.007817288860678673,
         0.13276660442352295
      ],
      "2": [
         -0.05586712434887886,
         0.004409974440932274,
         0.11584413051605225
      ],
      "3": [
         -0.05197230353951454,
         0.005527259781956673,
         0.09945380687713623
      ],
      "4": [
         -0.047196920961141586,
         0.003679407760500908,
         0.08183491230010986
      ],
      "5": [
         -0.04162542149424553,
         -0.0029337164014577866,
         0.06875383853912354
      ],
      "6": [
         -0.036501120775938034,
         -0.014628917910158634,
         0.0607222318649292
      ],
      "7": [
         -0.028709810227155685,
         -0.022298229858279228,
         0.053456783294677734
      ],
      "8": [
         -0.01996995136141777,
         -0.031967371702194214,
         0.04629373550415039
      ],
      "9": [
         0.0014347016112878919,
         -0.038727451115846634,
         0.03922629356384277
      ],
      "10": [
         0.02306981571018696,
         -0.03182213753461838,
         0.04602169990539551
      ],
      "11": [
         0.032316654920578,
         -0.022357283160090446,
         0.05296742916107178
      ],
      "12": [
         0.04090902954339981,
         -0.014435386285185814,
         0.05964767932891846
      ],
      "13": [
         0.04666861146688461,
         -0.0026721470057964325,
         0.06782412528991699
      ],
      "14": [
         0.05194234848022461,
         0.003897048532962799,
         0.08178019523620605
      ],
      "15": [
         0.05673859268426895,
         0.005267417058348656,
         0.09985601902008057
      ],
      "16": [
         0.0604596845805645,
         0.004583172500133514,
         0.11670887470245361
      ],
      "17": [
         0.06137465685606003,
         0.007824769243597984,
         0.1337529420852661
      ],
      "18": [
         -0.04061369225382805,
         -0.03418669477105141,
         0.15273022651672363
      ],
      "19": [
         -0.037560489028692245,
         -0.0374910943210125,
         0.15468013286590576
      ],
      "20": [
         -0.030351988971233368,
         -0.04300759732723236,
         0.1570601463317871
      ],
      "21": [
         -0.022082891315221786,
         -0.047550495713949203,
         0.15743017196655273
      ],
      "22": [
         -0.012768790125846863,
         -0.05044369399547577,
         0.15555012226104736
      ],
      "23": [
         0.018759209662675858,
         -0.04965049400925636,
         0.1562901735305786
      ],
      "24": [
         0.028170108795166016,
         -0.046738892793655396,
         0.15850019454956055
      ],
      "25": [
         0.03631290793418884,
         -0.042702894657850266,
         0.15839016437530518
      ],
      "26": [
         0.043601009994745255,
         -0.03728789463639259,
         0.15585017204284668
      ],
      "27": [
         0.04642251133918762,
         -0.034095894545316696,
         0.15377020835876465
      ],
      "28": [
         0.0028889819514006376,
         -0.05098044127225876,
         0.140741229057312
      ],
      "29": [
         0.0028318273834884167,
         -0.05584941431879997,
         0.12766361236572266
      ],
      "30": [
         0.0029198559932410717,
         -0.06150984391570091,
         0.12034213542938232
      ],
      "31": [
         0.0028940076008439064,
         -0.06893666088581085,
         0.10890531539916992
      ],
      "32": [
         -0.010984238237142563,
         -0.05349137261509895,
         0.09651041030883789
      ],
      "33": [
         -0.004888146184384823,
         -0.05719627067446709,
         0.09407472610473633
      ],
      "34": [
         0.002874536905437708,
         -0.059946272522211075,
         0.09365689754486084
      ],
      "35": [
         0.010602638125419617,
         -0.05736975744366646,
         0.09419000148773193
      ],
      "36": [
         0.01653994992375374,
         -0.053693193942308426,
         0.09609651565551758
      ],
      "37": [
         -0.03265024721622467,
         -0.036842428147792816,
         0.13557541370391846
      ],
      "38": [
         -0.02651252970099449,
         -0.04322930425405502,
         0.1362018585205078
      ],
      "39": [
         -0.01862524449825287,
         -0.04352106899023056,
         0.13566827774047852
      ],
      "40": [
         -0.012882281094789505,
         -0.04167769104242325,
         0.1329137086868286
      ],
      "41": [
         -0.018839530646800995,
         -0.04291781038045883,
         0.13166356086730957
      ],
      "42": [
         -0.026839952915906906,
         -0.04167944937944412,
         0.13229501247406006
      ],
      "43": [
         0.019090455025434494,
         -0.041815198957920074,
         0.13396453857421875
      ],
      "44": [
         0.02529452182352543,
         -0.04282074421644211,
         0.13660764694213867
      ],
      "45": [
         0.03263226896524429,
         -0.04242217540740967,
         0.13710558414459229
      ],
      "46": [
         0.03778378665447235,
         -0.036914244294166565,
         0.13594388961791992
      ],
      "47": [
         0.03245317190885544,
         -0.041060879826545715,
         0.13330137729644775
      ],
      "48": [
         0.025661088526248932,
         -0.04193117469549179,
         0.13289809226989746
      ],
      "49": [
         -0.019465794786810875,
         -0.044639360159635544,
         0.07606029510498047
      ],
      "50": [
         -0.014957260340452194,
         -0.0532078891992569,
         0.07951653003692627
      ],
      "51": [
         -0.00694724265486002,
         -0.05926980450749397,
         0.08297193050384521
      ],
      "52": [
         0.0027599900495260954,
         -0.06183654069900513,
         0.0820767879486084
      ],
      "53": [
         0.011930419132113457,
         -0.05918752774596214,
         0.0822896957397461
      ],
      "54": [
         0.019185233861207962,
         -0.05344391614198685,
         0.0786895751953125
      ],
      "55": [
         0.023501571267843246,
         -0.04537355154752731,
         0.0753788948059082
      ],
      "56": [
         0.018284019082784653,
         -0.04831070080399513,
         0.06989336013793945
      ],
      "57": [
         0.01092742383480072,
         -0.053398601710796356,
         0.06553328037261963
      ],
      "58": [
         0.00229730480350554,
         -0.05455384775996208,
         0.0642392635345459
      ],
      "59": [
         -0.007451801560819149,
         -0.05344468727707863,
         0.0656745433807373
      ],
      "60": [
         -0.014831868931651115,
         -0.04818269982933998,
         0.06992173194885254
      ],
      "61": [
         -0.017573513090610504,
         -0.042211905121803284,
         0.07609438896179199
      ],
      "62": [
         -0.005304807797074318,
         -0.05322449281811714,
         0.07557463645935059
      ],
      "63": [
         0.0024177362211048603,
         -0.05495544523000717,
         0.07457983493804932
      ],
      "64": [
         0.009911913424730301,
         -0.05312959477305412,
         0.07538080215454102
      ],
      "65": [
         0.021698934957385063,
         -0.042817406356334686,
         0.07575058937072754
      ],
      "66": [
         0.00980184506624937,
         -0.05170240253210068,
         0.07501447200775146
      ],
      "67": [
         0.002418238902464509,
         -0.05327541008591652,
         0.07437252998352051
      ],
      "68": [
         -0.005505744367837906,
         -0.05199193209409714,
         0.07520222663879395
      ]
   },
   "keypoints_2d_coordinates": {
      "1": [
         57,
         31
      ],
      "2": [
         66,
         32
      ],
      "3": [
         76,
         34
      ],