{
   "keypoints_3d_coordinates": {
      "1": [
         -0.07555508613586426,
         0.02393512800335884,
         0.1543964147567749
      ],
      "2": [
         -0.07424864172935486,
         0.01886996254324913,
         0.13380730152130127
      ],
      "3": [
         -0.07228212058544159,
         0.017106126993894577,
         0.11363613605499268
      ],
      "4": [
         -0.068609818816185,
         0.013810846954584122,
         0.09090518951416016
      ],
      "5": [
         -0.06119350716471672,
         0.004748903214931488,
         0.07497656345367432
      ],
      "6": [
         -0.052463971078395844,
         -0.013302572071552277,
         0.0655813217163086
      ],
      "7": [
         -0.04033122584223747,
         -0.025494299829006195,
         0.055875182151794434
      ],
      "8": [
         -0.026581693440675735,
         -0.039151281118392944,
         0.04848182201385498
      ],
      "9": [
         0.00046970960102044046,
         -0.04752881079912186,
         0.042372941970825195
      ],
      "10": [
         0.027377456426620483,
         -0.03855433315038681,
         0.04834258556365967
      ],
      "11": [
         0.04078426584601402,
         -0.02483377605676651,
         0.055860161781311035
      ],
      "12": [
         0.0532170869410038,
         -0.01279025711119175,
         0.06511104106903076
      ],
      "13": [
         0.06253737211227417,
         0.005038471892476082,
         0.07425117492675781
      ],
      "14": [
         0.06994978338479996,
         0.014067720621824265,
         0.09032964706420898
      ],
      "15": [
         0.07484111189842224,
         0.017549581825733185,
         0.11340737342834473
      ],
      "16": [
         0.07666434347629547,
         0.019810792058706284,
         0.13397765159606934
      ],
      "17": [
         0.07842157036066055,
         0.025907699018716812,
         0.15415310859680176
      ],
      "18": [
         -0.04971802234649658,
         -0.04275629669427872,
         0.18171250820159912
      ],
      "19": [
         -0.046073876321315765,
         -0.044281747192144394,
         0.18782269954681396
      ],
      "20": [
         -0.0364072248339653,
         -0.049531497061252594,
         0.19040215015411377
      ],
      "21": [
         -0.025765573605895042,
         -0.053192898631095886,
         0.188820481300354
      ],
      "22": [
         -0.013971873559057713,
         -0.05540834739804268,
         0.18558287620544434
      ],
      "23": [
         0.019354328513145447,
         -0.05510694533586502,
         0.18616223335266113
      ],
      "24": [
         0.031521026045084,
         -0.052762746810913086,
         0.18915748596191406
      ],
      "25": [
         0.04222102463245392,
         -0.0482172966003418,
         0.19095182418823242
      ],
      "26": [
         0.0514812245965004,
         -0.042364396154880524,
         0.18826019763946533
      ],
      "27": [
         0.05506777763366699,
         -0.04062864929437637,
         0.18202900886535645
      ],
      "28": [
         0.00228890054859221,
         -0.05350722372531891,
         0.17376041412353516
      ],
      "29": [
         0.0015738226938992739,
         -0.05897145718336105,
         0.15835142135620117
      ],
      "30": [
         0.001193116302601993,
         -0.06665168702602386,
         0.14869368076324463
      ],
      "31": [
         0.0006408026092685759,
         -0.07761465013027191,
         0.13508236408233643
      ],
      "32": [
         -0.01730097085237503,
         -0.057814981788396835,
         0.11762738227844238
      ],
      "33": [
         -0.008887749165296555,
         -0.0631222054362297,
         0.11712539196014404
      ],
      "34": [
         0.0006725427811034024,
         -0.06598878651857376,
         0.11728739738464355
      ],
      "35": [
         0.010644298046827316,
         -0.06315433979034424,
         0.11738801002502441
      ],
      "36": [
         0.019097134470939636,
         -0.05739572271704674,
         0.11770749092102051
      ],
      "37": [
         -0.044979117810726166,
         -0.03594152256846428,
         0.16012120246887207
      ],
      "38": [
         -0.03801047056913376,
         -0.045822158455848694,
         0.15897881984710693
      ],
      "39": [
         -0.02637527883052826,
         -0.045621201395988464,
         0.15991437435150146
      ],
      "40": [
         -0.017392991110682487,
         -0.04207899421453476,
         0.15955007076263428
      ],
      "41": [
         -0.02618744783103466,
         -0.04426535964012146,
         0.15755248069763184
      ],
      "42": [
         -0.03726479038596153,
         -0.04340863227844238,
         0.15607011318206787
      ],
      "43": [
         0.022092152386903763,
         -0.04190528392791748,
         0.16004109382629395
      ],
      "44": [
         0.03110559657216072,
         -0.04591531306505203,
         0.16019868850708008
      ],
      "45": [
         0.04313737526535988,
         -0.045874811708927155,
         0.1595247983932495
      ],
      "46": [
         0.04967217519879341,
         -0.03559248521924019,
         0.1604900360107422
      ],
      "47": [
         0.04182077944278717,
         -0.0426633320748806,
         0.1569117307662964
      ],
      "48": [
         0.030958466231822968,
         -0.044096045196056366,
         0.1577003002166748
      ],
      "49": [
         -0.025520797818899155,
         -0.05271964520215988,
         0.08585560321807861
      ],
      "50": [
         -0.01829337701201439,
         -0.06460413336753845,
         0.09515631198883057
      ],
      "51": [
         -0.009486285038292408,
         -0.07011203467845917,
         0.10107982158660889
      ],
      "52": [
         0.0009613991715013981,
         -0.07260164618492126,
         0.10108864307403564
      ],
      "53": [
         0.012134505435824394,
         -0.06976121664047241,
         0.10122978687286377
      ],
      "54": [
         0.020899541676044464,
         -0.06417760998010635,
         0.09496784210205078
      ],
      "55": [
         0.026868289336562157,
         -0.05296032130718231,
         0.0859367847442627
      ],
      "56": [
         0.020484989508986473,
         -0.056950367987155914,
         0.07790923118591309
      ],
      "57": [
         0.011473163031041622,
         -0.061419565230607986,
         0.07122182846069336
      ],
      "58": [
         0.0012416720855981112,
         -0.06301328539848328,
         0.06975090503692627
      ],
      "59": [
         -0.009165529161691666,
         -0.06173237785696983,
         0.07100129127502441
      ],
      "60": [
         -0.01905078999698162,
         -0.05761614814400673,
         0.07701075077056885
      ],
      "61": [
         -0.023176291957497597,
         -0.05291374772787094,
         0.0872499942779541
      ],
      "62": [
         -0.007572479546070099,
         -0.06728269159793854,
         0.0938262939453125
      ],
      "63": [
         0.0008575196843594313,
         -0.06794878095388412,
         0.09374666213989258
      ],
      "64": [
         0.010060391388833523,
         -0.06697756052017212,
         0.09396028518676758
      ],
      "65": [
         0.024250632151961327,
         -0.05256415158510208,
         0.08786487579345703
      ],
      "66": [
         0.009634388610720634,
         -0.060786038637161255,
         0.07972943782806396
      ],
      "67": [
         0.0010540246730670333,
         -0.06161856651306152,
         0.07923102378845215
      ],
      "68": [
         -0.007602267898619175,
         -0.06127475947141647,
         0.07975935935974121
      ]
   },
   "keypoints_2d_coordinates": {
      "1": [
         45,
         21
      ],
      "2": [
         56,
         22
      ],
      "3": [
         68,
         23
      ],