{
   "version": "2.0.0",
   "face": {
      "standard": {
         "1": {
            "global_3d": {
               "x": 3.0329062938690186,
               "y": -0.15722602605819702,
               "z": 1.6690490245819092
            },
            "pixel_2d": {
               "x": 259,
               "y": 269
            }
         },
         "2": {
            "global_3d": {
               "x": 3.027560234069824,
               "y": -0.15757952630519867,
               "z": 1.648027777671814
            },
            "pixel_2d": {
               "x": 260,
               "y": 269
            }
         },
         "3": {
            "global_3d": {
               "x": 3.025696277618408,
               "y": -0.15880823135375977,
               "z": 1.628202199935913
            },
            "pixel_2d": {
               "x": 261,
               "y": 269
            }
         },
         "4": {
            "global_3d": {
               "x": 3.021074056625366,
               "y": -0.16230487823486328,
               "z": 1.6040689945220947
            },
            "pixel_2d": {
               "x": 262,
               "y": 269
            }
         },
         "5": {
            "global_3d": {
               "x": 3.011868715286255,
               "y": -0.16714045405387878,
               "z": 1.584981918334961
            },
            "pixel_2d": {
               "x": 263,
               "y": 269
            }
         },
         "6": {
            "global_3d": {
               "x": 2.991339683532715,
               "y": -0.17213959991931915,
               "z": 1.5733673572540283
            },
            "pixel_2d": {
               "x": 264,
               "y": 270
            }
         },
         "7": {
            "global_3d": {
               "x": 2.975735664367676,
               "y": -0.18045195937156677,
               "z": 1.5630067586898804
            },
            "pixel_2d": {
               "x": 264,
               "y": 270
            }
         },
         "8": {
            "global_3d": {
               "x": 2.9575774669647217,
               "y": -0.18871769309043884,
               "z": 1.5537365674972534
            },
            "pixel_2d": {
               "x": 265,
               "y": 271
            }
         },
         "9": {
            "global_3d": {
               "x": 2.9396448135375977,
               "y": -0.21372821927070618,
               "z": 1.5475144386291504
            },
            "pixel_2d": {
               "x": 265,
               "y": 272
            }
         },
         "10": {
            "global_3d": {
               "x": 2.9420361518859863,
               "y": -0.24395473301410675,
               "z": 1.5553011894226074
            },
            "pixel_2d": {
               "x": 265,
               "y": 274
            }
         },
         "11": {
            "global_3d": {
               "x": 2.954207181930542,
               "y": -0.25950875878334045,
               "z": 1.564598798751831
            },
            "pixel_2d": {
               "x": 264,
               "y": 274
            }
         },
         "12": {
            "global_3d": {
               "x": 2.964050054550171,
               "y": -0.27359437942504883,
               "z": 1.5749257802963257
            },
            "pixel_2d": {
               "x": 264,
               "y": 275
            }
         },
         "13": {
            "global_3d": {
               "x": 2.9799482822418213,
               "y": -0.28740328550338745,
               "z": 1.5860306024551392
            },
            "pixel_2d": {
               "x": 263,
               "y": 276
            }
         },
         "14": {
            "global_3d": {
               "x": 2.985870838165283,
               "y": -0.2956047058105469,
               "z": 1.605534315109253
            },
            "pixel_2d": {
               "x": 262,
               "y": 276
            }
         },
         "15": {
            "global_3d": {
               "x": 2.9878976345062256,
               "y": -0.30082032084465027,
               "z": 1.6303749084472656
            },
            "pixel_2d": {
               "x": 261,
               "y": 276
            }
         },
         "16": {
            "global_3d": {
               "x": 2.988814353942871,
               "y": -0.3023524880409241,
               "z": 1.650664210319519
            },
            "pixel_2d": {
               "x": 260,
               "y": 276
            }
         },
         "17": {
            "global_3d": {
               "x": 2.9935102462768555,
               "y": -0.3060339093208313,
               "z": 1.671435832977295
            },
            "pixel_2d": {
               "x": 259,
               "y": 276
            }
         },
         "18": {
            "global_3d": {
               "x": 2.9746687412261963,
               "y": -0.15926434099674225,
               "z": 1.6883331537246704
            },
            "pixel_2d": {
               "x": 258,
               "y": 269
            }
         },
         "19": {
            "global_3d": {
               "x": 2.964752197265625,
               "y": -0.16398406028747559,
               "z": 1.6929153203964233
            },
            "pixel_2d": {
               "x": 258,
               "y": 269
            }
         },
         "20": {
            "global_3d": {
               "x": 2.9552128314971924,
               "y": -0.17007604241371155,
               "z": 1.6951278448104858
            },
            "pixel_2d": {
               "x": 258,
               "y": 270
            }
         },
         "21": {
            "global_3d": {
               "x": 2.9465439319610596,
               "y": -0.17754893004894257,
               "z": 1.6956490278244019
            },
            "pixel_2d": {
               "x": 258,
               "y": 270
            }
         },
         "22": {
            "global_3d": {
               "x": 2.938840866088867,
               "y": -0.18792885541915894,
               "z": 1.6930880546569824
            },
            "pixel_2d": {
               "x": 258,
               "y": 271
            }
         },
         "23": {
            "global_3d": {
               "x": 2.9278345108032227,
               "y": -0.22750669717788696,
               "z": 1.694033145904541
            },
            "pixel_2d": {
               "x": 258,
               "y": 273
            }
         },
         "24": {
            "global_3d": {
               "x": 2.928900718688965,
               "y": -0.2402341663837433,
               "z": 1.6973769664764404
            },
            "pixel_2d": {
               "x": 258,
               "y": 274
            }
         },
         "25": {
            "global_3d": {
               "x": 2.932655096054077,
               "y": -0.2512720227241516,
               "z": 1.697561502456665
            },
            "pixel_2d": {
               "x": 258,
               "y": 274
            }
         },
         "26": {
            "global_3d": {
               "x": 2.937807083129883,
               "y": -0.26155126094818115,
               "z": 1.6954747438430786
            },
            "pixel_2d": {
               "x": 258,
               "y": 275
            }
         },
         "27": {
            "global_3d": {
               "x": 2.9437665939331055,
               "y": -0.27100643515586853,
               "z": 1.6908323764801025
            },
            "pixel_2d": {
               "x": 258,
               "y": 275
            }
         },
         "28": {
            "global_3d": {
               "x": 2.9338035583496094,
               "y": -0.20836538076400757,
               "z": 1.677552580833435
            },
            "pixel_2d": {
               "x": 259,
               "y": 272
            }
         },
         "29": {
            "global_3d": {
               "x": 2.9280548095703125,