{
   "keypoints_3d_coordinates": {
      "1": [
         -0.056065499782562256,
         -0.00369868241250515,
         0.1515275239944458
      ],
      "2": [
         -0.0491153709590435,
         -0.010522628203034401,
         0.13381385803222656
      ],
      "3": [
         -0.044100504368543625,
         -0.01324324682354927,
         0.11562836170196533
      ],
      "4": [
         -0.03715039789676666,
         -0.014522170647978783,
         0.09373903274536133
      ],
      "5": [
         -0.031156431883573532,
         -0.0168563611805439,
         0.07840573787689209
      ],
      "6": [
         -0.013752262108027935,
         -0.02986052818596363,
         0.0719681978225708
      ],
      "7": [
         0.007700782269239426,
         -0.0381646454334259,
         0.0648202896118164
      ],
      "8": [
         0.02931760624051094,
         -0.04613306373357773,
         0.05980563163757324
      ],
      "9": [
         0.0592472106218338,
         -0.04123898968100548,
         0.05661141872406006
      ],
      "10": [
         0.07558250427246094,
         -0.017358936369419098,
         0.06226623058319092
      ],
      "11": [
         0.07381849735975266,
         0.0020533278584480286,
         0.06820416450500488
      ],
      "12": [
         0.07137161493301392,
         0.015634611248970032,
         0.07555735111236572
      ],
      "13": [
         0.06897595524787903,
         0.034808434545993805,
         0.08231401443481445
      ],
      "14": [
         0.07156342267990112,
         0.05323755741119385,
         0.09872543811798096
      ],
      "15": [
         0.0718112587928772,
         0.0625854879617691,
         0.12094783782958984
      ],
      "16": [
         0.07074704766273499,
         0.06801357120275497,
         0.13869690895080566
      ],
      "17": [
         0.06683588773012161,
         0.07672692090272903,
         0.1561729907989502
      ],
      "18": [
         -0.003484095446765423,
         -0.04650519788265228,
         0.1857588291168213
      ],
      "19": [
         -0.00024436740204691887,
         -0.04597245156764984,
         0.19084766507148743
      ],
      "20": [
         0.010877478867769241,
         -0.0462031252682209,
         0.19337840378284454
      ],
      "21": [
         0.0224924273788929,
         -0.04483380168676376,
         0.19274146854877472
      ],
      "22": [
         0.03442653641104698,
         -0.0408649668097496,
         0.1895088255405426
      ],
      "23": [
         0.0619058720767498,
         -0.022803664207458496,
         0.19041362404823303
      ],
      "24": [
         0.07036111503839493,
         -0.013850012794137001,
         0.19387377798557281
      ],
      "25": [
         0.07630866765975952,
         -0.003671899437904358,
         0.1954374760389328
      ],
      "26": [
         0.08033425360918045,
         0.006703513674438,
         0.19348175823688507
      ],
      "27": [
         0.08227942883968353,
         0.009601416066288948,
         0.1887165606021881
      ],
      "28": [
         0.04875180125236511,
         -0.032427337020635605,
         0.17924678325653076
      ],
      "29": [
         0.05242462828755379,
         -0.037933263927698135,
         0.1659921407699585
      ],
      "30": [
         0.057408180087804794,
         -0.04540618136525154,
         0.15770888328552246
      ],
      "31": [
         0.06407884508371353,
         -0.05564986914396286,
         0.14629089832305908
      ],
      "32": [
         0.04094422236084938,
         -0.05096885561943054,
         0.12637555599212646
      ],
      "33": [
         0.05069398134946823,
         -0.05169324204325676,
         0.12609732151031494
      ],
      "34": [
         0.059959255158901215,
         -0.04866799712181091,
         0.12685036659240723
      ],
      "35": [
         0.06637299060821533,
         -0.04164446145296097,
         0.12687993049621582
      ],
      "36": [
         0.06948662549257278,
         -0.03215537220239639,
         0.12788629531860352
      ],
      "37": [
         2.616085112094879e-06,
         -0.04334801435470581,
         0.16644501686096191
      ],
      "38": [
         0.011009713634848595,
         -0.04803089797496796,
         0.17344903945922852
      ],
      "39": [
         0.02226787991821766,
         -0.04160821810364723,
         0.17330622673034668
      ],
      "40": [
         0.028830546885728836,
         -0.034163251519203186,
         0.16659951210021973
      ],
      "41": [
         0.02262883447110653,
         -0.04057830944657326,
         0.16388070583343506
      ],
      "42": [
         0.011646609753370285,
         -0.046639591455459595,
         0.16224098205566406
      ],
      "43": [
         0.05833626538515091,
         -0.013956867158412933,
         0.16765034198760986
      ],
      "44": [
         0.0679265707731247,
         -0.011641168966889381,
         0.17549943923950195
      ],
      "45": [
         0.078457772731781,
         -0.0039767250418663025,
         0.17635345458984375
      ],
      "46": [
         0.07918212562799454,
         0.00794932246208191,
         0.16968107223510742
      ],
      "47": [
         0.07736038416624069,
         -0.00398859940469265,
         0.1646960973739624
      ],
      "48": [
         0.06733130663633347,
         -0.011071089655160904,
         0.16534435749053955
      ],
      "49": [
         0.03418022394180298,
         -0.05596848949790001,
         0.0999443531036377
      ],
      "50": [
         0.04314998537302017,
         -0.06002982705831528,
         0.10646605491638184
      ],
      "51": [
         0.0533854141831398,
         -0.060170162469148636,
         0.11251223087310791
      ],
      "52": [
         0.06528021395206451,
         -0.05675651878118515,
         0.1142888069152832
      ],
      "53": [
         0.07426256686449051,
         -0.046804510056972504,
         0.11426687240600586
      ],
      "54": [
         0.07864285260438919,
         -0.03776584193110466,
         0.10914647579193115
      ],
      "55": [
         0.07833237200975418,
         -0.02778584137558937,
         0.1032177209854126
      ],
      "56": [
         0.07907326519489288,
         -0.037476927042007446,
         0.09866786003112793
      ],
      "57": [
         0.07565214484930038,
         -0.04793701693415642,
         0.09463167190551758
      ],
      "58": [
         0.06713107973337173,
         -0.05725998431444168,
         0.0924762487411499
      ],
      "59": [
         0.05505884066224098,
         -0.060898423194885254,
         0.09322714805603027
      ],
      "60": [
         0.04306643828749657,
         -0.05947171151638031,
         0.09615468978881836
      ],
      "61": [
         0.035884931683540344,
         -0.05385687202215195,
         0.0998082160949707
      ],
      "62": [
         0.053540538996458054,
         -0.05586870759725571,
         0.1027522087097168
      ],
      "63": [
         0.06340669840574265,
         -0.052347566932439804,
         0.10328781604766846
      ],
      "64": [
         0.07098960131406784,
         -0.04529920220375061,
         0.10408318042755127
      ],
      "65": [
         0.0758335143327713,
         -0.028856465592980385,
         0.10269057750701904
      ],
      "66": [
         0.07126417011022568,
         -0.04638547822833061,
         0.10381519794464111
      ],
      "67": [
         0.06377416849136353,
         -0.05320076644420624,
         0.10313868522644043
      ],
      "68": [
         0.05377068370580673,
         -0.05656377226114273,
         0.10268330574035645
      ]
   },
   "keypoints_2d_coordinates": {
      "1": [
         367,
         255
      ],
      "2": [
         448,
         286
      ],
      "3": [
         532,
         309
      ],
      "4": [
         633,
         340
      ],