{
   "keypoints_3d_coordinates": {
      "1": [
         -0.05854702740907669,
         0.019945234060287476,
         0.1320631504058838
      ],
      "2": [
         -0.05674904212355614,
         0.015375964343547821,
         0.11487734317779541
      ],
      "3": [
         -0.05505577474832535,
         0.01571795903146267,
         0.09739828109741211
      ],
      "4": [
         -0.0524115264415741,
         0.013721497729420662,
         0.07842516899108887
      ],
      "5": [
         -0.04811382666230202,
         0.005937270820140839,
         0.0650491714477539
      ],
      "6": [
         -0.04257141053676605,
         -0.007418676745146513,
         0.05639541149139404
      ],
      "7": [
         -0.03306813910603523,
         -0.015823788940906525,
         0.04927694797515869
      ],
      "8": [
         -0.02184465155005455,
         -0.024475235491991043,
         0.046350717544555664
      ],
      "9": [
         0.00041023408994078636,
         -0.03452024981379509,
         0.041670918464660645
      ],
      "10": [
         0.02339341677725315,
         -0.025395531207323074,
         0.04523015022277832
      ],
      "11": [
         0.03402327001094818,
         -0.016874952241778374,
         0.04854476451873779
      ],
      "12": [
         0.04404153674840927,
         -0.00882905162870884,
         0.05491447448730469
      ],
      "13": [
         0.05098249763250351,
         0.0042067039757966995,
         0.06225407123565674
      ],
      "14": [
         0.05592438206076622,
         0.012069353833794594,
         0.075264573097229
      ],
      "15": [
         0.05971965938806534,
         0.014426793903112411,
         0.09355902671813965
      ],
      "16": [
         0.06112968176603317,
         0.013225918635725975,
         0.11158573627471924
      ],
      "17": [
         0.06495261192321777,
         0.016557160764932632,
         0.12906086444854736
      ],
      "18": [
         -0.03950595483183861,
         -0.0317351371049881,
         0.14442408084869385
      ],
      "19": [
         -0.03641905635595322,
         -0.0354609377682209,
         0.14507508277893066
      ],
      "20": [
         -0.030220255255699158,
         -0.04148013889789581,
         0.14622712135314941
      ],
      "21": [
         -0.024975256994366646,
         -0.04675053805112839,
         0.1470881700515747
      ],
      "22": [
         -0.01561005599796772,
         -0.05135713890194893,
         0.14590108394622803
      ],
      "23": [
         0.019346345216035843,
         -0.0528925359249115,
         0.1447690725326538
      ],
      "24": [
         0.029145343229174614,
         -0.04764813929796219,
         0.1452322006225586
      ],
      "25": [
         0.03474564105272293,
         -0.04271743819117546,
         0.143868088722229
      ],
      "26": [
         0.04068554565310478,
         -0.036733537912368774,
         0.1421571969985962
      ],
      "27": [
         0.04358944296836853,
         -0.03298353776335716,
         0.14112913608551025
      ],
      "28": [
         0.001233003451488912,
         -0.05281481146812439,
         0.13224470615386963
      ],
      "29": [
         0.0006791419582441449,
         -0.05566197261214256,
         0.12042844295501709
      ],
      "30": [
         0.0003413792001083493,
         -0.060392070561647415,
         0.1125713586807251
      ],
      "31": [
         2.0439387299120426e-05,
         -0.06657623499631882,
         0.098624587059021
      ],
      "32": [
         -0.012802060693502426,
         -0.044556088745594025,
         0.09066939353942871
      ],
      "33": [
         -0.007061171345412731,
         -0.04896072298288345,
         0.08745324611663818
      ],
      "34": [
         -0.0002455215435475111,
         -0.053768303245306015,
         0.08566498756408691
      ],
      "35": [
         0.006381975021213293,
         -0.05004708468914032,
         0.08723139762878418
      ],
      "36": [
         0.012578379362821579,
         -0.04629957303404808,
         0.08992671966552734
      ],
      "37": [
         -0.0362398736178875,
         -0.031952932476997375,
         0.12805140018463135
      ],
      "38": [
         -0.029246708378195763,
         -0.03968494385480881,
         0.13389849662780762
      ],
      "39": [
         -0.02160036377608776,
         -0.039879895746707916,
         0.13364696502685547
      ],
      "40": [
         -0.01539795845746994,
         -0.03711751103401184,
         0.12663137912750244
      ],
      "41": [
         -0.021935125812888145,
         -0.03946007788181305,
         0.12494099140167236
      ],
      "42": [
         -0.02968849241733551,
         -0.03827435150742531,
         0.12423169612884521
      ],
      "43": [
         0.017751142382621765,
         -0.03735414519906044,
         0.12565791606903076
      ],
      "44": [
         0.0249090064316988,
         -0.040783584117889404,
         0.13136088848114014
      ],
      "45": [
         0.03237739950418472,
         -0.04039251431822777,
         0.13177704811096191
      ],
      "46": [
         0.039319511502981186,
         -0.03253316506743431,
         0.12552011013031006
      ],
      "47": [
         0.03239782154560089,
         -0.03960217535495758,
         0.12300217151641846
      ],
      "48": [
         0.023843703791499138,
         -0.03999257832765579,
         0.12309229373931885
      ],
      "49": [
         -0.024214651435613632,
         -0.03067564219236374,
         0.06896281242370605
      ],
      "50": [
         -0.016547398641705513,
         -0.040085554122924805,
         0.07191169261932373
      ],
      "51": [
         -0.008346864953637123,
         -0.04534882307052612,
         0.07354152202606201
      ],
      "52": [
         -0.00011906155850738287,
         -0.047707702964544296,
         0.07346093654632568
      ],
      "53": [
         0.008801011368632317,
         -0.046178512275218964,
         0.0736684799194336
      ],
      "54": [
         0.01794387400150299,
         -0.04056166857481003,
         0.07247543334960938
      ],
      "55": [
         0.025347406044602394,
         -0.029459485784173012,
         0.06874537467956543
      ],
      "56": [
         0.019458571448922157,
         -0.03730405867099762,
         0.06815516948699951
      ],
      "57": [
         0.0109369782730937,
         -0.04193732142448425,
         0.06834006309509277
      ],
      "58": [
         0.0011364087695255876,
         -0.044416286051273346,
         0.0688098669052124
      ],
      "59": [
         -0.008809639140963554,
         -0.04217252507805824,
         0.06826698780059814
      ],
      "60": [
         -0.017654914408922195,
         -0.03656608611345291,
         0.06741940975189209
      ],
      "61": [
         -0.02335236966609955,
         -0.028585363179445267,
         0.07012033462524414
      ],
      "62": [
         -0.007108129560947418,
         -0.041774194687604904,
         0.07353568077087402
      ],
      "63": [
         0.0005933118518441916,
         -0.04289727658033371,
         0.07368266582489014
      ],
      "64": [
         0.008378252387046814,
         -0.04276493936777115,
         0.07337403297424316
      ],
      "65": [
         0.02438715472817421,
         -0.027452608570456505,
         0.0699840784072876
      ],
      "66": [
         0.009581795893609524,
         -0.04104617238044739,
         0.07431721687316895
      ],
      "67": [
         0.0006261568050831556,
         -0.042084284126758575,
         0.07395720481872559
      ],
      "68": [
         -0.008166403509676456,
         -0.04050090163946152,
         0.07412886619567871
      ]
   },
   "keypoints_2d_coordinates": {
      "1": [
         57,
         31
      ],
      "2": [
         67,
         32
      ],
      "3": [
         77,
         33
      ],