{
   "keypoints_3d_coordinates": {
      "1": [
         -0.0607738234102726,
         0.011251011863350868,
         0.15282464027404785
      ],
      "2": [
         -0.05271570384502411,
         0.004787633195519447,
         0.13566207885742188
      ],
      "3": [
         -0.0479142852127552,
         -0.0016736611723899841,
         0.11749064922332764
      ],
      "4": [
         -0.038168225437402725,
         -0.0074926926754415035,
         0.09732592105865479
      ],
      "5": [
         -0.028982266783714294,
         -0.008382854983210564,
         0.08292925357818604
      ],
      "6": [
         -0.0074172308668494225,
         -0.017203032970428467,
         0.08050858974456787
      ],
      "7": [
         0.018146466463804245,
         -0.01945851743221283,
         0.07938969135284424
      ],
      "8": [
         0.042119067162275314,
         -0.018151532858610153,
         0.08093392848968506
      ],
      "9": [
         0.06681465357542038,
         -0.005083167925477028,
         0.0796058177947998
      ],
      "10": [
         0.07329116761684418,
         0.021491028368473053,
         0.07800173759460449
      ],
      "11": [
         0.06862994283437729,
         0.03982881084084511,
         0.07477140426635742
      ],
      "12": [
         0.061904601752758026,
         0.05189014971256256,
         0.07552230358123779
      ],
      "13": [
         0.05358443409204483,
         0.07050788402557373,
         0.07712030410766602
      ],
      "14": [
         0.04750966280698776,
         0.09633994102478027,
         0.08772492408752441
      ],
      "15": [
         0.04045934975147247,
         0.10891849547624588,
         0.10637497901916504
      ],
      "16": [
         0.03441411256790161,
         0.11471152305603027,
         0.12425899505615234
      ],
      "17": [
         0.026604298502206802,
         0.12341856956481934,
         0.14205241203308105
      ],
      "18": [
         0.0010023647919297218,
         -0.001414269208908081,
         0.18632905185222626
      ],
      "19": [
         0.0031532058492302895,
         0.0011401865631341934,
         0.19074274599552155
      ],
      "20": [
         0.011938581243157387,
         0.004747464321553707,
         0.19331932067871094
      ],
      "21": [
         0.020963424816727638,
         0.009429259225726128,
         0.19318972527980804
      ],
      "22": [
         0.029829401522874832,
         0.015525882132351398,
         0.19048991799354553
      ],
      "23": [
         0.04835541546344757,
         0.03859378397464752,
         0.1880401372909546
      ],
      "24": [
         0.05248543620109558,
         0.04930822551250458,
         0.1890266388654709
      ],
      "25": [
         0.05456557124853134,
         0.05963897705078125,
         0.1878466159105301
      ],
      "26": [
         0.0559672936797142,
         0.06877502053976059,
         0.184035524725914
      ],
      "27": [
         0.05749144405126572,
         0.07120085507631302,
         0.17920787632465363
      ],
      "28": [
         0.040624454617500305,
         0.024954233318567276,
         0.18114304542541504
      ],
      "29": [
         0.04709768295288086,
         0.018507901579141617,
         0.17161035537719727
      ],
      "30": [
         0.05373585224151611,
         0.012641729786992073,
         0.16565680503845215
      ],
      "31": [
         0.06286703795194626,
         0.003972193226218224,
         0.15730702877044678
      ],
      "32": [
         0.04007967561483383,
         -0.0008622538298368454,
         0.1402195692062378
      ],
      "33": [
         0.048832595348358154,
         0.0010042954236268997,
         0.13993287086486816
      ],
      "34": [
         0.056648217141628265,
         0.006819210946559906,
         0.1393420696258545
      ],
      "35": [
         0.05996650457382202,
         0.016192035749554634,
         0.13846218585968018
      ],
      "36": [
         0.06109336018562317,
         0.025088082998991013,
         0.13740336894989014
      ],
      "37": [
         0.0037778466939926147,
         0.0005946280434727669,
         0.17076408863067627
      ],
      "38": [
         0.013067226856946945,
         0.0012455098330974579,
         0.1769559383392334
      ],
      "39": [
         0.018689317628741264,
         0.008991096168756485,
         0.17668306827545166
      ],
      "40": [
         0.02155201882123947,
         0.016791872680187225,
         0.17058908939361572
      ],
      "41": [
         0.01989290677011013,
         0.008560581132769585,
         0.16900372505187988
      ],
      "42": [
         0.013889865949749947,
         0.0015369188040494919,
         0.1683046817779541
      ],
      "43": [
         0.04292290657758713,
         0.04337240010499954,
         0.16803252696990967
      ],
      "44": [
         0.050643440335989,
         0.048617884516716,
         0.17278707027435303
      ],
      "45": [
         0.056958720088005066,
         0.05706720054149628,
         0.17170262336730957
      ],
      "46": [
         0.05516965687274933,
         0.06534437835216522,
         0.16437053680419922
      ],
      "47": [
         0.05685720592737198,
         0.05595109611749649,
         0.16317284107208252
      ],
      "48": [
         0.05106891691684723,
         0.04709172621369362,
         0.1652514934539795
      ],
      "49": [
         0.040050022304058075,
         -0.011565741151571274,
         0.11385786533355713
      ],
      "50": [
         0.04882802069187164,
         -0.009805436246097088,
         0.1225130558013916
      ],
      "51": [
         0.05602273344993591,
         -0.005492767319083214,
         0.12771296501159668
      ],
      "52": [
         0.06391565501689911,
         0.000596161000430584,
         0.12717020511627197
      ],
      "53": [
         0.06777723133563995,
         0.010935276746749878,
         0.12619054317474365
      ],
      "54": [
         0.06972862780094147,
         0.01867486909031868,
         0.12038052082061768
      ],
      "55": [
         0.06789341568946838,
         0.02582939714193344,
         0.11056864261627197
      ],
      "56": [
         0.07055933028459549,
         0.01766781508922577,
         0.11070072650909424
      ],
      "57": [
         0.07043597847223282,
         0.007689349353313446,
         0.11125266551971436
      ],
      "58": [
         0.06616540998220444,
         -0.002117791213095188,
         0.1124267578125
      ],
      "59": [
         0.05860317498445511,
         -0.008350217714905739,
         0.11356472969055176
      ],
      "60": [
         0.048433586955070496,
         -0.011437865905463696,
         0.11362433433532715
      ],
      "61": [
         0.03994632139801979,
         -0.010380350053310394,
         0.11393928527832031
      ],
      "62": [
         0.055797278881073,
         -0.00443622563034296,
         0.12137091159820557
      ],
      "63": [
         0.06192396581172943,
         0.001272052526473999,
         0.12100052833557129
      ],
      "64": [
         0.06616334617137909,
         0.009785102680325508,
         0.11937177181243896
      ],
      "65": [
         0.0672302320599556,
         0.025030221790075302,
         0.11082804203033447
      ],
      "66": [
         0.06642521172761917,
         0.009471645578742027,
         0.1169583797454834
      ],
      "67": [
         0.06247985363006592,
         0.0007160287350416183,
         0.11849045753479004
      ],
      "68": [
         0.055612243711948395,
         -0.004704242572188377,
         0.11879384517669678
      ]
   },
   "keypoints_2d_coordinates": {
      "1": [
         363,
         236
      ],
      "2": [
         441,
         271
      ],
      "3": [
         523,
         293
      ],
      "4": [
         616,
         337
      ],