{
   "version": "1.0.0",
   "facial_hair_included": false,
   "eye_gaze": {
      "axis_directions": {
         "right_eye": {
            "axis_directions": {
               "visual_axis_direction": {
                  "x": -0.21974715219230978,
                  "y": -0.8768761446421429,
                  "z": -0.4275504836401211
               },
               "optical_axis_direction": {
                  "x": -0.28162155167364394,
                  "y": -0.8603698474733006,
                  "z": -0.42479763086874506
               }
            }
         },
         "left_eye": {
            "axis_directions": {
               "visual_axis_direction": {
                  "x": 0.23247601169195953,
                  "y": -0.8899578105531551,
                  "z": -0.3923391382761019
               },
               "optical_axis_direction": {
                  "x": -0.29500575797453393,
                  "y": -0.8625909436598905,
                  "z": -0.4109847523665694
               }
            }
         }
      },
      "target_point": {
         "right_eye": {
            "x": -0.33795008063316345,
            "y": -1.064958095550537,
            "z": -0.32576823234558105
         },
         "left_eye": {
            "x": -0.33795008063316345,
            "y": -1.064958095550537,
            "z": -0.32576823234558105
         }
      },
      "eye_gaze_direction_type": "custom"
   },
   "face_expression": {
      "intensity_level": 3.7656684796035886,
      "name": "fear"
   },
   "accessories": [],
   "apex_of_cornea_point": {
      "2d": {
         "camera": {
            "right_eye": {
               "x": 39.746824142377065,
               "y": 41.62699000223109
            },
            "left_eye": {
               "x": 38.382108533138016,
               "y": 82.29731367114748
            }
         }
      },
      "3d": {
         "right_eye": {
            "x": -0.03786323964595795,
            "y": -0.05107762664556503,
            "z": 0.1610451638698578
         },
         "left_eye": {
            "x": 0.03091852366924286,
            "y": -0.05343664810061455,
            "z": 0.16328872740268707
         }
      }
   },
   "center_of_rotation_point": {
      "2d": {
         "camera": {
            "right_eye": {
               "x": 36.822305827453754,
               "y": 43.8291379488703
            },
            "left_eye": {
               "x": 35.52488587710109,
               "y": 84.34867692206599
            }
         }
      },
      "3d": {
         "right_eye": {
            "x": -0.03437146544456482,
            "y": -0.04041198641061783,
            "z": 0.16631121933460236
         },
         "left_eye": {
            "x": 0.03462580218911171,
            "y": -0.042600732296705246,
            "z": 0.16845394670963287
         }
      }
   },
   "head_metadata": {
      "head_rotation": {
         "yaw": 0.0,
         "pitch": 0.0,
         "roll": 0.0
      },
      "head_six_dof": {
         "location": {
            "x": -0.0009403228759765625,
            "y": -0.06153440847992897,
            "z": 0.17588162422180176
         },
         "look_at_vector": {
            "x": 8.74227803627227e-08,
            "y": -0.9999999999999962,
            "z": 9.553428304548457e-16
         }
      },
      "head_root_location": {
         "x": 0.0,
         "y": 0.0,
         "z": 0.0
      }
   },
   "center_of_pupil_point": {
      "2d": {
         "camera": {
            "right_eye": {
               "x": 39.03047472352834,
               "y": 42.16630895734397
            },
            "left_eye": {
               "x": 37.68570794647807,
               "y": 82.79734635638674
            }
         }
      },
      "3d": {
         "right_eye": {
            "x": -0.03701251745223999,
            "y": -0.0484786219894886,
            "z": 0.16232839226722717
         },
         "left_eye": {
            "x": 0.03181745484471321,
            "y": -0.05080819129943848,
            "z": 0.1645410656929016
         }
      }
   },
   "iris_circle": {
      "2d": {
         "camera": {
            "right_eye": [
               {
                  "x": 35.58317439324931,
                  "y": 41.76585748363073
               },
               {
                  "x": 36.15497998394058,
                  "y": 43.66054746948479
               },
               {
                  "x": 37.5283678241624,
                  "y": 45.13198819392063
               },
               {
                  "x": 39.332800418819325,
                  "y": 45.7843004519039
               },
               {
                  "x": 41.082666473629004,
                  "y": 45.44369438442474
               },
               {
                  "x": 42.30875064961661,
                  "y": 44.20432357468095
               },
               {
                  "x": 42.68484805398708,
                  "y": 42.39998666005274
               },
               {
                  "x": 42.11267218757714,
                  "y": 40.5132848337589
               },
               {
                  "x": 40.74616824695803,
                  "y": 39.046476618175014
               },
               {
                  "x": 38.94892561431566,
                  "y": 38.39102265890476
               },
               {
                  "x": 37.199194758482584,
                  "y": 38.724041792857804
               },
               {
                  "x": 35.96620120438176,
                  "y": 39.958739806005966
               }
            ],
            "left_eye": [
               {
                  "x": 34.16629891429197,
                  "y": 82.42770450686216
               },
               {
                  "x": 34.73132226009673,
                  "y": 84.36246132053235
               },
               {
                  "x": 36.11858881316245,
                  "y": 85.85703454671648
               },
               {
                  "x": 37.95394575792711,
                  "y": 86.50853601495673
               },
               {
                  "x": 39.74280615277163,
                  "y": 86.14407287506852
               },
               {
                  "x": 41.00569569223428,
                  "y": 84.8634399564279
               },
               {
                  "x": 41.40657211142903,
                  "y": 83.01236498038412
               },
               {
                  "x": 40.840544112509214,
                  "y": 81.0856976905272
               },
               {
                  "x": 39.459701395174015,
                  "y": 79.5968199026617
               },
               {
                  "x": 37.63197114101513,
                  "y": 78.94253803306162
               },
               {
                  "x": 35.84364725535629,
                  "y": 79.29912356079726
               },
               {
                  "x": 34.57435262773284,
                  "y": 80.57395499023968
               }
            ]
         }
      },
      "3d": {
         "right_eye": [
            {
               "x": -0.037614163011312485,
               "y": -0.05165649577975273,
               "z": 0.1680735945701599
            },
            {
               "x": -0.0343962237238884,
               "y": -0.052225079387426376,
               "z": 0.16708895564079285
            },
            {
               "x": -0.03191462904214859,
               "y": -0.05189661309123039,
               "z": 0.16477590799331665
            },
            {
               "x": -0.03083389438688755,
               "y": -0.050759557634592056,
               "z": 0.16175441443920135
            },
            {
               "x": -0.031443700194358826,
               "y": -0.04911916330456734,
               "z": 0.15883347392082214
            },
            {
               "x": -0.03358069062232971,
               "y": -0.04741431772708893,