{
   "keypoints_3d_coordinates": {
      "1": [
         -0.06517797708511353,
         0.015312958508729935,
         0.14323747158050537
      ],
      "2": [
         -0.0638652890920639,
         0.011084593832492828,
         0.12394630908966064
      ],
      "3": [
         -0.062070682644844055,
         0.010630246251821518,
         0.10558688640594482
      ],
      "4": [
         -0.05802299827337265,
         0.008263744413852692,
         0.08539235591888428
      ],
      "5": [
         -0.05148495361208916,
         -0.0002661682665348053,
         0.07162952423095703
      ],
      "6": [
         -0.04460363835096359,
         -0.017056256532669067,
         0.06372487545013428
      ],
      "7": [
         -0.035503484308719635,
         -0.029463209211826324,
         0.05567121505737305
      ],
      "8": [
         -0.02451423369348049,
         -0.04490359127521515,
         0.04919612407684326
      ],
      "9": [
         -0.00023328710813075304,
         -0.05671388655900955,
         0.0440443754196167
      ],
      "10": [
         0.024311713874340057,
         -0.04562884569168091,
         0.04902827739715576
      ],
      "11": [
         0.03575791418552399,
         -0.03017239272594452,
         0.054630279541015625
      ],
      "12": [
         0.04565230756998062,
         -0.01781981810927391,
         0.0624927282333374
      ],
      "13": [
         0.05394880846142769,
         -0.001680482178926468,
         0.06998896598815918
      ],
      "14": [
         0.061107028275728226,
         0.006266187876462936,
         0.08415615558624268
      ],
      "15": [
         0.06567128002643585,
         0.009060617536306381,
         0.10505366325378418
      ],
      "16": [
         0.06727904081344604,
         0.009206559509038925,
         0.12341368198394775
      ],
      "17": [
         0.06889573484659195,
         0.01327282190322876,
         0.1433037519454956
      ],
      "18": [
         -0.042927466332912445,
         -0.04589258134365082,
         0.15954625606536865
      ],
      "19": [
         -0.03999556601047516,
         -0.048296183347702026,
         0.16330397129058838
      ],
      "20": [
         -0.03214426711201668,
         -0.053791433572769165,
         0.1634507179260254
      ],
      "21": [
         -0.023129016160964966,
         -0.057724080979824066,
         0.16143643856048584
      ],
      "22": [
         -0.012423167005181313,
         -0.05980972945690155,
         0.15880513191223145
      ],
      "23": [
         0.01566898263990879,
         -0.06047843396663666,
         0.15875113010406494
      ],
      "24": [
         0.026256881654262543,
         -0.05858553200960159,
         0.1609100103378296
      ],
      "25": [
         0.03524433448910713,
         -0.054843030869960785,
         0.16285622119903564
      ],
      "26": [
         0.04338188096880913,
         -0.049386829137802124,
         0.16261541843414307
      ],
      "27": [
         0.04627193510532379,
         -0.04724208265542984,
         0.1584395170211792
      ],
      "28": [
         0.0018409885233268142,
         -0.06121974065899849,
         0.15176236629486084
      ],
      "29": [
         0.0016185115091502666,
         -0.0683424174785614,
         0.14202427864074707
      ],
      "30": [
         0.0015641386853531003,
         -0.07573388516902924,
         0.13404786586761475
      ],
      "31": [
         0.0011593860108405352,
         -0.08524768054485321,
         0.11999082565307617
      ],
      "32": [
         -0.014252500608563423,
         -0.06189214065670967,
         0.1071237325668335
      ],
      "33": [
         -0.008137070573866367,
         -0.0679534524679184,
         0.10444796085357666
      ],
      "34": [
         0.0006291155586950481,
         -0.07202062010765076,
         0.10275352001190186
      ],
      "35": [
         0.009073457680642605,
         -0.06844174861907959,
         0.10435128211975098
      ],
      "36": [
         0.01544487290084362,
         -0.06252539157867432,
         0.10640120506286621
      ],
      "37": [
         -0.03768788278102875,
         -0.03945537284016609,
         0.14513695240020752
      ],
      "38": [
         -0.03202250599861145,
         -0.047373171895742416,
         0.14353692531585693
      ],
      "39": [
         -0.021604711189866066,
         -0.047988444566726685,
         0.14420044422149658
      ],
      "40": [
         -0.013568222522735596,
         -0.04467320814728737,
         0.14407050609588623
      ],
      "41": [
         -0.021357359364628792,
         -0.04708445817232132,
         0.14225804805755615
      ],
      "42": [
         -0.03156755119562149,
         -0.045895613729953766,
         0.14106309413909912
      ],
      "43": [
         0.017494184896349907,
         -0.04501210153102875,
         0.1442781686782837
      ],
      "44": [
         0.025305410847067833,
         -0.048666153103113174,
         0.14431977272033691
      ],
      "45": [
         0.03542155772447586,
         -0.048291102051734924,
         0.14393293857574463
      ],
      "46": [
         0.0417419858276844,
         -0.04061233997344971,
         0.1448286771774292
      ],
      "47": [
         0.035153087228536606,
         -0.047124654054641724,
         0.14149808883666992
      ],
      "48": [
         0.02499273791909218,
         -0.04772141948342323,
         0.14228999614715576
      ],
      "49": [
         -0.02385205589234829,
         -0.054122209548950195,
         0.08289492130279541
      ],
      "50": [
         -0.019623316824436188,
         -0.06398427486419678,
         0.086326003074646
      ],
      "51": [
         -0.011293042451143265,
         -0.06991785764694214,
         0.08953416347503662
      ],
      "52": [
         -0.00038305995985865593,
         -0.0726093053817749,
         0.0882871150970459
      ],
      "53": [
         0.010337547399103642,
         -0.0707949846982956,
         0.08887636661529541
      ],
      "54": [
         0.019101720303297043,
         -0.06453689932823181,
         0.08578801155090332
      ],
      "55": [
         0.024463238194584846,
         -0.05384168028831482,
         0.08222544193267822
      ],
      "56": [
         0.018040649592876434,
         -0.06103053689002991,
         0.07934832572937012
      ],
      "57": [
         0.009715746156871319,
         -0.06746174395084381,
         0.07730865478515625
      ],
      "58": [
         -0.0005082092247903347,
         -0.06921164691448212,
         0.07739245891571045
      ],
      "59": [
         -0.010732276365160942,
         -0.06780394166707993,
         0.07749974727630615
      ],
      "60": [
         -0.018900979310274124,
         -0.06112809479236603,
         0.07985377311706543
      ],
      "61": [
         -0.021713925525546074,
         -0.053669169545173645,
         0.08344924449920654
      ],
      "62": [
         -0.009417831897735596,
         -0.06467379629611969,
         0.08413159847259521
      ],
      "63": [
         -0.0002704818034544587,
         -0.066810242831707,
         0.08399319648742676
      ],
      "64": [
         0.008681236766278744,
         -0.06549355387687683,
         0.08388185501098633
      ],
      "65": [
         0.021522769704461098,
         -0.05396924912929535,
         0.08261322975158691
      ],
      "66": [
         0.008437741547822952,
         -0.0640939399600029,
         0.08288931846618652
      ],
      "67": [
         -0.0004453989677131176,
         -0.06542690098285675,
         0.08283007144927979
      ],
      "68": [
         -0.009403275325894356,
         -0.06405017524957657,
         0.08326542377471924
      ]
   },
   "keypoints_2d_coordinates": {
      "1": [
         51,
         27
      ],
      "2": [
         62,
         28
      ],
      "3": [
         72,
         29
      ],