{
   "keypoints_3d_coordinates": {
      "1": [
         -0.0738573893904686,
         0.024631567299365997,
         0.16208314895629883
      ],
      "2": [
         -0.07333860546350479,
         0.0184812992811203,
         0.1408247947692871
      ],
      "3": [
         -0.0744875818490982,
         0.017681483179330826,
         0.11977827548980713
      ],
      "4": [
         -0.07099085301160812,
         0.014327429234981537,
         0.096160888671875
      ],
      "5": [
         -0.06330209970474243,
         0.0032433196902275085,
         0.0794602632522583
      ],
      "6": [
         -0.05527573451399803,
         -0.01766851916909218,
         0.06990253925323486
      ],
      "7": [
         -0.04416106641292572,
         -0.03285008668899536,
         0.06141054630279541
      ],
      "8": [
         -0.030155424028635025,
         -0.0499541237950325,
         0.057982444763183594
      ],
      "9": [
         -0.002045495668426156,
         -0.06256857514381409,
         0.05290853977203369
      ],
      "10": [
         0.02571367472410202,
         -0.050076697021722794,
         0.05868422985076904
      ],
      "11": [
         0.04098769649863243,
         -0.034200385212898254,
         0.06166374683380127
      ],
      "12": [
         0.052480727434158325,
         -0.01984141394495964,
         0.07053625583648682
      ],
      "13": [
         0.06089136749505997,
         0.0004982184618711472,
         0.08014428615570068
      ],
      "14": [
         0.06914452463388443,
         0.011147376149892807,
         0.09683799743652344
      ],
      "15": [
         0.07212122529745102,
         0.014387916773557663,
         0.12104678153991699
      ],
      "16": [
         0.07154187560081482,
         0.014653492718935013,
         0.14142799377441406
      ],
      "17": [
         0.07103675603866577,
         0.019693363457918167,
         0.1627204418182373
      ],
      "18": [
         -0.04961960017681122,
         -0.04513818770647049,
         0.1800471544265747
      ],
      "19": [
         -0.04668049514293671,
         -0.046525489538908005,
         0.18492162227630615
      ],
      "20": [
         -0.038115598261356354,
         -0.0519556887447834,
         0.1866215467453003
      ],
      "21": [
         -0.028364095836877823,
         -0.05682039260864258,
         0.1859196424484253
      ],
      "22": [
         -0.017046796157956123,
         -0.05829668790102005,
         0.18330466747283936
      ],
      "23": [
         0.010955503210425377,
         -0.05827029049396515,
         0.1818835735321045
      ],
      "24": [
         0.022692803293466568,
         -0.05698598921298981,
         0.18455517292022705
      ],
      "25": [
         0.0322905033826828,
         -0.05354279279708862,
         0.18519461154937744
      ],
      "26": [
         0.04092950373888016,
         -0.04871279001235962,
         0.183396577835083
      ],
      "27": [
         0.043614402413368225,
         -0.0476485900580883,
         0.1786280870437622
      ],
      "28": [
         -0.0025143083184957504,
         -0.058939363807439804,
         0.17406654357910156
      ],
      "29": [
         -0.002286880277097225,
         -0.06683757156133652,
         0.16162145137786865
      ],
      "30": [
         -0.002248028526082635,
         -0.07338356971740723,
         0.15244710445404053
      ],
      "31": [
         -0.0019604430999606848,
         -0.08361224085092545,
         0.13804864883422852
      ],
      "32": [
         -0.01803278736770153,
         -0.06076616793870926,
         0.12354421615600586
      ],
      "33": [
         -0.010834048502147198,
         -0.06629917770624161,
         0.12129974365234375
      ],
      "34": [
         -0.0016972420271486044,
         -0.06930004060268402,
         0.12044274806976318
      ],
      "35": [
         0.007944846525788307,
         -0.06652001291513443,
         0.12194573879241943
      ],
      "36": [
         0.015370253473520279,
         -0.06099649518728256,
         0.1250244379043579
      ],
      "37": [
         -0.04390371963381767,
         -0.04173244163393974,
         0.16397368907928467
      ],
      "38": [
         -0.03684155270457268,
         -0.05071781575679779,
         0.16620028018951416
      ],
      "39": [
         -0.026716675609350204,
         -0.05088241770863533,
         0.16680920124053955
      ],
      "40": [
         -0.018443958833813667,
         -0.04544735327363014,
         0.1649932861328125
      ],
      "41": [
         -0.026313163340091705,
         -0.04930185526609421,
         0.16264724731445312
      ],
      "42": [
         -0.036436617374420166,
         -0.048523932695388794,
         0.1618509292602539
      ],
      "43": [
         0.013652297668159008,
         -0.04694298654794693,
         0.16493582725524902
      ],
      "44": [
         0.02156592532992363,
         -0.052032992243766785,
         0.1671067476272583
      ],
      "45": [
         0.03211081773042679,
         -0.052179932594299316,
         0.16683673858642578
      ],
      "46": [
         0.03884916752576828,
         -0.04380977898836136,
         0.16440963745117188
      ],
      "47": [
         0.03220072388648987,
         -0.049975305795669556,
         0.16214406490325928
      ],
      "48": [
         0.02150600403547287,
         -0.050651609897613525,
         0.16304254531860352
      ],
      "49": [
         -0.028964921832084656,
         -0.053159199655056,
         0.09646463394165039
      ],
      "50": [
         -0.022991979494690895,
         -0.06366096436977386,
         0.10053014755249023
      ],
      "51": [
         -0.01358842570334673,
         -0.06968046724796295,
         0.10376453399658203
      ],
      "52": [
         -0.001521047204732895,
         -0.07154527306556702,
         0.10352933406829834
      ],
      "53": [
         0.010662120766937733,
         -0.06908838450908661,
         0.1037132740020752
      ],
      "54": [
         0.01961309276521206,
         -0.061971720308065414,
         0.10074484348297119
      ],
      "55": [
         0.026460759341716766,
         -0.05225704610347748,
         0.09740042686462402
      ],
      "56": [
         0.019305970519781113,
         -0.06069197133183479,
         0.09517741203308105
      ],
      "57": [
         0.009954764507710934,
         -0.06882376223802567,
         0.09375441074371338
      ],
      "58": [
         -0.0018383082933723927,
         -0.07202869653701782,
         0.0929269790649414
      ],
      "59": [
         -0.01432464737445116,
         -0.06983257085084915,
         0.09334218502044678
      ],
      "60": [
         -0.02368626557290554,
         -0.06228918209671974,
         0.09452056884765625
      ],
      "61": [
         -0.026104290038347244,
         -0.052005644887685776,
         0.09718644618988037
      ],
      "62": [
         -0.011973327025771141,
         -0.06364671885967255,
         0.09919893741607666
      ],
      "63": [
         -0.0017348616383969784,
         -0.06620477139949799,
         0.09915471076965332
      ],
      "64": [
         0.008919552899897099,
         -0.06351552903652191,
         0.099251389503479
      ],
      "65": [
         0.023684492334723473,
         -0.05166178196668625,
         0.09786272048950195
      ],
      "66": [
         0.0086441645398736,
         -0.06338369101285934,
         0.0980297327041626
      ],
      "67": [
         -0.0016534787137061357,
         -0.06610481441020966,
         0.09800863265991211
      ],
      "68": [
         -0.01174225565046072,
         -0.06366723030805588,
         0.09836351871490479
      ]
   },
   "keypoints_2d_coordinates": {
      "1": [
         40,
         22
      ],
      "2": [
         52,
         23
      ],
      "3": [
         64,
         22
      ],
      "4": [
         78,
         24
      ],