{
   "version": "1.1.0",
   "camera_name": "camera_2",
   "camera_type": "PERSP",
   "focal_length": 49.999996185302734,
   "location": {
      "x": 0.0,
      "y": 1.7599999904632568,
      "z": 0.9399999976158142
   },
   "orientation": {
      "look_at_vector": {
         "x": -7.923193834358244e-08,
         "y": -0.9063076972961426,
         "z": -0.4226185381412506
      },
      "up_vector": {
         "x": -3.69464814298226e-08,
         "y": -0.4226185381412506,
         "z": 0.9063076972961426
      }
   },
   "aspect_px": {
      "x": 1.0,
      "y": 1.0
   },
   "resolution_px": {
      "x": 1024.0,
      "y": 1024.0
   },
   "fov": {
      "horizontal": 7.999999938029066,
      "vertical": 8.000000416916102
   },
   "sensor": {
      "sensor_width": 6.99268102645874,
      "sensor_height": 6.99268102645874
   },
   "intrinsic_matrix": [
      [
         7321.940740614461,
         -4.48339564577005e-13,
         512.0
      ],
      [
         0.0,
         7321.940740614461,
         512.0
      ],
      [
         0.0,
         0.0,
         1.0
      ]
   ],
   "extrinsic_matrix": [
      [
         -1.0000003085894127,
         8.742280073447658e-08,
         1.3177076414066548e-14,
         -1.5386414084540176e-07
      ],
      [
         3.6946488535249955e-08,
         0.42261871695518494,
         -0.9063078761100769,
         0.1081204635719466
      ],
      [
         -7.923193834358244e-08,
         -0.9063076972961426,
         -0.4226185381412506,
         1.9923629634431617
      ]
   ]
}