{
   "version": "1.0.0",
   "datapoints": [
      {
         "human": {
            "id": "120751cf-8203-416a-8f43-2569b8aae3cb",
            "head": {
               "eyes": {
                  "id": "e6c49b37-02b0-4a35-9b17-bee2c21b228e",
                  "target_of_gaze": {
                     "distance": 2.065681798798233,
                     "direction": {
                        "x": -0.3135947025245083,
                        "z": -0.018648728395459724,
                        "y": -0.8777775941698822
                     }
                  },
                  "eyelid_closure": 0.0964797314907082
               },
               "location": {
                  "x": 0.0,
                  "z": 0.0,
                  "y": 0.0
               },
               "rotation": {
                  "roll": 0.0,
                  "yaw": 0.0,
                  "pitch": 0.0
               },
               "expression": {
                  "intensity": 0.29911745145593666,
                  "name": "sadness"
               },
               "eyebrows": {
                  "id": "8d9078c1-2ee1-4240-87fe-5a969e8a1426",
                  "color_settings": {
                     "index_of_refraction": 1.4644970245140714,
                     "melanin": 0.9178846059123186,
                     "redness": 0.374339795786753,
                     "roughness": 0.30019234398933475,
                     "whiteness": 0.027691720660816932
                  }
               },
               "hair": {
                  "id": "428f4576-64a3-4b77-b823-2f0b9cdf8b2d",
                  "color_settings": {
                     "index_of_refraction": 1.4644970245140714,
                     "melanin": 0.9178846059123186,
                     "redness": 0.374339795786753,
                     "roughness": 0.30019234398933475,
                     "whiteness": 0.027691720660816932
                  }
               },
               "facial_hair": null
            }
         },
         "camera": {
            "name": "camera",
            "intrinsic_params": {
               "projection": "perspective",
               "resolution_width": 128,
               "resolution_height": 128,
               "fov_horizontal": 8.0,
               "fov_vertical": 8.0,
               "sensor_width": 15.0,
               "wavelength": "visible"
            },
            "extrinsic_params": {
               "rotation": {
                  "roll": 0.0,
                  "yaw": 0.0,
                  "pitch": 0.0
               },
               "location": {
                  "x": 0.0,
                  "z": 0.12,
                  "y": -1.6
               }
            }
         },
         "accessories": {
            "mask": null,
            "glasses": null
         },
         "background": {
            "id": "9803cc43-91a3-4177-b304-2d2682295043",
            "transparent": false,
            "rotation": 154.24371582673572
         },
         "lights": []
      }
   ]
}