{
   "keypoints_3d_coordinates": {
      "1": [
         -0.0725124403834343,
         0.05348104238510132,
         0.17060887813568115
      ],
      "2": [
         -0.07105523347854614,
         0.045674726366996765,
         0.14823734760284424
      ],
      "3": [
         -0.07137545943260193,
         0.04188688471913338,
         0.12735700607299805
      ],
      "4": [
         -0.0685248076915741,
         0.03479830175638199,
         0.10278081893920898
      ],
      "5": [
         -0.061751626431941986,
         0.02141416072845459,
         0.0860288143157959
      ],
      "6": [
         -0.05173972621560097,
         -0.00030121346935629845,
         0.07794106006622314
      ],
      "7": [
         -0.03830514848232269,
         -0.01532074436545372,
         0.07055282592773438
      ],
      "8": [
         -0.02243002876639366,
         -0.03214811533689499,
         0.06710457801818848
      ],
      "9": [
         0.005355007015168667,
         -0.04432325065135956,
         0.06351208686828613
      ],
      "10": [
         0.0330691859126091,
         -0.03179292008280754,
         0.06500732898712158
      ],
      "11": [
         0.04803420230746269,
         -0.01474194135516882,
         0.06792294979095459
      ],
      "12": [
         0.06176362186670303,
         0.00013961410149931908,
         0.07456409931182861
      ],
      "13": [
         0.07228870689868927,
         0.0218143742531538,
         0.08169043064117432
      ],
      "14": [
         0.07986543327569962,
         0.03481787070631981,
         0.09883856773376465
      ],
      "15": [
         0.08340698480606079,
         0.04084526747465134,
         0.12450098991394043
      ],
      "16": [
         0.08339215070009232,
         0.04450135678052902,
         0.14646363258361816
      ],
      "17": [
         0.08446739614009857,
         0.053594108670949936,
         0.1688317060470581
      ],
      "18": [
         -0.04409046843647957,
         -0.021433435380458832,
         0.18994474411010742
      ],
      "19": [
         -0.04091406613588333,
         -0.022942233830690384,
         0.19531476497650146
      ],
      "20": [
         -0.03158886730670929,
         -0.02909473516047001,
         0.19686472415924072
      ],
      "21": [
         -0.020748868584632874,
         -0.034267034381628036,
         0.1953747272491455
      ],
      "22": [
         -0.008504767902195454,
         -0.037429533898830414,
         0.19248473644256592
      ],
      "23": [
         0.024983832612633705,
         -0.03688633441925049,
         0.19275474548339844
      ],
      "24": [
         0.03770123049616814,
         -0.033664532005786896,
         0.19583475589752197
      ],
      "25": [
         0.04805273190140724,
         -0.02844543568789959,
         0.1970348358154297
      ],
      "26": [
         0.05690833181142807,
         -0.021905135363340378,
         0.195334792137146
      ],
      "27": [
         0.06027353182435036,
         -0.020281735807657242,
         0.18997478485107422
      ],
      "28": [
         0.007693050894886255,
         -0.0391109399497509,
         0.18350958824157715
      ],
      "29": [
         0.007084413431584835,
         -0.04547230154275894,
         0.17177808284759521
      ],
      "30": [
         0.0065762256272137165,
         -0.05394740402698517,
         0.16088759899139404
      ],
      "31": [
         0.005896460264921188,
         -0.0667438805103302,
         0.1465597152709961
      ],
      "32": [
         -0.0085761658847332,
         -0.04272559657692909,
         0.12856221199035645
      ],
      "33": [
         -0.002232125960290432,
         -0.04888547584414482,
         0.12732744216918945
      ],
      "34": [
         0.006754660978913307,
         -0.0525858998298645,
         0.12724590301513672
      ],
      "35": [
         0.015734504908323288,
         -0.04916830360889435,
         0.12758004665374756
      ],
      "36": [
         0.022822674363851547,
         -0.04268772155046463,
         0.12863397598266602
      ],
      "37": [
         -0.03753426671028137,
         -0.014291331171989441,
         0.17220842838287354
      ],
      "38": [
         -0.029836297035217285,
         -0.02422911301255226,
         0.17370271682739258
      ],
      "39": [
         -0.018223963677883148,
         -0.024122050032019615,
         0.1735614538192749
      ],
      "40": [
         -0.008245819248259068,
         -0.01995985023677349,
         0.1712411642074585
      ],
      "41": [
         -0.017773546278476715,
         -0.02338842675089836,
         0.1688680648803711
      ],
      "42": [
         -0.02960537001490593,
         -0.022138336673378944,
         0.16850829124450684
      ],
      "43": [
         0.024163397029042244,
         -0.021299762651324272,
         0.17123734951019287
      ],
      "44": [
         0.034641340374946594,
         -0.024979759007692337,
         0.17357027530670166
      ],
      "45": [
         0.046226292848587036,
         -0.023687517270445824,
         0.17329585552215576
      ],
      "46": [
         0.05293219909071922,
         -0.014461765065789223,
         0.1720212697982788
      ],
      "47": [
         0.04553791135549545,
         -0.021558068692684174,
         0.16844117641448975
      ],
      "48": [
         0.03441150486469269,
         -0.02381511777639389,
         0.16881060600280762
      ],
      "49": [
         -0.019183071330189705,
         -0.037060707807540894,
         0.10335540771484375
      ],
      "50": [
         -0.011434398591518402,
         -0.047266241163015366,
         0.10765421390533447
      ],
      "51": [
         -0.0030403034761548042,
         -0.05311496928334236,
         0.11150014400482178
      ],
      "52": [
         0.0071458457969129086,
         -0.055034201592206955,
         0.1111748218536377
      ],
      "53": [
         0.0170830599963665,
         -0.05308178812265396,
         0.11160314083099365
      ],
      "54": [
         0.025453384965658188,
         -0.04740343242883682,
         0.10791492462158203
      ],
      "55": [
         0.03321404755115509,
         -0.03729410097002983,
         0.10318934917449951
      ],
      "56": [
         0.02671014331281185,
         -0.04440055787563324,
         0.1018977165222168
      ],
      "57": [
         0.017145290970802307,
         -0.05018940940499306,
         0.09914207458496094
      ],
      "58": [
         0.007158148568123579,
         -0.05099163576960564,
         0.09814453125
      ],
      "59": [
         -0.0026244232431054115,
         -0.050209157168865204,
         0.09974730014801025
      ],
      "60": [
         -0.01199149526655674,
         -0.04457457363605499,
         0.10224699974060059
      ],
      "61": [
         -0.016654688864946365,
         -0.03742442652583122,
         0.1046750545501709
      ],
      "62": [
         -0.0006818710826337337,
         -0.04903848096728325,
         0.10644733905792236
      ],
      "63": [
         0.00703076645731926,
         -0.05017481744289398,
         0.10624182224273682
      ],
      "64": [
         0.014932936057448387,
         -0.04915091022849083,
         0.10645842552185059
      ],
      "65": [
         0.030837561935186386,
         -0.03719677776098251,
         0.10495996475219727
      ],
      "66": [
         0.015020093880593777,
         -0.048894234001636505,
         0.10530829429626465
      ],
      "67": [
         0.007274876814335585,
         -0.049507103860378265,
         0.10513067245483398
      ],
      "68": [
         -0.0004007290117442608,
         -0.0484902486205101,
         0.1055372953414917
      ]
   },
   "keypoints_2d_coordinates": {
      "1": [
         36,
         24
      ],
      "2": [
         48,
         24
      ],
      "3": [
         60,
         24
      ],
      "4": [
         74,
         26
      ],