{
   "keypoints_3d_coordinates": {
      "1": [
         -0.07854057848453522,
         0.015684552490711212,
         0.1521996259689331
      ],
      "2": [
         -0.07602521777153015,
         0.012373503297567368,
         0.13149893283843994
      ],
      "3": [
         -0.07407831400632858,
         0.012459415942430496,
         0.11090624332427979
      ],
      "4": [
         -0.06962094455957413,
         0.010334700345993042,
         0.08857440948486328
      ],
      "5": [
         -0.06258244067430496,
         0.0013489201664924622,
         0.07251405715942383
      ],
      "6": [
         -0.055549316108226776,
         -0.01700017973780632,
         0.06272876262664795
      ],
      "7": [
         -0.044807013124227524,
         -0.030877849087119102,
         0.05382394790649414
      ],
      "8": [
         -0.03191845491528511,
         -0.04710853472352028,
         0.048558831214904785
      ],
      "9": [
         -0.00461519556120038,
         -0.057959623634815216,
         0.0446314811706543
      ],
      "10": [
         0.022634265944361687,
         -0.047587525099515915,
         0.05054593086242676
      ],
      "11": [
         0.03664075955748558,
         -0.03198663145303726,
         0.055974483489990234
      ],
      "12": [
         0.04762190952897072,
         -0.01840103045105934,
         0.06568682193756104
      ],
      "13": [
         0.05544648319482803,
         -0.0003142543137073517,
         0.07582223415374756
      ],
      "14": [
         0.06189034879207611,
         0.008398007601499557,
         0.09175646305084229
      ],
      "15": [
         0.06518083065748215,
         0.01108073815703392,
         0.11388254165649414
      ],
      "16": [
         0.06603121757507324,
         0.010937586426734924,
         0.13381695747375488
      ],
      "17": [
         0.06712324172258377,
         0.01423964649438858,
         0.15499556064605713
      ],
      "18": [
         -0.05297772213816643,
         -0.04951360821723938,
         0.1681687831878662
      ],
      "19": [
         -0.049937471747398376,
         -0.05122610926628113,
         0.17296159267425537
      ],
      "20": [
         -0.0412815697491169,
         -0.05636555701494217,
         0.17427504062652588
      ],
      "21": [
         -0.0313660204410553,
         -0.06066630780696869,
         0.17362582683563232
      ],
      "22": [
         -0.01994697004556656,
         -0.062257759273052216,
         0.1711043119430542
      ],
      "23": [
         0.005672679282724857,
         -0.0625620037317276,
         0.17160046100616455
      ],
      "24": [
         0.017006978392601013,
         -0.060900457203388214,
         0.174474835395813
      ],
      "25": [
         0.02703298255801201,
         -0.056848205626010895,
         0.17531108856201172
      ],
      "26": [
         0.036306578665971756,
         -0.05201765522360802,
         0.17426180839538574
      ],
      "27": [
         0.03957892954349518,
         -0.05035325884819031,
         0.16964828968048096
      ],
      "28": [
         -0.006795085966587067,
         -0.0621805302798748,
         0.16266417503356934
      ],
      "29": [
         -0.00672524981200695,
         -0.06840981543064117,
         0.15109717845916748
      ],
      "30": [
         -0.00673650112003088,
         -0.07500416785478592,
         0.14197027683258057
      ],
      "31": [
         -0.006640668027102947,
         -0.08476308733224869,
         0.12845659255981445
      ],
      "32": [
         -0.021960915997624397,
         -0.061204537749290466,
         0.11363387107849121
      ],
      "33": [
         -0.014859254471957684,
         -0.06698118150234222,
         0.1120680570602417
      ],
      "34": [
         -0.00628073513507843,
         -0.07049982249736786,
         0.11156392097473145
      ],
      "35": [
         0.0024434570223093033,
         -0.06739851832389832,
         0.11204087734222412
      ],
      "36": [
         0.009587290696799755,
         -0.061695974320173264,
         0.1139301061630249
      ],
      "37": [
         -0.04820771515369415,
         -0.04232671856880188,
         0.1544792652130127
      ],
      "38": [
         -0.041610971093177795,
         -0.05037698149681091,
         0.15943169593811035
      ],
      "39": [
         -0.03190796822309494,
         -0.050499845296144485,
         0.15983200073242188
      ],
      "40": [
         -0.02320110984146595,
         -0.04708098620176315,
         0.15458762645721436
      ],
      "41": [
         -0.031424276530742645,
         -0.049365490674972534,
         0.15133655071258545
      ],
      "42": [
         -0.04139634594321251,
         -0.048451926559209824,
         0.15054476261138916
      ],
      "43": [
         0.009840019047260284,
         -0.04746352881193161,
         0.15489232540130615
      ],
      "44": [
         0.018256675451993942,
         -0.05102717503905296,
         0.16058635711669922
      ],
      "45": [
         0.028361748903989792,
         -0.05145847797393799,
         0.1605161428451538
      ],
      "46": [
         0.035396602004766464,
         -0.04384841024875641,
         0.15546512603759766
      ],
      "47": [
         0.029287703335285187,
         -0.04926518350839615,
         0.15163183212280273
      ],
      "48": [
         0.01852865144610405,
         -0.05021747946739197,
         0.15223169326782227
      ],
      "49": [
         -0.031903453171253204,
         -0.05394253134727478,
         0.08458316326141357
      ],
      "50": [
         -0.025628935545682907,
         -0.06348702311515808,
         0.09126734733581543
      ],
      "51": [
         -0.016912372782826424,
         -0.07024586945772171,
         0.0950164794921875
      ],
      "52": [
         -0.00629653874784708,
         -0.07240939140319824,
         0.09414529800415039
      ],
      "53": [
         0.0042716134339571,
         -0.07059740275144577,
         0.0950930118560791
      ],
      "54": [
         0.013381479308009148,
         -0.0642976313829422,
         0.09164512157440186
      ],
      "55": [
         0.01992150768637657,
         -0.054623767733573914,
         0.08522164821624756
      ],
      "56": [
         0.013583267107605934,
         -0.06158055365085602,
         0.08148431777954102
      ],
      "57": [
         0.0049447715282440186,
         -0.06807323545217514,
         0.07977283000946045
      ],
      "58": [
         -0.006318274885416031,
         -0.07032373547554016,
         0.07936608791351318
      ],
      "59": [
         -0.017188582569360733,
         -0.06807444244623184,
         0.07985115051269531
      ],
      "60": [
         -0.026065107434988022,
         -0.06098778173327446,
         0.08171725273132324
      ],
      "61": [
         -0.029186204075813293,
         -0.05287934094667435,
         0.08623325824737549
      ],
      "62": [
         -0.01518020499497652,
         -0.06588500738143921,
         0.0904383659362793
      ],
      "63": [
         -0.006333384662866592,
         -0.06774768233299255,
         0.09059834480285645
      ],
      "64": [
         0.0028679464012384415,
         -0.06590283662080765,
         0.09030413627624512
      ],
      "65": [
         0.01710348203778267,
         -0.05398886650800705,
         0.08631742000579834
      ],
      "66": [
         0.0029141539707779884,
         -0.06437468528747559,
         0.08490300178527832
      ],
      "67": [
         -0.0062919240444898605,
         -0.06621181964874268,
         0.0848231315612793
      ],
      "68": [
         -0.015453786589205265,
         -0.064509816467762,
         0.08500194549560547
      ]
   },
   "keypoints_2d_coordinates": {
      "1": [
         46,
         20
      ],
      "2": [
         57,
         21
      ],
      "3": [
         69,
         22
      ],