{
   "keypoints_3d_coordinates": {
      "1": [
         -0.06009360030293465,
         0.0017094165086746216,
         0.12766194343566895
      ],
      "2": [
         -0.05802002549171448,
         -0.004022978246212006,
         0.11137497425079346
      ],
      "3": [
         -0.05859566479921341,
         -0.002924863249063492,
         0.09369289875030518
      ],
      "4": [
         -0.054419826716184616,
         -0.0034104138612747192,
         0.07579731941223145
      ],
      "5": [
         -0.04742581769824028,
         -0.010924004018306732,
         0.06399238109588623
      ],
      "6": [
         -0.04166312515735626,
         -0.026578184217214584,
         0.05572032928466797
      ],
      "7": [
         -0.032791271805763245,
         -0.03718017041683197,
         0.04916059970855713
      ],
      "8": [
         -0.021261081099510193,
         -0.04745087772607803,
         0.04648470878601074
      ],
      "9": [
         0.0004994499031454325,
         -0.05367608368396759,
         0.04070174694061279
      ],
      "10": [
         0.02193540707230568,
         -0.046423595398664474,
         0.045783400535583496
      ],
      "11": [
         0.03339659422636032,
         -0.03652861714363098,
         0.04791915416717529
      ],
      "12": [
         0.042514827102422714,
         -0.026869194582104683,
         0.05447518825531006
      ],
      "13": [
         0.048254504799842834,
         -0.011599220335483551,
         0.06263411045074463
      ],
      "14": [
         0.05580705404281616,
         -0.004345297813415527,
         0.07368099689483643
      ],
      "15": [
         0.06057659909129143,
         -0.0038636550307273865,
         0.09171891212463379
      ],
      "16": [
         0.06139884516596794,
         -0.004865545779466629,
         0.10935449600219727
      ],
      "17": [
         0.06392426043748856,
         0.0009402260184288025,
         0.12568867206573486
      ],
      "18": [
         -0.04148799180984497,
         -0.04642406851053238,
         0.14761841297149658
      ],
      "19": [
         -0.03828934207558632,
         -0.050144799053668976,
         0.14964044094085693
      ],
      "20": [
         -0.030898243188858032,
         -0.05706214904785156,
         0.1520613431930542
      ],
      "21": [
         -0.022396091371774673,
         -0.06114780157804489,
         0.15233421325683594
      ],
      "22": [
         -0.012568741105496883,
         -0.0653054490685463,
         0.14970219135284424
      ],
      "23": [
         0.018219858407974243,
         -0.0656512975692749,
         0.1497972011566162
      ],
      "24": [
         0.028676409274339676,
         -0.0618458017706871,
         0.1516791582107544
      ],
      "25": [
         0.03688625991344452,
         -0.0570780485868454,
         0.15117394924163818
      ],
      "26": [
         0.0440230593085289,
         -0.05049794912338257,
         0.14838659763336182
      ],
      "27": [
         0.04676820710301399,
         -0.0467117615044117,
         0.1460942029953003
      ],
      "28": [
         0.0025437679141759872,
         -0.06495682150125504,
         0.1376807689666748
      ],
      "29": [
         0.0026263180188834667,
         -0.0706385150551796,
         0.12469792366027832
      ],
      "30": [
         0.0025207013823091984,
         -0.07351493835449219,
         0.11844861507415771
      ],
      "31": [
         0.002063129562884569,
         -0.0793539434671402,
         0.10753035545349121
      ],
      "32": [
         -0.010822311043739319,
         -0.062462784349918365,
         0.09803271293640137
      ],
      "33": [
         -0.0047491155564785,
         -0.06690282374620438,
         0.09513843059539795
      ],
      "34": [
         0.001950071076862514,
         -0.06819511950016022,
         0.09401500225067139
      ],
      "35": [
         0.008705735206604004,
         -0.06675868481397629,
         0.09472715854644775
      ],
      "36": [
         0.014741716906428337,
         -0.06206075847148895,
         0.09770059585571289
      ],
      "37": [
         -0.03462966904044151,
         -0.053124383091926575,
         0.1281963586807251
      ],
      "38": [
         -0.028497066348791122,
         -0.06219622492790222,
         0.13090884685516357
      ],
      "39": [
         -0.01856285333633423,
         -0.06209055334329605,
         0.13113009929656982
      ],
      "40": [
         -0.011813039891421795,
         -0.05635076016187668,
         0.12833774089813232
      ],
      "41": [
         -0.017554182559251785,
         -0.05940726771950722,
         0.12591958045959473
      ],
      "42": [
         -0.027238860726356506,
         -0.058999959379434586,
         0.12448382377624512
      ],
      "43": [
         0.016403313726186752,
         -0.05698616802692413,
         0.12824904918670654
      ],
      "44": [
         0.02371203526854515,
         -0.06289713084697723,
         0.13058555126190186
      ],
      "45": [
         0.0336683951318264,
         -0.06251181662082672,
         0.1297755241394043
      ],
      "46": [
         0.0400063693523407,
         -0.052899859845638275,
         0.12712514400482178
      ],
      "47": [
         0.03237520158290863,
         -0.0594877228140831,
         0.12345361709594727
      ],
      "48": [
         0.02179846353828907,
         -0.059919387102127075,
         0.12526023387908936
      ],
      "49": [
         -0.01519833318889141,
         -0.060414042323827744,
         0.07492542266845703
      ],
      "50": [
         -0.012187388725578785,
         -0.06611210107803345,
         0.07877874374389648
      ],
      "51": [
         -0.0064240433275699615,
         -0.06938903033733368,
         0.08218157291412354
      ],
      "52": [
         0.00140084617305547,
         -0.07085860520601273,
         0.08253335952758789
      ],
      "53": [
         0.009840991348028183,
         -0.06883556395769119,
         0.08198690414428711
      ],
      "54": [
         0.015850719064474106,
         -0.06474053859710693,
         0.07796967029571533
      ],
      "55": [
         0.018564702942967415,
         -0.05915655940771103,
         0.07416296005249023
      ],
      "56": [
         0.015015930868685246,
         -0.06399202346801758,
         0.07310628890991211
      ],
      "57": [
         0.00830152165144682,
         -0.0687289834022522,
         0.07217907905578613
      ],
      "58": [
         0.0010674651712179184,
         -0.07076118886470795,
         0.07236838340759277
      ],
      "59": [
         -0.005851795431226492,
         -0.06907957047224045,
         0.07296216487884521
      ],
      "60": [
         -0.011908527463674545,
         -0.06541900336742401,
         0.0746002197265625
      ],
      "61": [
         -0.014823153614997864,
         -0.057798370718955994,
         0.07483804225921631
      ],
      "62": [
         -0.005679607391357422,
         -0.06383350491523743,
         0.07803332805633545
      ],
      "63": [
         0.0013016065349802375,
         -0.06465208530426025,
         0.07829546928405762
      ],
      "64": [
         0.008400468155741692,
         -0.06324610114097595,
         0.07769858837127686
      ],
      "65": [
         0.018087301403284073,
         -0.05576756224036217,
         0.07392311096191406
      ],
      "66": [
         0.00789034552872181,
         -0.06324849277734756,
         0.07638812065124512
      ],
      "67": [
         0.001341804745607078,
         -0.06467261165380478,
         0.07670080661773682
      ],
      "68": [
         -0.0051979850977659225,
         -0.06385866552591324,
         0.07670032978057861
      ]
   },
   "keypoints_2d_coordinates": {
      "1": [
         60,
         30
      ],
      "2": [
         69,
         31
      ],
      "3": [
         79,
         30
      ],