{
   "version": "1.0.0",
   "center_of_pupil_point": {
      "2d": {
         "camera": {
            "right_eye": {
               "x": 48.99055578325646,
               "y": 47.373111626175564
            },
            "left_eye": {
               "x": 49.69526274847772,
               "y": 84.51409525902159
            }
         }
      },
      "3d": {
         "right_eye": {
            "x": -0.027861762791872025,
            "y": -0.06632298231124878,
            "z": 0.14515140652656555
         },
         "left_eye": {
            "x": 0.034411296248435974,
            "y": -0.06472928822040558,
            "z": 0.14399543404579163
         }
      }
   },
   "apex_of_cornea_point": {
      "2d": {
         "camera": {
            "right_eye": {
               "x": 48.47587368356678,
               "y": 46.45513705556364
            },
            "left_eye": {
               "x": 49.20440796397878,
               "y": 83.81824484536263
            }
         }
      },
      "3d": {
         "right_eye": {
            "x": -0.02934192679822445,
            "y": -0.06935333460569382,
            "z": 0.14596246182918549
         },
         "left_eye": {
            "x": 0.03317996859550476,
            "y": -0.06768842786550522,
            "z": 0.14477097988128662
         }
      }
   },
   "face_expression": {
      "intensity_level": 3.4778251806399303,
      "name": "none"
   },
   "center_of_iris_point": {
      "2d": {
         "camera": {
            "right_eye": {
               "x": 48.92968858701216,
               "y": 47.26416760792417
            },
            "left_eye": {
               "x": 49.6367804401687,
               "y": 84.4308750872522
            }
         }
      },
      "3d": {
         "right_eye": {
            "x": -0.02803773805499077,
            "y": -0.06668297946453094,
            "z": 0.1452474743127823
         },
         "left_eye": {
            "x": 0.03426380455493927,
            "y": -0.06508293002843857,
            "z": 0.1440879851579666
         }
      }
   },
   "identity_label": {
      "age": "young",
      "ethnicity": "north_european",
      "gender": "female"
   },
   "eyelid_closure_intensity_level": 0,
   "head_metadata": {
      "head_six_dof": {
         "location": {
            "x": 0.007446286268532276,
            "y": -0.07947707176208496,
            "z": 0.14740216732025146
         },
         "look_at_vector": {
            "x": 8.74227803627227e-08,
            "y": -0.9999999999999962,
            "z": 9.553428304548457e-16
         }
      },
      "head_root_location": {
         "x": 0.0,
         "y": 0.0,
         "z": 0.0
      },
      "head_rotation": {
         "roll": 0.0,
         "pitch": 0.0,
         "yaw": 0.0
      }
   },
   "iris_circle": {
      "2d": {
         "camera": {
            "right_eye": [
               {
                  "x": 44.5376250285956,
                  "y": 47.41322743727585
               },
               {
                  "x": 44.93821580030256,
                  "y": 49.415310727863265
               },
               {
                  "x": 46.406019944289305,
                  "y": 50.83662707952095
               },
               {
                  "x": 48.549149720357285,
                  "y": 51.29311459189968
               },
               {
                  "x": 50.79214768031382,
                  "y": 50.658998708694874
               },
               {
                  "x": 52.53022627035224,
                  "y": 49.104926175041975
               },
               {
                  "x": 53.29627342569139,
                  "y": 47.050315448330394
               },
               {
                  "x": 52.885038371175604,
                  "y": 45.04858197460009
               },
               {
                  "x": 51.41178618847981,
                  "y": 43.63590267312319
               },
               {
                  "x": 49.27297974458444,
                  "y": 43.18765692011654
               },
               {
                  "x": 47.040349159858856,
                  "y": 43.82125618255995
               },
               {
                  "x": 45.30800083243194,
                  "y": 45.366696830131986
               }
            ],
            "left_eye": [
               {
                  "x": 45.454150966041205,
                  "y": 84.54785040432799
               },
               {
                  "x": 45.8776358411317,
                  "y": 86.54767748799672
               },
               {
                  "x": 47.305503747977546,
                  "y": 87.97759912659873
               },
               {
                  "x": 49.35725368661424,
                  "y": 88.45146724027424
               },
               {
                  "x": 51.48163992635595,
                  "y": 87.8402328861531
               },
               {
                  "x": 53.106853200187466,
                  "y": 86.30698583901919
               },
               {
                  "x": 53.79508068474546,
                  "y": 84.26544404851187
               },
               {
                  "x": 53.36305446291851,
                  "y": 82.26558364223477
               },
               {
                  "x": 51.93010551595014,
                  "y": 80.84319385050024
               },
               {
                  "x": 49.88177066707177,
                  "y": 80.37644238693268
               },
               {
                  "x": 47.765657758498406,
                  "y": 80.98818856682743
               },
               {
                  "x": 46.14549742641538,
                  "y": 82.51399908338536
               }
            ]
         }
      },
      "3d": {
         "right_eye": [
            {
               "x": -0.02781948447227478,
               "y": -0.06494659930467606,
               "z": 0.15264247357845306
            },
            {
               "x": -0.02443217672407627,
               "y": -0.06679128110408783,
               "z": 0.15193217992782593
            },
            {
               "x": -0.022024674341082573,
               "y": -0.06863537430763245,
               "z": 0.14943787455558777
            },
            {
               "x": -0.021242158487439156,
               "y": -0.06998449563980103,
               "z": 0.14582926034927368
            },
            {
               "x": -0.0222950242459774,
               "y": -0.07047766447067261,
               "z": 0.14207251369953156
            },
            {
               "x": -0.024900197982788086,
               "y": -0.06998234987258911,
               "z": 0.13917410373687744
            },
            {
               "x": -0.028359917923808098,
               "y": -0.06863170862197876,
               "z": 0.13790929317474365
            },
            {
               "x": -0.031747378408908844,
               "y": -0.06678712368011475,
               "z": 0.13861976563930511
            },
            {
               "x": -0.034154925495386124,
               "y": -0.0649430975317955,
               "z": 0.14111311733722687
            },
            {
               "x": -0.034937407821416855,
               "y": -0.06359396874904633,
               "z": 0.14472205936908722
            },
            {
               "x": -0.033884670585393906,
               "y": -0.06310059875249863,
               "z": 0.14847908914089203
            },
            {
               "x": -0.031279440969228745,
               "y": -0.06359598785638809,
               "z": 0.15137797594070435
            }
         ],
         "left_eye": [
            {
               "x": 0.034496407955884933,
               "y": -0.0634603202342987,
               "z": 0.1511353850364685
            },
            {
               "x": 0.03781495615839958,
               "y": -0.06503637880086899,