{
   "keypoints_3d_coordinates": {
      "1": [
         -0.07128294557332993,
         0.003466729074716568,
         0.1340951919555664
      ],
      "2": [
         -0.06947416812181473,
         -0.0006487574428319931,
         0.11693024635314941
      ],
      "3": [
         -0.06647250801324844,
         0.0005452148616313934,
         0.09939002990722656
      ],
      "4": [
         -0.0606052465736866,
         0.0008027609437704086,
         0.07961738109588623
      ],
      "5": [
         -0.05415158346295357,
         -0.005429146811366081,
         0.06488823890686035
      ],
      "6": [
         -0.04817832261323929,
         -0.018715273588895798,
         0.05509305000305176
      ],
      "7": [
         -0.03856929764151573,
         -0.027492059394717216,
         0.04698657989501953
      ],
      "8": [
         -0.028242195025086403,
         -0.03749118000268936,
         0.040973782539367676
      ],
      "9": [
         -0.004816948436200619,
         -0.043837156146764755,
         0.03474760055541992
      ],
      "10": [
         0.01865071803331375,
         -0.03748410567641258,
         0.042444825172424316
      ],
      "11": [
         0.029601983726024628,
         -0.02804340422153473,
         0.04940509796142578
      ],
      "12": [
         0.03946050629019737,
         -0.0202532559633255,
         0.05812180042266846
      ],
      "13": [
         0.0463760681450367,
         -0.007128505036234856,
         0.0678943395614624
      ],
      "14": [
         0.051748719066381454,
         -0.0007957424968481064,
         0.08232331275939941
      ],
      "15": [
         0.056998953223228455,
         0.00021438859403133392,
         0.10105645656585693
      ],
      "16": [
         0.05937454104423523,
         -0.0006354153156280518,
         0.11825835704803467
      ],
      "17": [
         0.06120610237121582,
         0.0032881274819374084,
         0.13477492332458496
      ],
      "18": [
         -0.05541602522134781,
         -0.04459449648857117,
         0.15735960006713867
      ],
      "19": [
         -0.05209352821111679,
         -0.04801339656114578,
         0.1602640151977539
      ],
      "20": [
         -0.0440492257475853,
         -0.0543086975812912,
         0.16338157653808594
      ],
      "21": [
         -0.034529224038124084,
         -0.059337593615055084,
         0.164880633354187
      ],
      "22": [
         -0.023662526160478592,
         -0.06293579936027527,
         0.161391019821167
      ],
      "23": [
         0.01209467276930809,
         -0.06314949691295624,
         0.16210508346557617
      ],
      "24": [
         0.023306675255298615,
         -0.059703998267650604,
         0.16534054279327393
      ],
      "25": [
         0.032884277403354645,
         -0.054688096046447754,
         0.16412901878356934
      ],
      "26": [
         0.0412110760807991,
         -0.04862719774246216,
         0.1611466407775879
      ],
      "27": [
         0.044387973845005035,
         -0.045145295560359955,
         0.15781664848327637
      ],
      "28": [
         -0.005895514041185379,
         -0.06269530206918716,
         0.14448869228363037
      ],
      "29": [
         -0.005994031205773354,
         -0.06619680672883987,
         0.12834763526916504
      ],
      "30": [
         -0.006180614233016968,
         -0.0707501471042633,
         0.12038934230804443
      ],
      "31": [
         -0.00602756580337882,
         -0.0771123468875885,
         0.10873425006866455
      ],
      "32": [
         -0.019162366166710854,
         -0.05857374891638756,
         0.09729290008544922
      ],
      "33": [
         -0.012676699087023735,
         -0.0625055730342865,
         0.09563803672790527
      ],
      "34": [
         -0.005745301954448223,
         -0.06556448340415955,
         0.09477508068084717
      ],
      "35": [
         0.0017455085180699825,
         -0.06310195475816727,
         0.09529376029968262
      ],
      "36": [
         0.008295683190226555,
         -0.05864034593105316,
         0.0972447395324707
      ],
      "37": [
         -0.04690054804086685,
         -0.04734833538532257,
         0.13274610042572021
      ],
      "38": [
         -0.040848925709724426,
         -0.056842684745788574,
         0.13363468647003174
      ],
      "39": [
         -0.029373113065958023,
         -0.05705513432621956,
         0.13383448123931885
      ],
      "40": [
         -0.022533509880304337,
         -0.05228876322507858,
         0.13185656070709229
      ],
      "41": [
         -0.029201705008745193,
         -0.054650671780109406,
         0.1294245719909668
      ],
      "42": [
         -0.039698656648397446,
         -0.053722165524959564,
         0.12881898880004883
      ],
      "43": [
         0.010854611173272133,
         -0.052802473306655884,
         0.13207077980041504
      ],
      "44": [
         0.01802397333085537,
         -0.05745457112789154,
         0.13409698009490967
      ],
      "45": [
         0.02974013239145279,
         -0.057684578001499176,
         0.13404059410095215
      ],
      "46": [
         0.03534507006406784,
         -0.04841402545571327,
         0.1326289176940918
      ],
      "47": [
         0.028799761086702347,
         -0.05411544814705849,
         0.12917399406433105
      ],
      "48": [
         0.017606547102332115,
         -0.054788343608379364,
         0.12979769706726074
      ],
      "49": [
         -0.027955181896686554,
         -0.05273963510990143,
         0.07245385646820068
      ],
      "50": [
         -0.022020267322659492,
         -0.060591667890548706,
         0.07983636856079102
      ],
      "51": [
         -0.01475456915795803,
         -0.06555325537919998,
         0.08471250534057617
      ],
      "52": [
         -0.0058186971582472324,
         -0.06799545884132385,
         0.08521103858947754
      ],
      "53": [
         0.0036539360880851746,
         -0.06577945500612259,
         0.08463704586029053
      ],
      "54": [
         0.010954953730106354,
         -0.060608502477407455,
         0.07928276062011719
      ],
      "55": [
         0.016620758920907974,
         -0.05356066673994064,
         0.07258236408233643
      ],
      "56": [
         0.011536849662661552,
         -0.056539446115493774,
         0.06577801704406738
      ],
      "57": [
         0.003601081669330597,
         -0.060367271304130554,
         0.06106901168823242
      ],
      "58": [
         -0.005793062970042229,
         -0.061407167464494705,
         0.05996847152709961
      ],
      "59": [
         -0.014785468578338623,
         -0.060334280133247375,
         0.06082510948181152
      ],
      "60": [
         -0.02285720407962799,
         -0.05647452920675278,
         0.06564640998840332
      ],
      "61": [
         -0.025999365374445915,
         -0.04963788390159607,
         0.07250416278839111
      ],
      "62": [
         -0.0134695153683424,
         -0.06011445075273514,
         0.07837033271789551
      ],
      "63": [
         -0.005693476181477308,
         -0.061136916279792786,
         0.07866823673248291
      ],
      "64": [
         0.002783730626106262,
         -0.05993315577507019,
         0.0783466100692749
      ],
      "65": [
         0.015002787113189697,
         -0.049932919442653656,
         0.07277548313140869
      ],
      "66": [
         0.002547912299633026,
         -0.056343697011470795,
         0.06809878349304199
      ],
      "67": [
         -0.005591365043073893,
         -0.05750235542654991,
         0.06784415245056152
      ],
      "68": [
         -0.013353301212191582,
         -0.05686033517122269,
         0.06814718246459961
      ]
   },
   "keypoints_2d_coordinates": {
      "1": [
         56,
         23
      ],
      "2": [
         66,
         24
      ],
      "3": [
         76,
         26
      ],