{
   "keypoints_3d_coordinates": {
      "1": [
         -0.0516727939248085,
         0.007449343800544739,
         0.13090431690216064
      ],
      "2": [
         -0.050066664814949036,
         0.0037560798227787018,
         0.11464035511016846
      ],
      "3": [
         -0.046453606337308884,
         0.004217125475406647,
         0.09868323802947998
      ],
      "4": [
         -0.04100433737039566,
         0.0030942969024181366,
         0.0818178653717041
      ],
      "5": [
         -0.03543500229716301,
         -0.0037968698889017105,
         0.06934177875518799
      ],
      "6": [
         -0.02917666733264923,
         -0.016123604029417038,
         0.061551451683044434
      ],
      "7": [
         -0.022792693227529526,
         -0.025882788002490997,
         0.05345284938812256
      ],
      "8": [
         -0.014765512198209763,
         -0.03521191328763962,
         0.0461198091506958
      ],
      "9": [
         0.004960245452821255,
         -0.04132794588804245,
         0.037726521492004395
      ],
      "10": [
         0.02535395510494709,
         -0.0356639102101326,
         0.0446087121963501
      ],
      "11": [
         0.033363230526447296,
         -0.025489188730716705,
         0.05077993869781494
      ],
      "12": [
         0.040208850055933,
         -0.015590688213706017,
         0.058222413063049316
      ],
      "13": [
         0.04623139277100563,
         -0.0028898604214191437,
         0.06607675552368164
      ],
      "14": [
         0.052277132868766785,
         0.0035978183150291443,
         0.07959914207458496
      ],
      "15": [
         0.05803854390978813,
         0.005064133554697037,
         0.09733033180236816
      ],
      "16": [
         0.06216215342283249,
         0.004105214029550552,
         0.11380195617675781
      ],
      "17": [
         0.06511789560317993,
         0.007816608995199203,
         0.12989366054534912
      ],
      "18": [
         -0.0346420519053936,
         -0.03726581484079361,
         0.1489647626876831
      ],
      "19": [
         -0.03151920065283775,
         -0.041004814207553864,
         0.15035080909729004
      ],
      "20": [
         -0.024592600762844086,
         -0.04855918511748314,
         0.1506139039993286
      ],
      "21": [
         -0.01671525090932846,
         -0.05394413694739342,
         0.14902198314666748
      ],
      "22": [
         -0.007148500066250563,
         -0.058556485921144485,
         0.14424610137939453
      ],
      "23": [
         0.020855899900197983,
         -0.05914873629808426,
         0.14412105083465576
      ],
      "24": [
         0.030435649678111076,
         -0.054028335958719254,
         0.14803707599639893
      ],
      "25": [
         0.03860680013895035,
         -0.04910848289728165,
         0.14970123767852783
      ],
      "26": [
         0.045668698847293854,
         -0.042409688234329224,
         0.14910948276519775
      ],
      "27": [
         0.048920050263404846,
         -0.0386345349252224,
         0.1479419469833374
      ],
      "28": [
         0.006874503567814827,
         -0.05644131451845169,
         0.13250219821929932
      ],
      "29": [
         0.006711533293128014,
         -0.060099728405475616,
         0.12036705017089844
      ],
      "30": [
         0.006655122619122267,
         -0.06496728956699371,
         0.11399269104003906
      ],
      "31": [
         0.0065215774811804295,
         -0.07155311852693558,
         0.10225296020507812
      ],
      "32": [
         -0.006520165130496025,
         -0.0553240105509758,
         0.09327208995819092
      ],
      "33": [
         -0.0003128042444586754,
         -0.05923280864953995,
         0.0892266035079956
      ],
      "34": [
         0.0066627212800085545,
         -0.06147586181759834,
         0.08763933181762695
      ],
      "35": [
         0.013494526967406273,
         -0.058758195489645004,
         0.09006905555725098
      ],
      "36": [
         0.01941048353910446,
         -0.05477102845907211,
         0.0936962366104126
      ],
      "37": [
         -0.03139037638902664,
         -0.042351581156253815,
         0.12947678565979004
      ],
      "38": [
         -0.02512609027326107,
         -0.05222546309232712,
         0.12993276119232178
      ],
      "39": [
         -0.0145296361297369,
         -0.052125152200460434,
         0.1296759843826294
      ],
      "40": [
         -0.008188515901565552,
         -0.04788702353835106,
         0.12698626518249512
      ],
      "41": [
         -0.014167563989758492,
         -0.05028673633933067,
         0.12550556659698486
      ],
      "42": [
         -0.02482355572283268,
         -0.04968782514333725,
         0.12445294857025146
      ],
      "43": [
         0.021381305530667305,
         -0.0482877753674984,
         0.12679779529571533
      ],
      "44": [
         0.028091054409742355,
         -0.0528777651488781,
         0.12950897216796875
      ],
      "45": [
         0.03864463046193123,
         -0.052843205630779266,
         0.12999331951141357
      ],
      "46": [
         0.04471738636493683,
         -0.043599821627140045,
         0.12851440906524658
      ],
      "47": [
         0.037881314754486084,
         -0.05061381310224533,
         0.12414515018463135
      ],
      "48": [
         0.027137761935591698,
         -0.05052876099944115,
         0.12521147727966309
      ],
      "49": [
         -0.008160042576491833,
         -0.05546581745147705,
         0.07302391529083252
      ],
      "50": [
         -0.007006256841123104,
         -0.0606706403195858,
         0.07505643367767334
      ],
      "51": [
         -0.001622969750314951,
         -0.06284886598587036,
         0.07763111591339111
      ],
      "52": [
         0.0061801401898264885,
         -0.06370873004198074,
         0.07795727252960205
      ],
      "53": [
         0.013898731209337711,
         -0.06272007524967194,
         0.07797360420227051
      ],
      "54": [
         0.019348256289958954,
         -0.060571588575839996,
         0.07539284229278564
      ],
      "55": [
         0.020117262378335,
         -0.05426880717277527,
         0.07288968563079834
      ],
      "56": [
         0.01818021386861801,
         -0.058674149215221405,
         0.07038688659667969
      ],
      "57": [
         0.012505593709647655,
         -0.06166132539510727,
         0.06703650951385498
      ],
      "58": [
         0.00627899682149291,
         -0.06308111548423767,
         0.06655657291412354
      ],
      "59": [
         -0.0003009936772286892,
         -0.06149483099579811,
         0.06731879711151123
      ],
      "60": [
         -0.005855954252183437,
         -0.05880826339125633,
         0.0706866979598999
      ],
      "61": [
         -0.008340178057551384,
         -0.053152792155742645,
         0.07202672958374023
      ],
      "62": [
         -0.0007257699035108089,
         -0.05776483938097954,
         0.0728309154510498
      ],
      "63": [
         0.006190805695950985,
         -0.058263473212718964,
         0.07281637191772461
      ],
      "64": [
         0.012878235429525375,
         -0.05805535614490509,
         0.07308399677276611
      ],
      "65": [
         0.020871834829449654,
         -0.05226394906640053,
         0.07206594944000244
      ],
      "66": [
         0.011792145669460297,
         -0.056114815175533295,
         0.07286131381988525
      ],
      "67": [
         0.0058593121357262135,
         -0.05650759115815163,
         0.07272541522979736
      ],
      "68": [
         1.2637581676244736e-05,
         -0.05587185174226761,
         0.07290935516357422
      ]
   },
   "keypoints_2d_coordinates": {
      "1": [
         58,
         35
      ],
      "2": [
         67,
         35
      ],
      "3": [
         76,
         37
      ],