{
   "keypoints_3d_coordinates": {
      "1": [
         -0.07925853133201599,
         0.037523455917835236,
         0.16137754917144775
      ],
      "2": [
         -0.07749974727630615,
         0.03264236077666283,
         0.140083909034729
      ],
      "3": [
         -0.0770244151353836,
         0.03182050958275795,
         0.1196737289428711
      ],
      "4": [
         -0.07251808792352676,
         0.026722200214862823,
         0.09580445289611816
      ],
      "5": [
         -0.06472525000572205,
         0.014908524230122566,
         0.07872653007507324
      ],
      "6": [
         -0.05597715452313423,
         -0.004815750755369663,
         0.06950652599334717
      ],
      "7": [
         -0.043903470039367676,
         -0.019078856334090233,
         0.061567068099975586
      ],
      "8": [
         -0.030204273760318756,
         -0.035751041024923325,
         0.05840730667114258
      ],
      "9": [
         -0.0016105363611131907,
         -0.04968268424272537,
         0.056005001068115234
      ],
      "10": [
         0.026496585458517075,
         -0.03535296022891998,
         0.059294819831848145
      ],
      "11": [
         0.04029415175318718,
         -0.01939440332353115,
         0.0626676082611084
      ],
      "12": [
         0.05234634503722191,
         -0.005682548973709345,
         0.07124650478363037
      ],
      "13": [
         0.0611695721745491,
         0.013312095776200294,
         0.08031535148620605
      ],
      "14": [
         0.0685649886727333,
         0.024629633873701096,
         0.09676241874694824
      ],
      "15": [
         0.07226194441318512,
         0.029422618448734283,
         0.1203848123550415
      ],
      "16": [
         0.07193726301193237,
         0.03065938875079155,
         0.1403714418411255
      ],
      "17": [
         0.0726098045706749,
         0.03522685542702675,
         0.1621931791305542
      ],
      "18": [
         -0.050052449107170105,
         -0.033438779413700104,
         0.17188453674316406
      ],
      "19": [
         -0.04764474555850029,
         -0.03543002903461456,
         0.17586207389831543
      ],
      "20": [
         -0.040080197155475616,
         -0.04081037640571594,
         0.177781343460083
      ],
      "21": [
         -0.03211159631609917,
         -0.04528268054127693,
         0.1777176856994629
      ],
      "22": [
         -0.02089729532599449,
         -0.04749847576022148,
         0.17699527740478516
      ],
      "23": [
         0.012816104106605053,
         -0.047951873391866684,
         0.17689228057861328
      ],
      "24": [
         0.0242180023342371,
         -0.045275479555130005,
         0.17784500122070312
      ],
      "25": [
         0.03254465386271477,
         -0.040803976356983185,
         0.17804491519927979
      ],
      "26": [
         0.04071175307035446,
         -0.035896629095077515,
         0.17652559280395508
      ],
      "27": [
         0.0430382564663887,
         -0.034206025302410126,
         0.17256176471710205
      ],
      "28": [
         -0.0038144728168845177,
         -0.04871503636240959,
         0.1686570644378662
      ],
      "29": [
         -0.003504566615447402,
         -0.053813397884368896,
         0.15782439708709717
      ],
      "30": [
         -0.003401760011911392,
         -0.06107591465115547,
         0.14772486686706543
      ],
      "31": [
         -0.0031762849539518356,
         -0.07031365483999252,
         0.1337815523147583
      ],
      "32": [
         -0.018882276490330696,
         -0.04717220738530159,
         0.11892938613891602
      ],
      "33": [
         -0.011705589480698109,
         -0.05242164433002472,
         0.11762571334838867
      ],
      "34": [
         -0.0024646525271236897,
         -0.056530606001615524,
         0.11697006225585938
      ],
      "35": [
         0.006807438097894192,
         -0.05277744680643082,
         0.1176522970199585
      ],
      "36": [
         0.014457989484071732,
         -0.0480547733604908,
         0.11906325817108154
      ],
      "37": [
         -0.046132661402225494,
         -0.025843050330877304,
         0.15937256813049316
      ],
      "38": [
         -0.039242934435606,
         -0.034594565629959106,
         0.16065263748168945
      ],
      "39": [
         -0.02919067069888115,
         -0.034690581262111664,
         0.16156625747680664
      ],
      "40": [
         -0.020822221413254738,
         -0.03038479946553707,
         0.16015231609344482
      ],
      "41": [
         -0.02866056188941002,
         -0.03395892679691315,
         0.15763461589813232
      ],
      "42": [
         -0.03886326774954796,
         -0.0329011045396328,
         0.15663301944732666
      ],
      "43": [
         0.013553565368056297,
         -0.031675390899181366,
         0.1598217487335205
      ],
      "44": [
         0.022045398131012917,
         -0.035804007202386856,
         0.16146206855773926
      ],
      "45": [
         0.03289658948779106,
         -0.03510593995451927,
         0.16135621070861816
      ],
      "46": [
         0.03892349824309349,
         -0.0268616434186697,
         0.1598834991455078
      ],
      "47": [
         0.03271777555346489,
         -0.03313004970550537,
         0.15743017196655273
      ],
      "48": [
         0.021663295105099678,
         -0.03473033756017685,
         0.15769588947296143
      ],
      "49": [
         -0.03256762772798538,
         -0.03713512420654297,
         0.09137141704559326
      ],
      "50": [
         -0.02360084094107151,
         -0.04777297005057335,
         0.09811127185821533
      ],
      "51": [
         -0.013601105660200119,
         -0.053627144545316696,
         0.10243284702301025
      ],
      "52": [
         -0.0022445470094680786,
         -0.05625959485769272,
         0.10210144519805908
      ],
      "53": [
         0.009464851580560207,
         -0.05369798466563225,
         0.1023634672164917
      ],
      "54": [
         0.019824707880616188,
         -0.04707200080156326,
         0.09823465347290039
      ],
      "55": [
         0.028187917545437813,
         -0.03565830737352371,
         0.09198689460754395
      ],
      "56": [
         0.021696586161851883,
         -0.044583581387996674,
         0.09190690517425537
      ],
      "57": [
         0.011621331796050072,
         -0.05179061368107796,
         0.0929337739944458
      ],
      "58": [
         -0.0014159517595544457,
         -0.055497922003269196,
         0.09361553192138672
      ],
      "59": [
         -0.01403511967509985,
         -0.05306752771139145,
         0.09310400485992432
      ],
      "60": [
         -0.024870676919817924,
         -0.04543588310480118,
         0.09178733825683594
      ],
      "61": [
         -0.03077050857245922,
         -0.035741113126277924,
         0.09289145469665527
      ],
      "62": [
         -0.01180419884622097,
         -0.04911252111196518,
         0.09921598434448242
      ],
      "63": [
         -0.0020573532674461603,
         -0.04982033371925354,
         0.10000967979431152
      ],
      "64": [
         0.008567743003368378,
         -0.04859376326203346,
         0.09872221946716309
      ],
      "65": [
         0.0265058483928442,
         -0.0338745191693306,
         0.09304094314575195
      ],
      "66": [
         0.009852352552115917,
         -0.04726894572377205,
         0.09918546676635742
      ],
      "67": [
         -0.0019264844013378024,
         -0.049678295850753784,
         0.09972119331359863
      ],
      "68": [
         -0.012778223492205143,
         -0.048228129744529724,
         0.09932589530944824
      ]
   },
   "keypoints_2d_coordinates": {
      "1": [
         41,
         20
      ],
      "2": [
         53,
         21
      ],
      "3": [
         64,
         21
      ],