{
   "keypoints_3d_coordinates": {
      "1": [
         -0.0733507052063942,
         0.03854096680879593,
         0.1514357328414917
      ],
      "2": [
         -0.06990492343902588,
         0.03260137885808945,
         0.13170313835144043
      ],
      "3": [
         -0.06544048339128494,
         0.030447043478488922,
         0.11338186264038086
      ],
      "4": [
         -0.059457503259181976,
         0.02517244964838028,
         0.0924750566482544
      ],
      "5": [
         -0.053203195333480835,
         0.015144158154726028,
         0.07767176628112793
      ],
      "6": [
         -0.046254877001047134,
         -0.00184541754424572,
         0.0703345537185669
      ],
      "7": [
         -0.03721234202384949,
         -0.015173946507275105,
         0.06272649765014648
      ],
      "8": [
         -0.02642655372619629,
         -0.03127223253250122,
         0.05882728099822998
      ],
      "9": [
         -0.0002357924822717905,
         -0.04560813307762146,
         0.05707967281341553
      ],
      "10": [
         0.026333434507250786,
         -0.032289568334817886,
         0.059044480323791504
      ],
      "11": [
         0.03705481439828873,
         -0.016440456733107567,
         0.06321477890014648
      ],
      "12": [
         0.04718158394098282,
         -0.003215942531824112,
         0.07079946994781494
      ],
      "13": [
         0.0540303960442543,
         0.013408079743385315,
         0.07804691791534424
      ],
      "14": [
         0.05995727702975273,
         0.022715486586093903,
         0.0940788984298706
      ],
      "15": [
         0.06549359112977982,
         0.028182409703731537,
         0.11530566215515137
      ],
      "16": [
         0.06927309185266495,
         0.030564773827791214,
         0.1338108777999878
      ],
      "17": [
         0.07158904522657394,
         0.036528609693050385,
         0.15345501899719238
      ],
      "18": [
         -0.04780114069581032,
         -0.03099818527698517,
         0.16924774646759033
      ],
      "19": [
         -0.04588364064693451,
         -0.03275148570537567,
         0.17292773723602295
      ],
      "20": [
         -0.03810654208064079,
         -0.03834128379821777,
         0.17527663707733154
      ],
      "21": [
         -0.030829841271042824,
         -0.043072186410427094,
         0.17540860176086426
      ],
      "22": [
         -0.019700542092323303,
         -0.04695718735456467,
         0.17535877227783203
      ],
      "23": [
         0.017195958644151688,
         -0.04701598733663559,
         0.1759246587753296
      ],
      "24": [
         0.02882055938243866,
         -0.043267883360385895,
         0.17626166343688965
      ],
      "25": [
         0.03661515936255455,
         -0.037960484623909,
         0.17699480056762695
      ],
      "26": [
         0.04396865889430046,
         -0.0324447825551033,
         0.175115704536438
      ],
      "27": [
         0.04554665833711624,
         -0.030740784481167793,
         0.17143070697784424
      ],
      "28": [
         -0.0011213152902200818,
         -0.04879426583647728,
         0.16748535633087158
      ],
      "29": [
         -0.0007094410830177367,
         -0.053796399384737015,
         0.15761852264404297
      ],
      "30": [
         -0.0006096282741054893,
         -0.06279025971889496,
         0.14813363552093506
      ],
      "31": [
         -0.0005222513573244214,
         -0.07390506565570831,
         0.13376641273498535
      ],
      "32": [
         -0.015538843348622322,
         -0.049315016716718674,
         0.11633634567260742
      ],
      "33": [
         -0.00935287680476904,
         -0.05483736842870712,
         0.11514103412628174
      ],
      "34": [
         -0.00035178946563974023,
         -0.0591396763920784,
         0.11512589454650879
      ],
      "35": [
         0.008478383533656597,
         -0.05569306015968323,
         0.11532711982727051
      ],
      "36": [
         0.015273898839950562,
         -0.05012417957186699,
         0.11714231967926025
      ],
      "37": [
         -0.045592691749334335,
         -0.022199254482984543,
         0.15654301643371582
      ],
      "38": [
         -0.03834342211484909,
         -0.031035220250487328,
         0.1559370756149292
      ],
      "39": [
         -0.026965942233800888,
         -0.03136549890041351,
         0.1570826768875122
      ],
      "40": [
         -0.017941106110811234,
         -0.027806788682937622,
         0.15675389766693115
      ],
      "41": [
         -0.026403386145830154,
         -0.030706889927387238,
         0.15470242500305176
      ],
      "42": [
         -0.038010407239198685,
         -0.029475141316652298,
         0.1532062292098999
      ],
      "43": [
         0.01658528856933117,
         -0.02866281196475029,
         0.15725290775299072
      ],
      "44": [
         0.025840071961283684,
         -0.0313117578625679,
         0.15772128105163574
      ],
      "45": [
         0.036898329854011536,
         -0.030739810317754745,
         0.15717875957489014
      ],
      "46": [
         0.04351147636771202,
         -0.022083275020122528,
         0.15807867050170898
      ],
      "47": [
         0.03667042404413223,
         -0.028952687978744507,
         0.15476787090301514
      ],
      "48": [
         0.02550528571009636,
         -0.030284414067864418,
         0.15539181232452393
      ],
      "49": [
         -0.0311303548514843,
         -0.03367537632584572,
         0.08821165561676025
      ],
      "50": [
         -0.022132346406579018,
         -0.045699454843997955,
         0.09458279609680176
      ],
      "51": [
         -0.012009566649794579,
         -0.052998363971710205,
         0.09718585014343262
      ],
      "52": [
         -0.0005143372109159827,
         -0.05635566636919975,
         0.09647500514984131
      ],
      "53": [
         0.010934252291917801,
         -0.05398369953036308,
         0.09708237648010254
      ],
      "54": [
         0.02127058058977127,
         -0.04773404076695442,
         0.09497332572937012
      ],
      "55": [
         0.030023612082004547,
         -0.03432484716176987,
         0.08936655521392822
      ],
      "56": [
         0.022781215608119965,
         -0.04384257271885872,
         0.08959639072418213
      ],
      "57": [
         0.012381825596094131,
         -0.0500168539583683,
         0.08993422985076904
      ],
      "58": [
         -0.0003790932532865554,
         -0.052634287625551224,
         0.08999752998352051
      ],
      "59": [
         -0.013398769311606884,
         -0.049453672021627426,
         0.08929598331451416
      ],
      "60": [
         -0.023877644911408424,
         -0.041536446660757065,
         0.08807659149169922
      ],
      "61": [
         -0.029456689953804016,
         -0.03329472988843918,
         0.08993983268737793
      ],
      "62": [
         -0.010450213216245174,
         -0.04855525866150856,
         0.0953528881072998
      ],
      "63": [
         -0.0005839448422193527,
         -0.04990088939666748,
         0.09605979919433594
      ],
      "64": [
         0.00939883477985859,
         -0.04987315088510513,
         0.09562826156616211
      ],
      "65": [
         0.02825607731938362,
         -0.03457385301589966,
         0.09109020233154297
      ],
      "66": [
         0.010347691364586353,
         -0.04798782989382744,
         0.09649133682250977
      ],
      "67": [
         -0.0007964666583575308,
         -0.049007587134838104,
         0.09653520584106445
      ],
      "68": [
         -0.011653930880129337,
         -0.046866413205862045,
         0.09596621990203857
      ]
   },
   "keypoints_2d_coordinates": {
      "1": [
         46,
         23
      ],
      "2": [
         57,
         25
      ],
      "3": [
         68,
         27
      ],