{
   "keypoints_3d_coordinates": {
      "1": [
         -0.07274327427148819,
         0.010426666587591171,
         0.15534615516662598
      ],
      "2": [
         -0.07084440439939499,
         0.006412547081708908,
         0.13355600833892822
      ],
      "3": [
         -0.06798781454563141,
         0.006667915731668472,
         0.11433970928192139
      ],
      "4": [
         -0.06249955669045448,
         0.004281483590602875,
         0.09238219261169434
      ],
      "5": [
         -0.056070663034915924,
         -0.004556547850370407,
         0.07638168334960938
      ],
      "6": [
         -0.04892349615693092,
         -0.022882122546434402,
         0.06749618053436279
      ],
      "7": [
         -0.039519619196653366,
         -0.037175361067056656,
         0.05930638313293457
      ],
      "8": [
         -0.028104035183787346,
         -0.05543559044599533,
         0.053949952125549316
      ],
      "9": [
         -0.002279606880620122,
         -0.06870973110198975,
         0.049292683601379395
      ],
      "10": [
         0.023233536630868912,
         -0.05549738556146622,
         0.054613351821899414
      ],
      "11": [
         0.035507526248693466,
         -0.0381610170006752,
         0.05928075313568115
      ],
      "12": [
         0.04551997780799866,
         -0.024404160678386688,
         0.06756448745727539
      ],
      "13": [
         0.053477030247449875,
         -0.006274431943893433,
         0.07585477828979492
      ],
      "14": [
         0.059964410960674286,
         0.0020691901445388794,
         0.09220755100250244
      ],
      "15": [
         0.06510814279317856,
         0.004593402147293091,
         0.1145552396774292
      ],
      "16": [
         0.06798359751701355,
         0.004454717040061951,
         0.13351404666900635
      ],
      "17": [
         0.06993753463029861,
         0.008524153381586075,
         0.15474307537078857
      ],
      "18": [
         -0.05034496635198593,
         -0.06093983352184296,
         0.16966712474822998
      ],
      "19": [
         -0.047783464193344116,
         -0.06312122941017151,
         0.17436158657073975
      ],
      "20": [
         -0.039284564554691315,
         -0.0690615326166153,
         0.17521154880523682
      ],
      "21": [
         -0.02916886657476425,
         -0.07274402678012848,
         0.1731196641921997
      ],
      "22": [
         -0.017399266362190247,
         -0.07471403479576111,
         0.17071449756622314
      ],
      "23": [
         0.014212433248758316,
         -0.0746152326464653,
         0.1692136526107788
      ],
      "24": [
         0.026714634150266647,
         -0.0726393312215805,
         0.17149507999420166
      ],
      "25": [
         0.03658313304185867,
         -0.06881703436374664,
         0.1733945608139038
      ],
      "26": [
         0.04492943733930588,
         -0.06339873373508453,
         0.17259657382965088
      ],
      "27": [
         0.04743773490190506,
         -0.061157435178756714,
         0.16798818111419678
      ],
      "28": [
         -0.0015314507763832808,
         -0.07625477015972137,
         0.16381144523620605
      ],
      "29": [
         -0.0016785217449069023,
         -0.08331899344921112,
         0.153650164604187
      ],
      "30": [
         -0.0017590420320630074,
         -0.09074020385742188,
         0.14363527297973633
      ],
      "31": [
         -0.0017887435387820005,
         -0.10065659880638123,
         0.12782502174377441
      ],
      "32": [
         -0.015397910960018635,
         -0.0754629373550415,
         0.11285984516143799
      ],
      "33": [
         -0.010310451500117779,
         -0.08123886585235596,
         0.11088359355926514
      ],
      "34": [
         -0.0019695067312568426,
         -0.08526703715324402,
         0.11005687713623047
      ],
      "35": [
         0.0064119985327124596,
         -0.0813196524977684,
         0.11154294013977051
      ],
      "36": [
         0.012230747379362583,
         -0.07488156855106354,
         0.11447000503540039
      ],
      "37": [
         -0.043705958873033524,
         -0.05047384649515152,
         0.15504229068756104
      ],
      "38": [
         -0.03706241771578789,
         -0.058525003492832184,
         0.1549006700515747
      ],
      "39": [
         -0.02629558928310871,
         -0.05943549424409866,
         0.15502452850341797
      ],
      "40": [
         -0.017025958746671677,
         -0.055774472653865814,
         0.15361666679382324
      ],
      "41": [
         -0.026428766548633575,
         -0.058206647634506226,
         0.15033411979675293
      ],
      "42": [
         -0.03683276101946831,
         -0.05642641335725784,
         0.15017306804656982
      ],
      "43": [
         0.013479203917086124,
         -0.05661696940660477,
         0.15400540828704834
      ],
      "44": [
         0.02319364808499813,
         -0.060461096465587616,
         0.15521955490112305
      ],
      "45": [
         0.03422451764345169,
         -0.05945287644863129,
         0.15448236465454102
      ],
      "46": [
         0.040734171867370605,
         -0.05121123790740967,
         0.15432727336883545
      ],
      "47": [
         0.03361978381872177,
         -0.05684591084718704,
         0.14996027946472168
      ],
      "48": [
         0.02288256771862507,
         -0.05873413383960724,
         0.15060853958129883
      ],
      "49": [
         -0.028500104323029518,
         -0.06439194828271866,
         0.09007155895233154
      ],
      "50": [
         -0.022108154371380806,
         -0.07588805258274078,
         0.09399652481079102
      ],
      "51": [
         -0.012914717197418213,
         -0.08193056285381317,
         0.0966944694519043
      ],
      "52": [
         -0.0019990073051303625,
         -0.0838756263256073,
         0.0959399938583374
      ],
      "53": [
         0.008634766563773155,
         -0.08166031539440155,
         0.0967402458190918
      ],
      "54": [
         0.01720312051475048,
         -0.07464338839054108,
         0.09430789947509766
      ],
      "55": [
         0.02466404065489769,
         -0.06460961699485779,
         0.09130859375
      ],
      "56": [
         0.016866054385900497,
         -0.07113919407129288,
         0.08963322639465332
      ],
      "57": [
         0.00824680831283331,
         -0.07746820896863937,
         0.08799278736114502
      ],
      "58": [
         -0.001918086432851851,
         -0.0794568806886673,
         0.08703446388244629
      ],
      "59": [
         -0.01289769820868969,
         -0.07891552150249481,
         0.08726310729980469
      ],
      "60": [
         -0.02231479622423649,
         -0.07256664335727692,
         0.08838915824890137
      ],
      "61": [
         -0.02563711255788803,
         -0.06362604349851608,
         0.09082663059234619
      ],
      "62": [
         -0.010908989235758781,
         -0.07564710825681686,
         0.09268581867218018
      ],
      "63": [
         -0.0019387367647141218,
         -0.07746569067239761,
         0.0926198959350586
      ],
      "64": [
         0.006678350269794464,
         -0.0755319744348526,
         0.09297037124633789
      ],
      "65": [
         0.0219415370374918,
         -0.06450328230857849,
         0.09205079078674316
      ],
      "66": [
         0.006871587596833706,
         -0.07408182322978973,
         0.0918508768081665
      ],
      "67": [
         -0.0016906617674976587,
         -0.07629106938838959,
         0.09165394306182861
      ],
      "68": [
         -0.010540342889726162,
         -0.07428106665611267,
         0.09205734729766846
      ]
   },
   "keypoints_2d_coordinates": {
      "1": [
         44,
         23
      ],
      "2": [
         56,
         24
      ],
      "3": [
         67,
         25
      ],