{
   "version": "1.0.0",
   "identity_label": {
      "age": "adult",
      "ethnicity": "southeast_asian",
      "gender": "female"
   },
   "accessories": [],
   "facial_hair_included": false,
   "eye_gaze": {
      "axis_directions": {
         "right_eye": {
            "axis_directions": {
               "visual_axis_direction": {
                  "x": -0.12798086769033692,
                  "y": -0.9594259253437808,
                  "z": -0.2512424949793693
               },
               "optical_axis_direction": {
                  "x": -0.1911615195866711,
                  "y": -0.9493113872483114,
                  "z": -0.2495298849236324
               }
            }
         },
         "left_eye": {
            "axis_directions": {
               "visual_axis_direction": {
                  "x": -0.2985014436031139,
                  "y": -0.9216984994629566,
                  "z": -0.24772719724445122
               },
               "optical_axis_direction": {
                  "x": -0.11964561751516542,
                  "y": -0.9602390875168091,
                  "z": -0.2522415925542429
               }
            }
         }
      },
      "target_point": {
         "right_eye": {
            "x": -0.7027460932731628,
            "y": -4.457386493682861,
            "z": -1.0270181894302368
         },
         "left_eye": {
            "x": -0.7027460932731628,
            "y": -4.457386493682861,
            "z": -1.0270181894302368
         }
      },
      "eye_gaze_direction_type": "custom"
   },
   "apex_of_cornea_point": {
      "2d": {
         "camera": {
            "right_eye": {
               "x": 45.24590419949327,
               "y": 41.51848122564663
            },
            "left_eye": {
               "x": 45.37240565248024,
               "y": 79.2241516274567
            }
         }
      },
      "3d": {
         "right_eye": {
            "x": -0.03783120587468147,
            "y": -0.05985774099826813,
            "z": 0.15155881643295288
         },
         "left_eye": {
            "x": 0.025607146322727203,
            "y": -0.060554273426532745,
            "z": 0.15133176743984222
         }
      }
   },
   "center_of_iris_point": {
      "2d": {
         "camera": {
            "right_eye": {
               "x": 44.83765257672828,
               "y": 41.89912650343772
            },
            "left_eye": {
               "x": 44.96323698478091,
               "y": 79.40668368397549
            }
         }
      },
      "3d": {
         "right_eye": {
            "x": -0.03725926950573921,
            "y": -0.057016801089048386,
            "z": 0.15230529010295868
         },
         "left_eye": {
            "x": 0.025962091982364655,
            "y": -0.05770724639296532,
            "z": 0.15207920968532562
         }
      }
   },
   "face_expression": {
      "name": "anger",
      "intensity_level": 3.2673140003891925
   },
   "center_of_pupil_point": {
      "2d": {
         "camera": {
            "right_eye": {
               "x": 44.782084519159774,
               "y": 41.95085684504433
            },
            "left_eye": {
               "x": 44.90748627983144,
               "y": 79.43128507407951
            }
         }
      },
      "3d": {
         "right_eye": {
            "x": -0.03718136250972748,
            "y": -0.056630607694387436,
            "z": 0.15240707993507385
         },
         "left_eye": {
            "x": 0.026010068133473396,
            "y": -0.057320546358823776,
            "z": 0.1521812230348587
         }
      }
   },
   "head_metadata": {
      "head_rotation": {
         "yaw": 0.0,
         "pitch": 0.0,
         "roll": 0.0
      },
      "head_six_dof": {
         "location": {
            "x": -0.004593371879309416,
            "y": -0.06800353527069092,
            "z": 0.1635953187942505
         },
         "look_at_vector": {
            "x": 8.74227803627227e-08,
            "y": -0.9999999999999962,
            "z": 9.553428304548457e-16
         }
      },
      "head_root_location": {
         "x": 0.0,
         "y": 0.0,
         "z": 0.0
      }
   },
   "iris_circle": {
      "2d": {
         "camera": {
            "right_eye": [
               {
                  "x": 40.55511077559251,
                  "y": 41.78458545446615
               },
               {
                  "x": 41.19368484862622,
                  "y": 43.95507658810911
               },
               {
                  "x": 42.8139564520395,
                  "y": 45.57070979805009
               },
               {
                  "x": 44.98024388044437,
                  "y": 46.196387172953784
               },
               {
                  "x": 47.109934072284794,
                  "y": 45.665823092303135
               },
               {
                  "x": 48.63266506663164,
                  "y": 44.12317647656469
               },
               {
                  "x": 49.14130594721315,
                  "y": 41.98381820793766
               },
               {
                  "x": 48.50259043197421,
                  "y": 39.819566134734664
               },
               {
                  "x": 46.88703165998708,
                  "y": 38.20833478737646
               },
               {
                  "x": 44.72651989861001,
                  "y": 37.58024976274408
               },
               {
                  "x": 42.59756615145179,
                  "y": 38.10430793783059
               },
               {
                  "x": 41.07012970884468,
                  "y": 39.64260634276635
               }
            ],
            "left_eye": [
               {
                  "x": 40.72293830386481,
                  "y": 79.33561477817025
               },
               {
                  "x": 41.31392579679289,
                  "y": 81.51970520845515
               },
               {
                  "x": 42.88790130408911,
                  "y": 83.13468999747867
               },
               {
                  "x": 45.02152965412558,
                  "y": 83.7469279544866
               },
               {
                  "x": 47.14133745708208,
                  "y": 83.19413455204462
               },
               {
                  "x": 48.67967778771095,
                  "y": 81.62595011927446
               },
               {
                  "x": 49.22518562695728,
                  "y": 79.46354984821234
               },
               {
                  "x": 48.63453819805775,
                  "y": 77.28554384308418
               },
               {
                  "x": 47.065276732610556,
                  "y": 75.67303110440864
               },
               {
                  "x": 44.93633772874835,
                  "y": 75.05718489683812
               },
               {
                  "x": 42.8164719446676,
                  "y": 75.6046316047382
               },
               {
                  "x": 41.27341849650419,
                  "y": 77.17028508679304
               }
            ]
         }
      },
      "3d": {
         "right_eye": [
            {
               "x": -0.037404321134090424,
               "y": -0.05899639427661896,
               "z": 0.15947440266609192
            },
            {
               "x": -0.03373992443084717,
               "y": -0.059449270367622375,
               "z": 0.1583879441022873
            },
            {
               "x": -0.031023871153593063,
               "y": -0.0592801459133625,
               "z": 0.1556645929813385
            },
            {
               "x": -0.029985109344124794,
               "y": -0.05853454768657684,
               "z": 0.15203335881233215
            },
            {
               "x": -0.030901189893484116,
               "y": -0.05741151422262192,