{
   "version": "1.0.0",
   "datapoints": [
      {
         "human": {
            "id": "f25accba-0191-4274-95a1-f5d51ed1f67e",
            "head": {
               "eyes": {
                  "id": "b628a950-6615-4fdd-a416-c5e2f7eb5add",
                  "target_of_gaze": {
                     "distance": 4.764078124218347,
                     "direction": {
                        "x": -0.1466822442060871,
                        "z": -0.2480993032733652,
                        "y": -0.9278822427149319
                     }
                  },
                  "eyelid_closure": 0.40097138796929166
               },
               "location": {
                  "x": 0.0,
                  "z": 0.0,
                  "y": 0.0
               },
               "rotation": {
                  "yaw": 0.0,
                  "roll": 0.0,
                  "pitch": 0.0
               },
               "expression": {
                  "intensity": 0.5668285000972981,
                  "name": "anger"
               },
               "eyebrows": {
                  "id": "23568adb-a4ec-4936-aef8-c7f9adcf7180",
                  "color_settings": {
                     "index_of_refraction": 1.419082050221295,
                     "melanin": 0.5205257646664914,
                     "redness": 0.9288206749550783,
                     "roughness": 0.2905821017590569,
                     "whiteness": 0.741919870289593
                  }
               },
               "hair": {
                  "id": "b9127cbb-8280-4f41-8a98-bcd0704960ca",
                  "color_settings": {
                     "index_of_refraction": 1.419082050221295,
                     "melanin": 0.5205257646664914,
                     "redness": 0.9288206749550783,
                     "roughness": 0.2905821017590569,
                     "whiteness": 0.741919870289593
                  }
               },
               "facial_hair": null
            }
         },
         "camera": {
            "name": "camera",
            "intrinsic_params": {
               "projection": "perspective",
               "resolution_width": 128,
               "resolution_height": 128,
               "fov_horizontal": 8.0,
               "fov_vertical": 8.0,
               "sensor_width": 15.0,
               "wavelength": "visible"
            },
            "extrinsic_params": {
               "rotation": {
                  "yaw": 0.0,
                  "roll": 0.0,
                  "pitch": 0.0
               },
               "location": {
                  "x": 0.0,
                  "z": 0.12,
                  "y": -1.6
               }
            }
         },
         "accessories": {
            "glasses": null,
            "mask": null
         },
         "background": {
            "id": "56a242dc-a567-4397-bd28-21ab0afbf718",
            "transparent": false,
            "rotation": 59.49226765120525
         },
         "lights": []
      }
   ]
}