{
   "keypoints_3d_coordinates": {
      "1": [
         -0.042970720678567886,
         0.06610133498907089,
         0.13699352741241455
      ],
      "2": [
         -0.04690749570727348,
         0.05667678266763687,
         0.12032687664031982
      ],
      "3": [
         -0.05045274272561073,
         0.05295008420944214,
         0.10170149803161621
      ],
      "4": [
         -0.052480075508356094,
         0.043610647320747375,
         0.08410143852233887
      ],
      "5": [
         -0.052401553839445114,
         0.02352100983262062,
         0.07275044918060303
      ],
      "6": [
         -0.05261422321200371,
         0.0025778375566005707,
         0.06882727146148682
      ],
      "7": [
         -0.04947149381041527,
         -0.011456258594989777,
         0.06614959239959717
      ],
      "8": [
         -0.04210316017270088,
         -0.02755049802362919,
         0.06685853004455566
      ],
      "9": [
         -0.02471548691391945,
         -0.04653453454375267,
         0.06303834915161133
      ],
      "10": [
         0.001145156566053629,
         -0.04968314245343208,
         0.06430423259735107
      ],
      "11": [
         0.019783686846494675,
         -0.04503440484404564,
         0.06347978115081787
      ],
      "12": [
         0.03742799162864685,
         -0.03647772595286369,
         0.06516194343566895
      ],
      "13": [
         0.05332127586007118,
         -0.020848173648118973,
         0.06891226768493652
      ],
      "14": [
         0.06449364125728607,
         -0.015484306961297989,
         0.08046829700469971
      ],
      "15": [
         0.07086080312728882,
         -0.010424116626381874,
         0.09976661205291748
      ],
      "16": [
         0.0718042328953743,
         -0.005383742973208427,
         0.1182938814163208
      ],
      "17": [
         0.07729892432689667,
         0.004407424479722977,
         0.13508212566375732
      ],
      "18": [
         -0.047845855355262756,
         0.012574000284075737,
         0.169407919049263
      ],
      "19": [
         -0.04641985148191452,
         0.008026430383324623,
         0.1725880652666092
      ],
      "20": [
         -0.041830357164144516,
         -0.001318393275141716,
         0.17707623541355133
      ],
      "21": [
         -0.036063361912965775,
         -0.010115882381796837,
         0.17942360043525696
      ],
      "22": [
         -0.02853015810251236,
         -0.019841313362121582,
         0.17821010947227478
      ],
      "23": [
         0.0045012217015028,
         -0.0360177606344223,
         0.17758817970752716
      ],
      "24": [
         0.016560085117816925,
         -0.036140747368335724,
         0.17886553704738617
      ],
      "25": [
         0.026977408677339554,
         -0.03527937829494476,
         0.17612679302692413
      ],
      "26": [
         0.03662433475255966,
         -0.032864246517419815,
         0.17158858478069305
      ],
      "27": [
         0.041181813925504684,
         -0.03130931407213211,
         0.1685629040002823
      ],
      "28": [
         -0.013321986421942711,
         -0.029597949236631393,
         0.16316843032836914
      ],
      "29": [
         -0.016990866512060165,
         -0.03628011792898178,
         0.1523423194885254
      ],
      "30": [
         -0.020245518535375595,
         -0.04274988919496536,
         0.1468029022216797
      ],
      "31": [
         -0.025897514075040817,
         -0.05358435958623886,
         0.13890612125396729
      ],
      "32": [
         -0.03410390391945839,
         -0.03394795209169388,
         0.12235057353973389
      ],
      "33": [
         -0.02960168570280075,
         -0.041734617203474045,
         0.12166726589202881
      ],
      "34": [
         -0.02245679311454296,
         -0.047502703964710236,
         0.1216742992401123
      ],
      "35": [
         -0.013723406940698624,
         -0.049517348408699036,
         0.12201917171478271
      ],
      "36": [
         -0.005179941654205322,
         -0.04827510565519333,
         0.12249243259429932
      ],
      "37": [
         -0.04510234296321869,
         0.001924131065607071,
         0.15098047256469727
      ],
      "38": [
         -0.04291915521025658,
         -0.010753918439149857,
         0.1542905569076538
      ],
      "39": [
         -0.034139037132263184,
         -0.014761224389076233,
         0.15405595302581787
      ],
      "40": [
         -0.02593616396188736,
         -0.014841141179203987,
         0.15116596221923828
      ],
      "41": [
         -0.03353368118405342,
         -0.013881580904126167,
         0.14987897872924805
      ],
      "42": [
         -0.042363669723272324,
         -0.00847076065838337,
         0.14917826652526855
      ],
      "43": [
         0.00533832423388958,
         -0.030469032004475594,
         0.15097296237945557
      ],
      "44": [
         0.010677030310034752,
         -0.03720227628946304,
         0.1535336971282959
      ],
      "45": [
         0.01958487369120121,
         -0.041294440627098083,
         0.15303432941436768
      ],
      "46": [
         0.030350372195243835,
         -0.03550606220960617,
         0.1504443883895874
      ],
      "47": [
         0.02001160755753517,
         -0.038702692836523056,
         0.14839470386505127
      ],
      "48": [
         0.010945169255137444,
         -0.03561827540397644,
         0.149566650390625
      ],
      "49": [
         -0.039921220391988754,
         -0.03363223001360893,
         0.09981560707092285
      ],
      "50": [
         -0.03794654458761215,
         -0.0429876409471035,
         0.10566103458404541
      ],
      "51": [
         -0.03282174468040466,
         -0.049336276948451996,
         0.11100876331329346
      ],
      "52": [
         -0.025578051805496216,
         -0.05420760065317154,
         0.11140942573547363
      ],
      "53": [
         -0.016808930784463882,
         -0.056779466569423676,
         0.11116552352905273
      ],
      "54": [
         -0.009705454111099243,
         -0.05731514096260071,
         0.1058279275894165
      ],
      "55": [
         -0.0035221287980675697,
         -0.05340319126844406,
         0.09972476959228516
      ],
      "56": [
         -0.009699538350105286,
         -0.056377992033958435,
         0.09823238849639893
      ],
      "57": [
         -0.019085925072431564,
         -0.05739380419254303,
         0.09736073017120361
      ],
      "58": [
         -0.026452522724866867,
         -0.055157147347927094,
         0.09674453735351562
      ],
      "59": [
         -0.032739490270614624,
         -0.04971081763505936,
         0.09772515296936035
      ],
      "60": [
         -0.037233512848615646,
         -0.04133351892232895,
         0.09875965118408203
      ],
      "61": [
         -0.03742092102766037,
         -0.03339962661266327,
         0.10020232200622559
      ],
      "62": [
         -0.030322298407554626,
         -0.047814030200242996,
         0.10551083087921143
      ],
      "63": [
         -0.02515557035803795,
         -0.05190512537956238,
         0.10528445243835449
      ],
      "64": [
         -0.018734870478510857,
         -0.05413731932640076,
         0.10539841651916504
      ],
      "65": [
         -0.0035718493163585663,
         -0.05153835937380791,
         0.10011172294616699
      ],
      "66": [
         -0.01897328533232212,
         -0.053872182965278625,
         0.1034858226776123
      ],
      "67": [
         -0.024971038103103638,
         -0.05178594961762428,
         0.10333776473999023
      ],
      "68": [
         -0.02963326871395111,
         -0.04755496233701706,
         0.1033698320388794
      ]
   },
   "keypoints_2d_coordinates": {
      "1": [
         437,
         323
      ],
      "2": [
         511,
         305
      ],
      "3": [
         593,
         289
      ],