{
   "version": "1.0.0",
   "center_of_rotation_point": {
      "2d": {
         "camera": {
            "right_eye": {
               "x": 36.0433282165574,
               "y": 43.77985371628882
            },
            "left_eye": {
               "x": 36.064033357967254,
               "y": 82.92783524307252
            }
         }
      },
      "3d": {
         "right_eye": {
            "x": -0.03399509936571121,
            "y": -0.06124909594655037,
            "z": 0.1670021265745163
         },
         "left_eye": {
            "x": 0.03185826539993286,
            "y": -0.059514984488487244,
            "z": 0.16702024638652802
         }
      }
   },
   "identity_label": {
      "age": "old",
      "ethnicity": "south_asian",
      "gender": "female"
   },
   "apex_of_cornea_point": {
      "2d": {
         "camera": {
            "right_eye": {
               "x": 36.59527763105394,
               "y": 43.20749974306534
            },
            "left_eye": {
               "x": 36.61306544184892,
               "y": 83.20161844281097
            }
         }
      },
      "3d": {
         "right_eye": {
            "x": -0.034684713929891586,
            "y": -0.07325080037117004,
            "z": 0.1657148003578186
         },
         "left_eye": {
            "x": 0.032074298709630966,
            "y": -0.07118254154920578,
            "z": 0.1657470166683197
         }
      }
   },
   "head_metadata": {
      "head_rotation": {
         "roll": 0.0,
         "yaw": 0.0,
         "pitch": 0.0
      },
      "head_root_location": {
         "x": 0.0,
         "y": 0.0,
         "z": 0.0
      },
      "head_six_dof": {
         "location": {
            "x": -0.0013775823172181845,
            "y": -0.08433085680007935,
            "z": 0.17625901103019714
         },
         "look_at_vector": {
            "x": 8.74227803627227e-08,
            "y": -0.9999999999999962,
            "z": 9.553428304548457e-16
         }
      }
   },
   "facial_hair_included": false,
   "center_of_iris_point": {
      "2d": {
         "camera": {
            "right_eye": {
               "x": 36.47984688406307,
               "y": 43.32934889534273
            },
            "left_eye": {
               "x": 36.49529722060396,
               "y": 83.1428919113964
            }
         }
      },
      "3d": {
         "right_eye": {
            "x": -0.03453872352838516,
            "y": -0.07071501016616821,
            "z": 0.16598360240459442
         },
         "left_eye": {
            "x": 0.032028310000896454,
            "y": -0.0686912089586258,
            "z": 0.16601860523223877
         }
      }
   },
   "iris_circle": {
      "2d": {
         "camera": {
            "right_eye": [
               {
                  "x": 32.65786129498683,
                  "y": 43.3462144539412
               },
               {
                  "x": 33.19360198367694,
                  "y": 45.266298223086
               },
               {
                  "x": 34.611596818518805,
                  "y": 46.66620778689741
               },
               {
                  "x": 36.53085887367468,
                  "y": 47.169855637047064
               },
               {
                  "x": 38.43671099063329,
                  "y": 46.64305103948904
               },
               {
                  "x": 39.81836228004953,
                  "y": 45.22721637809985
               },
               {
                  "x": 40.30657741065994,
                  "y": 43.30271578025448
               },
               {
                  "x": 39.77077483893863,
                  "y": 41.38455866696865
               },
               {
                  "x": 38.35477415577803,
                  "y": 39.985917134227
               },
               {
                  "x": 36.437227955709766,
                  "y": 39.481275806845424
               },
               {
                  "x": 34.53118053438523,
                  "y": 40.00617966706996
               },
               {
                  "x": 33.147509793993805,
                  "y": 41.420870812447724
               }
            ],
            "left_eye": [
               {
                  "x": 32.78869566784675,
                  "y": 83.17430584128672
               },
               {
                  "x": 33.295433629422256,
                  "y": 85.04055224932853
               },
               {
                  "x": 34.66033649797723,
                  "y": 86.39840560052085
               },
               {
                  "x": 36.51733227046829,
                  "y": 86.88393966903108
               },
               {
                  "x": 38.36918262010373,
                  "y": 86.36777609707364
               },
               {
                  "x": 39.71955624735845,
                  "y": 84.98835530580429
               },
               {
                  "x": 40.20732416090512,
                  "y": 83.11577225103359
               },
               {
                  "x": 39.701972986913354,
                  "y": 81.25132071073672
               },
               {
                  "x": 38.33880406643841,
                  "y": 79.89319084806252
               },
               {
                  "x": 36.48234383799662,
                  "y": 79.4058951505841
               },
               {
                  "x": 34.62942724448563,
                  "y": 79.92093318685605
               },
               {
                  "x": 33.27733076718661,
                  "y": 81.30035951582336
               }
            ]
         }
      },
      "3d": {
         "right_eye": [
            {
               "x": -0.034492943435907364,
               "y": -0.07149489969015121,
               "z": 0.17234307527542114
            },
            {
               "x": -0.031284481287002563,
               "y": -0.07158371806144714,
               "z": 0.17144536972045898
            },
            {
               "x": -0.028948934748768806,
               "y": -0.07146530598402023,
               "z": 0.1690811812877655
            },
            {
               "x": -0.02811320684850216,
               "y": -0.07117123156785965,
               "z": 0.16588467359542847
            },
            {
               "x": -0.02900058589875698,
               "y": -0.07078099995851517,
               "z": 0.16271202266216278
            },
            {
               "x": -0.03137404844164848,
               "y": -0.07039889693260193,
               "z": 0.16041360795497894
            },
            {
               "x": -0.034596532583236694,
               "y": -0.07012654095888138,
               "z": 0.1596047282218933
            },
            {
               "x": -0.03780500963330269,
               "y": -0.07003820687532425,
               "z": 0.16050268709659576
            },
            {
               "x": -0.04013994336128235,
               "y": -0.07015634328126907,
               "z": 0.16286642849445343
            },
            {
               "x": -0.04097558557987213,
               "y": -0.07045027613639832,
               "z": 0.16606278717517853
            },
            {
               "x": -0.04008813947439194,
               "y": -0.07084046304225922,
               "z": 0.16923560202121735
            },
            {
               "x": -0.037715084850788116,
               "y": -0.07122278958559036,
               "z": 0.17153450846672058
            }
         ],
         "left_eye": [
            {
               "x": 0.03206472098827362,
               "y": -0.06946200877428055,
               "z": 0.17219389975070953
            },
            {
               "x": 0.03518897294998169,
               "y": -0.06931524723768234,
               "z": 0.17135141789913177
            },
            {
               "x": 0.037466928362846375,
               "y": -0.0690278708934784,