{
   "version": "1.0.0",
   "datapoints": [
      {
         "human": {
            "id": "042041ba-80e5-4f16-8d59-2d315b19ebfc",
            "head": {
               "eyes": {
                  "id": "65f5a399-04a5-4c97-ace1-f1c094e380b0",
                  "target_of_gaze": {
                     "direction": {
                        "x": -0.005624692395687414,
                        "z": -0.14936732808710856,
                        "y": -0.8735399462507644
                     },
                     "distance": 4.909472911818906
                  },
                  "eyelid_closure": 0.6007419534795438
               },
               "location": {
                  "x": 0.0,
                  "z": 0.0,
                  "y": 0.0
               },
               "rotation": {
                  "pitch": 0.0,
                  "roll": 0.0,
                  "yaw": 0.0
               },
               "expression": {
                  "intensity": 0.7458048132589461,
                  "name": "mouth_open"
               },
               "eyebrows": {
                  "id": "6267d76e-3be7-4391-b920-746ebafe52e2",
                  "color_settings": {
                     "index_of_refraction": 1.4131062638238707,
                     "melanin": 0.05004178860888675,
                     "redness": 0.48726062361220135,
                     "roughness": 0.3226009820059809,
                     "whiteness": 0.8471747385395441
                  }
               },
               "hair": {
                  "id": "810931ac-72dc-4ce7-8666-3e00539a9ec6",
                  "color_settings": {
                     "index_of_refraction": 1.4131062638238707,
                     "melanin": 0.05004178860888675,
                     "redness": 0.48726062361220135,
                     "roughness": 0.3226009820059809,
                     "whiteness": 0.8471747385395441
                  }
               },
               "facial_hair": null
            }
         },
         "camera": {
            "name": "camera",
            "intrinsic_params": {
               "projection": "perspective",
               "resolution_width": 128,
               "resolution_height": 128,
               "fov_horizontal": 8.0,
               "fov_vertical": 8.0,
               "sensor_width": 15.0,
               "wavelength": "visible"
            },
            "extrinsic_params": {
               "location": {
                  "x": 0.0,
                  "z": 0.12,
                  "y": -1.6
               },
               "rotation": {
                  "pitch": 0.0,
                  "roll": 0.0,
                  "yaw": 0.0
               }
            }
         },
         "accessories": {
            "glasses": null,
            "mask": null
         },
         "background": {
            "id": "542e70b8-c004-46ff-b2cd-0e4aa6841d4a",
            "transparent": false,
            "rotation": 111.51000319244905
         },
         "lights": []
      }
   ]
}