{
   "version": "1.1.0",
   "camera_name": "camera_1",
   "camera_type": "PERSP",
   "focal_length": 49.999996185302734,
   "location": {
      "x": 0.0,
      "y": -1.3499999046325684,
      "z": 1.5099999904632568
   },
   "orientation": {
      "look_at_vector": {
         "x": 0.0,
         "y": 0.7071067690849304,
         "z": -0.7071067690849304
      },
      "up_vector": {
         "x": 0.0,
         "y": 0.7071067690849304,
         "z": 0.7071067690849304
      }
   },
   "aspect_px": {
      "x": 1.0,
      "y": 1.0
   },
   "resolution_px": {
      "x": 1024.0,
      "y": 1024.0
   },
   "fov": {
      "horizontal": 7.999999938029066,
      "vertical": 8.000000416916102
   },
   "sensor": {
      "sensor_width": 6.99268102645874,
      "sensor_height": 6.99268102645874
   },
   "intrinsic_matrix": [
      [
         7321.940740614461,
         -4.48339564577005e-13,
         512.0
      ],
      [
         0.0,
         7321.940740614461,
         512.0
      ],
      [
         0.0,
         0.0,
         1.0
      ]
   ],
   "extrinsic_matrix": [
      [
         1.0000002607994105,
         -0.0,
         0.0,
         0.0
      ],
      [
         -0.0,
         -0.70710688829422,
         -0.7071069478988647,
         0.11313725282155929
      ],
      [
         0.0,
         0.7071068286895752,
         -0.7071068286895752,
         2.0223254558737267
      ]
   ]
}