{
   "keypoints_3d_coordinates": {
      "1": [
         -0.07191859930753708,
         0.02724342793226242,
         0.15623235702514648
      ],
      "2": [
         -0.07037556916475296,
         0.02350519225001335,
         0.1345212459564209
      ],
      "3": [
         -0.06857850402593613,
         0.02323940023779869,
         0.11385619640350342
      ],
      "4": [
         -0.06452038139104843,
         0.019541870802640915,
         0.0913991928100586
      ],
      "5": [
         -0.05628502368927002,
         0.00997680053114891,
         0.07605350017547607
      ],
      "6": [
         -0.04740332067012787,
         -0.007362176664173603,
         0.06807637214660645
      ],
      "7": [
         -0.03605087846517563,
         -0.0194261334836483,
         0.06001567840576172
      ],
      "8": [
         -0.022355075925588608,
         -0.03296714648604393,
         0.055060505867004395
      ],
      "9": [
         0.0026127900928258896,
         -0.042751606553792953,
         0.04851424694061279
      ],
      "10": [
         0.027434471994638443,
         -0.031994834542274475,
         0.05429863929748535
      ],
      "11": [
         0.0405975803732872,
         -0.018652262166142464,
         0.058852434158325195
      ],
      "12": [
         0.05295317620038986,
         -0.006970476359128952,
         0.06632089614868164
      ],
      "13": [
         0.06275438517332077,
         0.009750060737133026,
         0.0740976333618164
      ],
      "14": [
         0.07075488567352295,
         0.018547989428043365,
         0.09053456783294678
      ],
      "15": [
         0.07463977485895157,
         0.02159954234957695,
         0.11363613605499268
      ],
      "16": [
         0.075682632625103,
         0.021649718284606934,
         0.13417577743530273
      ],
      "17": [
         0.07749176025390625,
         0.025060977786779404,
         0.15520882606506348
      ],
      "18": [
         -0.04548875615000725,
         -0.03746283799409866,
         0.17895257472991943
      ],
      "19": [
         -0.04220620542764664,
         -0.03908828645944595,
         0.18513274192810059
      ],
      "20": [
         -0.0336090549826622,
         -0.04432343691587448,
         0.18789219856262207
      ],
      "21": [
         -0.023270007222890854,
         -0.048114240169525146,
         0.18693065643310547
      ],
      "22": [
         -0.01177480723708868,
         -0.04975669085979462,
         0.18434298038482666
      ],
      "23": [
         0.018365293741226196,
         -0.04946098476648331,
         0.18509232997894287
      ],
      "24": [
         0.029747294262051582,
         -0.047779686748981476,
         0.18754756450653076
      ],
      "25": [
         0.039896294474601746,
         -0.044048238545656204,
         0.18866181373596191
      ],
      "26": [
         0.04838129132986069,
         -0.038602039217948914,
         0.18567025661468506
      ],
      "27": [
         0.051789142191410065,
         -0.03731948882341385,
         0.1792891025543213
      ],
      "28": [
         0.0035998402163386345,
         -0.048627592623233795,
         0.17399966716766357
      ],
      "29": [
         0.003778465325012803,
         -0.05553784966468811,
         0.159521222114563
      ],
      "30": [
         0.003820678684860468,
         -0.06285995244979858,
         0.14942312240600586
      ],
      "31": [
         0.003881192998960614,
         -0.07237736880779266,
         0.13481509685516357
      ],
      "32": [
         -0.011298232711851597,
         -0.04892519861459732,
         0.12065625190734863
      ],
      "33": [
         -0.004482044838368893,
         -0.05400923267006874,
         0.11924159526824951
      ],
      "34": [
         0.004364145454019308,
         -0.05768602341413498,
         0.11829662322998047
      ],
      "35": [
         0.013010346330702305,
         -0.053646933287382126,
         0.11949706077575684
      ],
      "36": [
         0.01961377263069153,
         -0.047743167728185654,
         0.12099134922027588
      ],
      "37": [
         -0.03974869102239609,
         -0.029689569026231766,
         0.15775573253631592
      ],
      "38": [
         -0.032304249703884125,
         -0.039829984307289124,
         0.15986967086791992
      ],
      "39": [
         -0.0218603927642107,
         -0.04021821171045303,
         0.1603771448135376
      ],
      "40": [
         -0.012889057397842407,
         -0.03502869978547096,
         0.15885412693023682
      ],
      "41": [
         -0.021380344405770302,
         -0.03795634210109711,
         0.15614712238311768
      ],
      "42": [
         -0.0319124236702919,
         -0.036560989916324615,
         0.15466570854187012
      ],
      "43": [
         0.01944831758737564,
         -0.03636438399553299,
         0.15901422500610352
      ],
      "44": [
         0.028171418234705925,
         -0.04084298759698868,
         0.1601470708847046
      ],
      "45": [
         0.03859430551528931,
         -0.04053608328104019,
         0.15961003303527832
      ],
      "46": [
         0.04599527269601822,
         -0.030507095158100128,
         0.15756189823150635
      ],
      "47": [
         0.037878867238759995,
         -0.03685552626848221,
         0.155015230178833
      ],
      "48": [
         0.027370154857635498,
         -0.03824340179562569,
         0.15633904933929443
      ],
      "49": [
         -0.02120084874331951,
         -0.03780105710029602,
         0.0920717716217041
      ],
      "50": [
         -0.013059418648481369,
         -0.04924837127327919,
         0.09950268268585205
      ],
      "51": [
         -0.004836030304431915,
         -0.05499788373708725,
         0.10368752479553223
      ],
      "52": [
         0.004602282308042049,
         -0.056599363684654236,
         0.10295999050140381
      ],
      "53": [
         0.013924898579716682,
         -0.0540231317281723,
         0.1034841537475586
      ],
      "54": [
         0.021650752052664757,
         -0.04770800098776817,
         0.09903514385223389
      ],
      "55": [
         0.027781089767813683,
         -0.03676062077283859,
         0.09181737899780273
      ],
      "56": [
         0.02130332961678505,
         -0.04022900015115738,
         0.08503234386444092
      ],
      "57": [
         0.012934550642967224,
         -0.0455130934715271,
         0.08048808574676514
      ],
      "58": [
         0.0041089048609137535,
         -0.0474814735352993,
         0.07918715476989746
      ],
      "59": [
         -0.005227295681834221,
         -0.04609011858701706,
         0.08027803897857666
      ],
      "60": [
         -0.014242574572563171,
         -0.041786078363657,
         0.08431994915008545
      ],
      "61": [
         -0.01920882984995842,
         -0.03706813603639603,
         0.0936969518661499
      ],
      "62": [
         -0.004038156010210514,
         -0.050547584891319275,
         0.09946775436401367
      ],
      "63": [
         0.004054463934153318,
         -0.05094466730952263,
         0.09912300109863281
      ],
      "64": [
         0.01271006464958191,
         -0.04965423420071602,
         0.09962129592895508
      ],
      "65": [
         0.02611049823462963,
         -0.03550192713737488,
         0.09351909160614014
      ],
      "66": [
         0.012186247855424881,
         -0.04278527945280075,
         0.08563792705535889
      ],
      "67": [
         0.003562980331480503,
         -0.0444147102534771,
         0.08489346504211426
      ],
      "68": [
         -0.004350915551185608,
         -0.04414921998977661,
         0.08543550968170166
      ]
   },
   "keypoints_2d_coordinates": {
      "1": [
         44,
         24
      ],
      "2": [
         56,
         24
      ],
      "3": [
         67,
         25
      ],
      "4": [
         80,
         28
      ],