{
   "version": "1.0.0",
   "facial_hair_included": false,
   "center_of_pupil_point": {
      "2d": {
         "camera": {
            "right_eye": {
               "x": 53.33236419633944,
               "y": 48.42279682364272
            },
            "left_eye": {
               "x": 52.76066685414157,
               "y": 83.93014360816656
            }
         }
      },
      "3d": {
         "right_eye": {
            "x": -0.026235152035951614,
            "y": -0.05854659527540207,
            "z": 0.13796645402908325
         },
         "left_eye": {
            "x": 0.03354339301586151,
            "y": -0.059602294117212296,
            "z": 0.13891634345054626
         }
      }
   },
   "eye_gaze": {
      "axis_directions": {
         "right_eye": {
            "axis_directions": {
               "visual_axis_direction": {
                  "x": 0.07102666061489012,
                  "y": -0.9753023259817247,
                  "z": -0.20914250265437373
               },
               "optical_axis_direction": {
                  "x": 0.007031713650236623,
                  "y": -0.9775247042541009,
                  "z": -0.21070360124135
               }
            }
         },
         "left_eye": {
            "axis_directions": {
               "visual_axis_direction": {
                  "x": -0.3102177474853421,
                  "y": -0.9290014633490052,
                  "z": -0.2017950203561207
               },
               "optical_axis_direction": {
                  "x": 0.13372953732850373,
                  "y": -0.9676555873738272,
                  "z": -0.21391370940198765
               }
            }
         }
      },
      "target_point": {
         "right_eye": {
            "x": 0.28027796745300293,
            "y": -3.8832530975341797,
            "z": -0.8857874274253845
         },
         "left_eye": {
            "x": 0.28027796745300293,
            "y": -3.8832530975341797,
            "z": -0.8857874274253845
         }
      },
      "eye_gaze_direction_type": "custom"
   },
   "iris_circle": {
      "2d": {
         "camera": {
            "right_eye": [
               {
                  "x": 49.53269045215696,
                  "y": 48.36569755219418
               },
               {
                  "x": 50.02740933332297,
                  "y": 50.331874246945915
               },
               {
                  "x": 51.422777315990565,
                  "y": 51.78494573312935
               },
               {
                  "x": 53.34301666055904,
                  "y": 52.33509975318652
               },
               {
                  "x": 55.273904774916666,
                  "y": 51.83609365302123
               },
               {
                  "x": 56.69774577973609,
                  "y": 50.42274701310953
               },
               {
                  "x": 57.23487744789366,
                  "y": 48.4741152291743
               },
               {
                  "x": 56.74180484328147,
                  "y": 46.510813530917424
               },
               {
                  "x": 55.35031971866291,
                  "y": 45.058066931136075
               },
               {
                  "x": 53.431389608955705,
                  "y": 44.5049384752172
               },
               {
                  "x": 51.499231227372334,
                  "y": 45.000789862233496
               },
               {
                  "x": 50.07176588307573,
                  "y": 46.41383524061378
               }
            ],
            "left_eye": [
               {
                  "x": 48.97624603318854,
                  "y": 83.94932776080796
               },
               {
                  "x": 49.41547330017572,
                  "y": 85.88634750446222
               },
               {
                  "x": 50.76544408921974,
                  "y": 87.30884986095398
               },
               {
                  "x": 52.66336809392516,
                  "y": 87.83636489004815
               },
               {
                  "x": 54.60040303258674,
                  "y": 87.32902658323665
               },
               {
                  "x": 56.058793561251726,
                  "y": 85.92362735645477
               },
               {
                  "x": 56.64931194215851,
                  "y": 83.99607047435869
               },
               {
                  "x": 56.21358951485151,
                  "y": 82.06121330575047
               },
               {
                  "x": 54.86707299347812,
                  "y": 80.63687968303275
               },
               {
                  "x": 52.96955252124675,
                  "y": 80.10532641859872
               },
               {
                  "x": 51.02897768101024,
                  "y": 80.61038032855801
               },
               {
                  "x": 49.56660207673773,
                  "y": 82.01770445327752
               }
            ]
         }
      },
      "3d": {
         "right_eye": [
            {
               "x": -0.026299715042114258,
               "y": -0.060396697372198105,
               "z": 0.14433662593364716
            },
            {
               "x": -0.02299528941512108,
               "y": -0.0601932667195797,
               "z": 0.14350752532482147
            },
            {
               "x": -0.020557625219225883,
               "y": -0.059669751673936844,
               "z": 0.14116714894771576
            },
            {
               "x": -0.01964067853987217,
               "y": -0.05896763876080513,
               "z": 0.13794361054897308
            },
            {
               "x": -0.020490093156695366,
               "y": -0.05827410891652107,
               "z": 0.13469910621643066
            },
            {
               "x": -0.022878268733620644,
               "y": -0.05777567997574806,
               "z": 0.1323046237230301
            },
            {
               "x": -0.026164691895246506,
               "y": -0.05760514736175537,
               "z": 0.13140079379081726
            },
            {
               "x": -0.029469411820173264,
               "y": -0.0578090138733387,
               "z": 0.13223011791706085
            },
            {
               "x": -0.031906478106975555,
               "y": -0.05833195149898529,
               "z": 0.13456983864307404
            },
            {
               "x": -0.03282323479652405,
               "y": -0.05903395265340805,
               "z": 0.13779404759407043
            },
            {
               "x": -0.031973984092473984,
               "y": -0.059727687388658524,
               "z": 0.1410376876592636
            },
            {
               "x": -0.029586369171738625,
               "y": -0.060226522386074066,
               "z": 0.1434323936700821
            }
         ],
         "left_eye": [
            {
               "x": 0.033534709364175797,
               "y": -0.06148200109601021,
               "z": 0.14525485038757324
            },
            {
               "x": 0.03680549934506416,
               "y": -0.060868509113788605,
               "z": 0.14452628791332245
            },
            {
               "x": 0.03921888768672943,
               "y": -0.06003543362021446,
               "z": 0.1422681361436844
            },
            {
               "x": 0.04012807086110115,
               "y": -0.059206075966358185,
               "z": 0.13908500969409943
            },
            {
               "x": 0.03928934037685394,
               "y": -0.05860331654548645,
               "z": 0.13583023846149445
            },
            {
               "x": 0.03692760691046715,
               "y": -0.05838810279965401,
               "z": 0.13337597250938416
            },
            {
               "x": 0.03367585688829422,
               "y": -0.05861794948577881,