{
   "keypoints_3d_coordinates": {
      "1": [
         -0.06068786606192589,
         0.018578805029392242,
         0.1279386281967163
      ],
      "2": [
         -0.05815625563263893,
         0.014308270066976547,
         0.11155986785888672
      ],
      "3": [
         -0.056263625621795654,
         0.015798576176166534,
         0.09497475624084473
      ],
      "4": [
         -0.05206051468849182,
         0.013381760567426682,
         0.07709026336669922
      ],
      "5": [
         -0.0457596518099308,
         0.004946207627654076,
         0.06389939785003662
      ],
      "6": [
         -0.04058991000056267,
         -0.009795993566513062,
         0.055091261863708496
      ],
      "7": [
         -0.03265117108821869,
         -0.020252488553524017,
         0.04803359508514404
      ],
      "8": [
         -0.022249458357691765,
         -0.030764944851398468,
         0.043137311935424805
      ],
      "9": [
         -0.00015606824308633804,
         -0.038881465792655945,
         0.03641307353973389
      ],
      "10": [
         0.02179834060370922,
         -0.031012654304504395,
         0.0431516170501709
      ],
      "11": [
         0.0326656773686409,
         -0.02151120826601982,
         0.04782223701477051
      ],
      "12": [
         0.04088132083415985,
         -0.011543161235749722,
         0.054962158203125
      ],
      "13": [
         0.0454711951315403,
         0.002578582614660263,
         0.06398165225982666
      ],
      "14": [
         0.0512852668762207,
         0.010507484897971153,
         0.07644963264465332
      ],
      "15": [
         0.05493976175785065,
         0.01198025606572628,
         0.09383285045623779
      ],
      "16": [
         0.05587345361709595,
         0.010115237906575203,
         0.11032307147979736
      ],
      "17": [
         0.058196619153022766,
         0.012804079800844193,
         0.126867413520813
      ],
      "18": [
         -0.04649382829666138,
         -0.031503189355134964,
         0.14262890815734863
      ],
      "19": [
         -0.043608278036117554,
         -0.03514859080314636,
         0.14449715614318848
      ],
      "20": [
         -0.036819130182266235,
         -0.04208448901772499,
         0.14657831192016602
      ],
      "21": [
         -0.02946672961115837,
         -0.04739799350500107,
         0.14711260795593262
      ],
      "22": [
         -0.019534830003976822,
         -0.05154963955283165,
         0.14484763145446777
      ],
      "23": [
         0.012727770954370499,
         -0.05247354134917259,
         0.14397835731506348
      ],
      "24": [
         0.022686321288347244,
         -0.0483911894261837,
         0.1462721824645996
      ],
      "25": [
         0.02996646985411644,
         -0.04306399077177048,
         0.14570307731628418
      ],
      "26": [
         0.037056971341371536,
         -0.036800041794776917,
         0.14355385303497314
      ],
      "27": [
         0.04011707007884979,
         -0.033123139292001724,
         0.14179587364196777
      ],
      "28": [
         -0.002913158852607012,
         -0.051730573177337646,
         0.1325228214263916
      ],
      "29": [
         -0.0018784942803904414,
         -0.055901315063238144,
         0.12063312530517578
      ],
      "30": [
         -0.0012923607137054205,
         -0.06076608598232269,
         0.11298727989196777
      ],
      "31": [
         -0.0005360599607229233,
         -0.06634798645973206,
         0.10146570205688477
      ],
      "32": [
         -0.01551537960767746,
         -0.046944860368967056,
         0.09452247619628906
      ],
      "33": [
         -0.00859820656478405,
         -0.05162099748849869,
         0.09093773365020752
      ],
      "34": [
         -0.00035868340637534857,
         -0.0542641207575798,
         0.08906614780426025
      ],
      "35": [
         0.0078028179705142975,
         -0.05157964304089546,
         0.09028363227844238
      ],
      "36": [
         0.013998892158269882,
         -0.04700460657477379,
         0.09439551830291748
      ],
      "37": [
         -0.0407765656709671,
         -0.03580992668867111,
         0.12423074245452881
      ],
      "38": [
         -0.03408532962203026,
         -0.044252559542655945,
         0.12501847743988037
      ],
      "39": [
         -0.026003027334809303,
         -0.04441557824611664,
         0.12570273876190186
      ],
      "40": [
         -0.019516097381711006,
         -0.04018102586269379,
         0.12465298175811768
      ],
      "41": [
         -0.02519882656633854,
         -0.04282916337251663,
         0.12292969226837158
      ],
      "42": [
         -0.03363405540585518,
         -0.04227489233016968,
         0.12181878089904785
      ],
      "43": [
         0.013393238186836243,
         -0.04065381735563278,
         0.12373530864715576
      ],
      "44": [
         0.01967393048107624,
         -0.04477544128894806,
         0.12437546253204346
      ],
      "45": [
         0.028155280277132988,
         -0.04482177644968033,
         0.1238260269165039
      ],
      "46": [
         0.03444933146238327,
         -0.036185480654239655,
         0.12304115295410156
      ],
      "47": [
         0.028006628155708313,
         -0.042299576103687286,
         0.12069189548492432
      ],
      "48": [
         0.018805483356118202,
         -0.04313550516963005,
         0.12181293964385986
      ],
      "49": [
         -0.022048672661185265,
         -0.03836487978696823,
         0.07071685791015625
      ],
      "50": [
         -0.016876647248864174,
         -0.047254160046577454,
         0.07527446746826172
      ],
      "51": [
         -0.009231764823198318,
         -0.053235795348882675,
         0.0784304141998291
      ],
      "52": [
         0.00018232094589620829,
         -0.055195990949869156,
         0.07719171047210693
      ],
      "53": [
         0.00921951700001955,
         -0.05268729105591774,
         0.07848381996154785
      ],
      "54": [
         0.017627978697419167,
         -0.04589489847421646,
         0.07574999332427979
      ],
      "55": [
         0.021644722670316696,
         -0.03757220134139061,
         0.07136893272399902
      ],
      "56": [
         0.017486052587628365,
         -0.042920149862766266,
         0.0676429271697998
      ],
      "57": [
         0.009599410928785801,
         -0.049226727336645126,
         0.06530392169952393
      ],
      "58": [
         0.00028657889924943447,
         -0.05165925249457359,
         0.06431257724761963
      ],
      "59": [
         -0.008840424008667469,
         -0.049983978271484375,
         0.06498157978057861
      ],
      "60": [
         -0.0166904516518116,
         -0.04402574151754379,
         0.0674736499786377
      ],
      "61": [
         -0.02008822374045849,
         -0.036250293254852295,
         0.07122159004211426
      ],
      "62": [
         -0.00799619872123003,
         -0.04777070879936218,
         0.07423841953277588
      ],
      "63": [
         0.00020602066069841385,
         -0.048998042941093445,
         0.07394516468048096
      ],
      "64": [
         0.008172628469765186,
         -0.04712269827723503,
         0.07416212558746338
      ],
      "65": [
         0.020712027326226234,
         -0.03529972583055496,
         0.07144272327423096
      ],
      "66": [
         0.00824537593871355,
         -0.045659735798835754,
         0.071341872215271
      ],
      "67": [
         0.0001499406062066555,
         -0.04788614809513092,
         0.07093048095703125
      ],
      "68": [
         -0.008081063628196716,
         -0.04640784114599228,
         0.0710374116897583
      ]
   },
   "keypoints_2d_coordinates": {
      "1": [
         60,
         30
      ],
      "2": [
         69,
         31
      ],
      "3": [
         78,
         32
      ],