{
   "keypoints_3d_coordinates": {
      "1": [
         -0.0678919330239296,
         -0.001552235335111618,
         0.12389862537384033
      ],
      "2": [
         -0.061558693647384644,
         -0.008895071223378181,
         0.1105337142944336
      ],
      "3": [
         -0.058029815554618835,
         -0.011597299948334694,
         0.09323608875274658
      ],
      "4": [
         -0.05014709755778313,
         -0.013562036678195,
         0.07528245449066162
      ],
      "5": [
         -0.040426816791296005,
         -0.015856420621275902,
         0.062459707260131836
      ],
      "6": [
         -0.02475321665406227,
         -0.0244750939309597,
         0.05671048164367676
      ],
      "7": [
         -0.006601038388907909,
         -0.02992722950875759,
         0.05160534381866455
      ],
      "8": [
         0.01042703166604042,
         -0.032622694969177246,
         0.04628562927246094
      ],
      "9": [
         0.03302668407559395,
         -0.02453533373773098,
         0.03726816177368164
      ],
      "10": [
         0.04487153887748718,
         -0.00256955623626709,
         0.04616963863372803
      ],
      "11": [
         0.04490728676319122,
         0.012304984033107758,
         0.051694631576538086
      ],
      "12": [
         0.04359586164355278,
         0.02375200390815735,
         0.05704367160797119
      ],
      "13": [
         0.04108037054538727,
         0.03932368755340576,
         0.06332743167877197
      ],
      "14": [
         0.03776821866631508,
         0.05897478759288788,
         0.07544052600860596
      ],
      "15": [
         0.03561496362090111,
         0.06859055906534195,
         0.09273803234100342
      ],
      "16": [
         0.03303086385130882,
         0.07236067950725555,
         0.1080470085144043
      ],
      "17": [
         0.02638920396566391,
         0.07912904024124146,
         0.12216365337371826
      ],
      "18": [
         -0.0317329540848732,
         -0.01958329789340496,
         0.15559644997119904
      ],
      "19": [
         -0.02744598686695099,
         -0.019341733306646347,
         0.1586441695690155
      ],
      "20": [
         -0.017852259799838066,
         -0.018636435270309448,
         0.1632058024406433
      ],
      "21": [
         -0.008145333267748356,
         -0.01671665348112583,
         0.16534161567687988
      ],
      "22": [
         0.0027155522257089615,
         -0.013493689708411694,
         0.16438400745391846
      ],
      "23": [
         0.028691429644823074,
         0.00970427505671978,
         0.1631457656621933
      ],
      "24": [
         0.03362349793314934,
         0.01965799555182457,
         0.16447950899600983
      ],
      "25": [
         0.03718414157629013,
         0.029105305671691895,
         0.16262054443359375
      ],
      "26": [
         0.039152711629867554,
         0.03804371505975723,
         0.15822288393974304
      ],
      "27": [
         0.039971787482500076,
         0.042123597115278244,
         0.15511418879032135
      ],
      "28": [
         0.01798020862042904,
         -0.004115592688322067,
         0.15068280696868896
      ],
      "29": [
         0.02413335256278515,
         -0.010410530492663383,
         0.1407700777053833
      ],
      "30": [
         0.02876685932278633,
         -0.015323908999562263,
         0.1375732421875
      ],
      "31": [
         0.03602093085646629,
         -0.023206256330013275,
         0.13248860836029053
      ],
      "32": [
         0.01804349012672901,
         -0.025690093636512756,
         0.11411285400390625
      ],
      "33": [
         0.02614472433924675,
         -0.02503850683569908,
         0.11495089530944824
      ],
      "34": [
         0.03397243097424507,
         -0.0212168637663126,
         0.11508917808532715
      ],
      "35": [
         0.03841995447874069,
         -0.014479964971542358,
         0.11463344097137451
      ],
      "36": [
         0.04003980755805969,
         -0.006392616778612137,
         0.11376595497131348
      ],
      "37": [
         -0.0210411436855793,
         -0.02090005949139595,
         0.13751351833343506
      ],
      "38": [
         -0.010263048112392426,
         -0.021159164607524872,
         0.14581334590911865
      ],
      "39": [
         -0.003439108142629266,
         -0.01496095396578312,
         0.1454228162765503
      ],
      "40": [
         0.001740055624395609,
         -0.010466143488883972,
         0.13915574550628662
      ],
      "41": [
         -0.0018191228155046701,
         -0.016127942129969597,
         0.138311505317688
      ],
      "42": [
         -0.010674361139535904,
         -0.02241400070488453,
         0.13699603080749512
      ],
      "43": [
         0.026063106954097748,
         0.010581757873296738,
         0.13797056674957275
      ],
      "44": [
         0.03125070407986641,
         0.014953214675188065,
         0.1440868377685547
      ],
      "45": [
         0.0377177931368351,
         0.02165846899151802,
         0.14503049850463867
      ],
      "46": [
         0.03913159295916557,
         0.03197566419839859,
         0.13698577880859375
      ],
      "47": [
         0.03876791149377823,
         0.02126055210828781,
         0.13654792308807373
      ],
      "48": [
         0.03156641870737076,
         0.014100085943937302,
         0.1370772123336792
      ],
      "49": [
         0.019994767382740974,
         -0.03691862151026726,
         0.0862126350402832
      ],
      "50": [
         0.02285073697566986,
         -0.03522808477282524,
         0.09792757034301758
      ],
      "51": [
         0.029118414968252182,
         -0.03187999874353409,
         0.10807609558105469
      ],
      "52": [
         0.038018833845853806,
         -0.026612352579832077,
         0.10976636409759521
      ],
      "53": [
         0.04418836161494255,
         -0.018870733678340912,
         0.10767829418182373
      ],
      "54": [
         0.0477774403989315,
         -0.014033077284693718,
         0.09730899333953857
      ],
      "55": [
         0.04865721985697746,
         -0.013061974197626114,
         0.08623337745666504
      ],
      "56": [
         0.05110006779432297,
         -0.018370602279901505,
         0.07584285736083984
      ],
      "57": [
         0.04920395463705063,
         -0.02754707634449005,
         0.06994867324829102
      ],
      "58": [
         0.04290182515978813,
         -0.03551515191793442,
         0.06841564178466797
      ],
      "59": [
         0.03448037430644035,
         -0.040471576154232025,
         0.07037270069122314
      ],
      "60": [
         0.025332506746053696,
         -0.03969072178006172,
         0.07673442363739014
      ],
      "61": [
         0.018630534410476685,
         -0.032659437507390976,
         0.08479762077331543
      ],
      "62": [
         0.028791259974241257,
         -0.028792599216103554,
         0.09906458854675293
      ],
      "63": [
         0.034992944449186325,
         -0.024336036294698715,
         0.10064077377319336
      ],
      "64": [
         0.041422486305236816,
         -0.01875312253832817,
         0.09921896457672119
      ],
      "65": [
         0.04548754170536995,
         -0.010818462818861008,
         0.08441710472106934
      ],
      "66": [
         0.044226810336112976,
         -0.02323470637202263,
         0.0751957893371582
      ],
      "67": [
         0.03899962082505226,
         -0.030216559767723083,
         0.07449448108673096
      ],
      "68": [
         0.031159713864326477,
         -0.034842658787965775,
         0.07556331157684326
      ]
   },
   "keypoints_2d_coordinates": {
      "1": [
         494,
         201
      ],
      "2": [
         556,
         229
      ],
      "3": [
         635,
         245
      ],
      "4": [
         718,
         281
      ],