{
   "keypoints_3d_coordinates": {
      "1": [
         -0.05621415749192238,
         0.02210695669054985,
         0.13837742805480957
      ],
      "2": [
         -0.05448753759264946,
         0.016961030662059784,
         0.12154996395111084
      ],
      "3": [
         -0.05096433684229851,
         0.01766766607761383,
         0.10453581809997559
      ],
      "4": [
         -0.04559864476323128,
         0.015862641856074333,
         0.08614897727966309
      ],
      "5": [
         -0.03997991234064102,
         0.00808716006577015,
         0.07237422466278076
      ],
      "6": [
         -0.034701425582170486,
         -0.00436622928828001,
         0.06405627727508545
      ],
      "7": [
         -0.027996830642223358,
         -0.013626698404550552,
         0.05609738826751709
      ],
      "8": [
         -0.019328931346535683,
         -0.024069741368293762,
         0.04921376705169678
      ],
      "9": [
         0.0024419473484158516,
         -0.03296118974685669,
         0.04086935520172119
      ],
      "10": [
         0.02508937567472458,
         -0.025213437154889107,
         0.04859185218811035
      ],
      "11": [
         0.03356407210230827,
         -0.014909889549016953,
         0.054575562477111816
      ],
      "12": [
         0.041861392557621,
         -0.006332380697131157,
         0.061626434326171875
      ],
      "13": [
         0.04758463427424431,
         0.005486326292157173,
         0.06937670707702637
      ],
      "14": [
         0.05359502136707306,
         0.012933248654007912,
         0.08312761783599854
      ],
      "15": [
         0.05922603979706764,
         0.015069477260112762,
         0.10133349895477295
      ],
      "16": [
         0.06286551058292389,
         0.014344356954097748,
         0.11784327030181885
      ],
      "17": [
         0.06653795391321182,
         0.017207249999046326,
         0.13438010215759277
      ],
      "18": [
         -0.03977534547448158,
         -0.022745605558156967,
         0.15928888320922852
      ],
      "19": [
         -0.03699839487671852,
         -0.026724178344011307,
         0.16128718852996826
      ],
      "20": [
         -0.030366841703653336,
         -0.03451967611908913,
         0.16326844692230225
      ],
      "21": [
         -0.022743742913007736,
         -0.04019787907600403,
         0.16337263584136963
      ],
      "22": [
         -0.012773944064974785,
         -0.044421326369047165,
         0.1601877212524414
      ],
      "23": [
         0.018687156960368156,
         -0.045479629188776016,
         0.15945839881896973
      ],
      "24": [
         0.02870030701160431,
         -0.041219476610422134,
         0.16211223602294922
      ],
      "25": [
         0.03657355532050133,
         -0.036071278154850006,
         0.16192317008972168
      ],
      "26": [
         0.0432993546128273,
         -0.029598627239465714,
         0.15924382209777832
      ],
      "27": [
         0.04628005623817444,
         -0.026028525084257126,
         0.15687596797943115
      ],
      "28": [
         0.0028069724794477224,
         -0.0443805530667305,
         0.1456519365310669
      ],
      "29": [
         0.0028343696612864733,
         -0.050217337906360626,
         0.1323530673980713
      ],
      "30": [
         0.0027992960531264544,
         -0.05598751828074455,
         0.1240917444229126
      ],
      "31": [
         0.003119584172964096,
         -0.06218142434954643,
         0.11010026931762695
      ],
      "32": [
         -0.00926902424544096,
         -0.04161091893911362,
         0.10122156143188477
      ],
      "33": [
         -0.003844862338155508,
         -0.046327199786901474,
         0.09758985042572021
      ],
      "34": [
         0.0037373474333435297,
         -0.05011511966586113,
         0.0956411361694336
      ],
      "35": [
         0.010663527064025402,
         -0.046715252101421356,
         0.09760475158691406
      ],
      "36": [
         0.016194239258766174,
         -0.04148416221141815,
         0.10117721557617188
      ],
      "37": [
         -0.0342111699283123,
         -0.025683267042040825,
         0.1393284797668457
      ],
      "38": [
         -0.02632823772728443,
         -0.03365299105644226,
         0.14526689052581787
      ],
      "39": [
         -0.018250253051519394,
         -0.03443225473165512,
         0.14475858211517334
      ],
      "40": [
         -0.012288520112633705,
         -0.03268134593963623,
         0.13795769214630127
      ],
      "41": [
         -0.01811091974377632,
         -0.03422985225915909,
         0.1365877389907837
      ],
      "42": [
         -0.027283180505037308,
         -0.03313283622264862,
         0.13620328903198242
      ],
      "43": [
         0.01733379438519478,
         -0.033726684749126434,
         0.1373438835144043
      ],
      "44": [
         0.024021269753575325,
         -0.035962142050266266,
         0.14322781562805176
      ],
      "45": [
         0.032453060150146484,
         -0.03502839431166649,
         0.1435410976409912
      ],
      "46": [
         0.038842737674713135,
         -0.028307035565376282,
         0.13708257675170898
      ],
      "47": [
         0.031638942658901215,
         -0.03472967445850372,
         0.13452494144439697
      ],
      "48": [
         0.02267318032681942,
         -0.034717679023742676,
         0.13521599769592285
      ],
      "49": [
         -0.017988191917538643,
         -0.03402049094438553,
         0.07827436923980713
      ],
      "50": [
         -0.013709574937820435,
         -0.03956928104162216,
         0.08348298072814941
      ],
      "51": [
         -0.005901696160435677,
         -0.045745983719825745,
         0.08680224418640137
      ],
      "52": [
         0.0031328857876360416,
         -0.048120174556970596,
         0.08620882034301758
      ],
      "53": [
         0.011908971704542637,
         -0.046193789690732956,
         0.08739578723907471
      ],
      "54": [
         0.01968224346637726,
         -0.04008834436535835,
         0.08375906944274902
      ],
      "55": [
         0.023586077615618706,
         -0.03381859138607979,
         0.0788123607635498
      ],
      "56": [
         0.01975955069065094,
         -0.0373067781329155,
         0.07443511486053467
      ],
      "57": [
         0.011744428426027298,
         -0.043620966374874115,
         0.07143378257751465
      ],
      "58": [
         0.0033381974790245295,
         -0.04517420381307602,
         0.0703737735748291
      ],
      "59": [
         -0.006123049184679985,
         -0.04333951324224472,
         0.0709456205368042
      ],
      "60": [
         -0.013720635324716568,
         -0.03732141852378845,
         0.07364964485168457
      ],
      "61": [
         -0.016965476796030998,
         -0.02961794100701809,
         0.07757174968719482
      ],
      "62": [
         -0.005171444267034531,
         -0.0388677679002285,
         0.0810631513595581
      ],
      "63": [
         0.0032482114620506763,
         -0.04064226523041725,
         0.08074414730072021
      ],
      "64": [
         0.010893767699599266,
         -0.03930080682039261,
         0.08155190944671631
      ],
      "65": [
         0.023276906460523605,
         -0.029506070539355278,
         0.07832551002502441
      ],
      "66": [
         0.011011019349098206,
         -0.03839539736509323,
         0.07858395576477051
      ],
      "67": [
         0.003110995516180992,
         -0.04005299508571625,
         0.07769501209259033
      ],
      "68": [
         -0.005334250628948212,
         -0.038323983550071716,
         0.07792282104492188
      ]
   },
   "keypoints_2d_coordinates": {
      "1": [
         54,
         32
      ],
      "2": [
         63,
         33
      ],
      "3": [
         73,
         35
      ],