{
   "face_expression": {
      "name": "mouth_open",
      "intensity_level": 5
   },
   "identity_label": {
      "age": "young",
      "ethnicity": "south_asian",
      "gender": "female"
   },
   "facial_hair_included": false,
   "identity_id": "bba0a97c-1dfb-42f0-a975-350d644ea874",
   "head_metadata": {
      "head_root_location": {
         "x": 0.0,
         "y": 0.0,
         "z": 0.0
      },
      "head_rotation": {
         "pitch": -19.99999941818584,
         "yaw": 41.470582960905034,
         "roll": 1.5236255593586712
      },
      "head_six_dof": {
         "location": {
            "x": 0.01798000931739807,
            "y": -0.004115652292966843,
            "z": 0.15068282186985016
         },
         "look_at_vector": {
            "x": 0.6132266965518925,
            "y": -0.6742781233568249,
            "z": 0.4114632802552998
         }
      }
   },
   "apex_of_cornea_point": {
      "2d": {
         "camera": {
            "right_eye": {
               "x": 402,
               "y": 488
            },
            "left_eye": {
               "x": 409,
               "y": 677
            }
         }
      },
      "3d": {
         "right_eye": {
            "x": -0.005184165667742491,
            "y": -0.01568753272294998,
            "z": 0.14381514489650726
         },
         "left_eye": {
            "x": 0.0364781990647316,
            "y": 0.021058842539787292,
            "z": 0.14289894700050354
         }
      }
   },
   "center_of_rotation_point": {
      "2d": {
         "camera": {
            "right_eye": {
               "x": 435,
               "y": 452
            },
            "left_eye": {
               "x": 441,
               "y": 637
            }
         }
      },
      "3d": {
         "right_eye": {
            "x": -0.0129628237336874,
            "y": -0.010576408356428146,
            "z": 0.13663198053836823
         },
         "left_eye": {
            "x": 0.027698732912540436,
            "y": 0.025261303409934044,
            "z": 0.13571318984031677
         }
      }
   },
   "iris_circle": {
      "2d": {
         "camera": {
            "right_eye": [
               {
                  "x": 386,
                  "y": 469
               },
               {
                  "x": 391,
                  "y": 479
               },
               {
                  "x": 401,
                  "y": 490
               },
               {
                  "x": 413,
                  "y": 499
               },
               {
                  "x": 423,
                  "y": 502
               },
               {
                  "x": 430,
                  "y": 500
               },
               {
                  "x": 431,
                  "y": 493
               },
               {
                  "x": 426,
                  "y": 482
               },
               {
                  "x": 416,
                  "y": 471
               },
               {
                  "x": 405,
                  "y": 463
               },
               {
                  "x": 394,
                  "y": 459
               },
               {
                  "x": 387,
                  "y": 461
               }
            ],
            "left_eye": [
               {
                  "x": 393,
                  "y": 655
               },
               {
                  "x": 399,
                  "y": 665
               },
               {
                  "x": 410,
                  "y": 675
               },
               {
                  "x": 421,
                  "y": 683
               },
               {
                  "x": 431,
                  "y": 687
               },
               {
                  "x": 437,
                  "y": 686
               },
               {
                  "x": 437,
                  "y": 680
               },
               {
                  "x": 431,
                  "y": 670
               },
               {
                  "x": 421,
                  "y": 661
               },
               {
                  "x": 410,
                  "y": 653
               },
               {
                  "x": 399,
                  "y": 649
               },
               {
                  "x": 394,
                  "y": 650
               }
            ]
         }
      },
      "3d": {
         "right_eye": [
            {
               "x": -0.009414722211658955,
               "y": -0.011707558296620846,
               "z": 0.14739932119846344
            },
            {
               "x": -0.007175747770816088,
               "y": -0.009694651700556278,
               "z": 0.14633780717849731
            },
            {
               "x": -0.004780569579452276,
               "y": -0.008986689150333405,
               "z": 0.1442096084356308
            },
            {
               "x": -0.0029080642852932215,
               "y": -0.009796792641282082,
               "z": 0.14157751202583313
            },
            {
               "x": -0.002128567546606064,
               "y": -0.01189844124019146,
               "z": 0.13924551010131836
            },
            {
               "x": -0.0025862345937639475,
               "y": -0.01470470055937767,
               "z": 0.13779529929161072
            },
            {
               "x": -0.004141948185861111,
               "y": -0.017499754205346107,
               "z": 0.1375637650489807
            },
            {
               "x": -0.006426590960472822,
               "y": -0.019532717764377594,
               "z": 0.13861896097660065
            },
            {
               "x": -0.008794860914349556,
               "y": -0.020307041704654694,
               "z": 0.1406494826078415
            },
            {
               "x": -0.010629513300955296,
               "y": -0.019566088914871216,
               "z": 0.1431487500667572
            },
            {
               "x": -0.01143905520439148,
               "y": -0.017402853816747665,
               "z": 0.14553692936897278
            },
            {
               "x": -0.010995553806424141,
               "y": -0.01453124824911356,
               "z": 0.14712437987327576
            }
         ],
         "left_eye": [
            {
               "x": 0.03184518218040466,
               "y": 0.02495814487338066,
               "z": 0.14636600017547607
            },
            {
               "x": 0.033942513167858124,
               "y": 0.027160393074154854,
               "z": 0.1450589895248413
            },
            {
               "x": 0.03615521267056465,
               "y": 0.027913151308894157,
               "z": 0.14278800785541534
            },
            {
               "x": 0.03793605417013168,
               "y": 0.02710755728185177,
               "z": 0.14012496173381805
            },
            {
               "x": 0.03877142444252968,
               "y": 0.02501504495739937,
               "z": 0.13794386386871338
            },
            {
               "x": 0.038478147238492966,
               "y": 0.02214675210416317,
               "z": 0.13671153783798218
            },
            {
               "x": 0.037071600556373596,
               "y": 0.01917245425283909,
               "z": 0.13666599988937378
            },
            {
               "x": 0.034989096224308014,
               "y": 0.016992274671792984,
               "z": 0.1378973424434662
            },
            {
               "x": 0.032822392880916595,
               "y": 0.01613321155309677,
               "z": 0.14003627002239227
            },
            {
               "x": 0.031131038442254066,
               "y": 0.016831979155540466,
               "z": 0.14256736636161804
            },
            {
               "x": 0.03027251735329628,
               "y": 0.01897580921649933,