{
   "body": {
      "eye": {
         "left": {
            "outer": {
               "global_3d": {
                  "x": 0.0317029170691967,
                  "y": 0.6112008690834045,
                  "z": 1.270985722541809
               },
               "pixel_2d": {
                  "x": 67,
                  "y": 189
               }
            },
            "center": {
               "global_3d": {
                  "x": 0.045563471503555775,
                  "y": 0.6156622469425201,
                  "z": 1.2693950235843658
               },
               "pixel_2d": {
                  "x": 67,
                  "y": 185
               }
            },
            "inner": {
               "global_3d": {
                  "x": 0.0600212998688221,
                  "y": 0.6135678291320801,
                  "z": 1.2667531967163086
               },
               "pixel_2d": {
                  "x": 67,
                  "y": 179
               }
            }
         },
         "right": {
            "center": {
               "global_3d": {
                  "x": 0.11386282742023468,
                  "y": 0.6096202582120895,
                  "z": 1.2636318504810333
               },
               "pixel_2d": {
                  "x": 65,
                  "y": 157
               }
            },
            "outer": {
               "global_3d": {
                  "x": 0.12683823704719543,
                  "y": 0.6028550863265991,
                  "z": 1.2629762887954712
               },
               "pixel_2d": {
                  "x": 65,
                  "y": 150
               }
            },
            "inner": {
               "global_3d": {
                  "x": 0.09964399039745331,
                  "y": 0.6102087497711182,
                  "z": 1.2632687091827393
               },
               "pixel_2d": {
                  "x": 66,
                  "y": 163
               }
            }
         }
      },
      "ear": {
         "left": {
            "global_3d": {
               "x": -0.008233926924211639,
               "y": 0.5273564159870148,
               "z": 1.236067269529615
            },
            "pixel_2d": {
               "x": 89,
               "y": 181
            }
         },
         "right": {
            "global_3d": {
               "x": 0.14366794324346951,
               "y": 0.5135956310800144,
               "z": 1.2231799449239458
            },
            "pixel_2d": {
               "x": 88,
               "y": 121
            }
         }
      },
      "nose": {
         "global_3d": {
            "x": 0.07971389591693878,
            "y": 0.6506014466285706,
            "z": 1.2319433689117432
         },
         "pixel_2d": {
            "x": 80,
            "y": 182
         }
      },
      "mouth": {
         "left": {
            "global_3d": {
               "x": 0.04834282398223877,
               "y": 0.630924642086029,
               "z": 1.1910121440887451
            },
            "pixel_2d": {
               "x": 101,
               "y": 188
            }
         },
         "right": {
            "global_3d": {
               "x": 0.0990627184510231,
               "y": 0.6267606019973755,
               "z": 1.1857491731643677
            },
            "pixel_2d": {
               "x": 102,
               "y": 167
            }
         }
      },
      "heel": {
         "right": {
            "global_3d": {
               "x": 0.12573014199733734,
               "y": 1.2615779638290405,
               "z": 0.18518134951591492
            },
            "pixel_2d": {
               "x": 1017,
               "y": 489
            }
         },
         "left": {
            "global_3d": {
               "x": -0.18034644424915314,
               "y": 1.3066027164459229,
               "z": 0.15576277673244476
            },
            "pixel_2d": {
               "x": 813,
               "y": 608
            }
         }
      },
      "hip": {
         "right": {
            "global_3d": {
               "x": 0.16783194189391484,
               "y": 0.640159918040764,
               "z": 0.5906278243878993
            },
            "pixel_2d": {
               "x": 407,
               "y": 138
            }
         },
         "left": {
            "global_3d": {
               "x": -0.05772882999806869,
               "y": 0.6502616943382635,
               "z": 0.6056045788090404
            },
            "pixel_2d": {
               "x": 366,
               "y": 230
            }
         }
      },
      "elbow": {
         "right": {
            "global_3d": {
               "x": 0.29261404275894165,
               "y": 0.853216989473863,
               "z": 0.8687939535487782
            },
            "pixel_2d": {
               "x": 293,
               "y": 141
            }
         },
         "left": {
            "global_3d": {
               "x": -0.22059834545308893,
               "y": 0.8603336702693593,
               "z": 0.9035197713158347
            },
            "pixel_2d": {
               "x": 234,
               "y": 351
            }
         }
      },
      "wrist": {
         "right": {
            "global_3d": {
               "x": 0.1993542400499185,
               "y": 1.0876238842805226,
               "z": 0.9436996728181839
            },
            "pixel_2d": {
               "x": 254,
               "y": 307
            }
         },
         "left": {
            "global_3d": {
               "x": -0.10536808023850124,
               "y": 1.0928020874659221,
               "z": 0.9491952086488405
            },
            "pixel_2d": {
               "x": 228,
               "y": 427
            }
         }
      },
      "shoulder": {
         "left": {
            "global_3d": {
               "x": -0.1201617643237114,
               "y": 0.5873688459396362,
               "z": 1.012898325920105
            },
            "pixel_2d": {
               "x": 182,
               "y": 233
            }
         },
         "right": {
            "global_3d": {
               "x": 0.22808105498552322,
               "y": 0.5959696471691132,
               "z": 1.0134045481681824
            },
            "pixel_2d": {
               "x": 186,
               "y": 101
            }
         }
      },
      "pinky": {
         "left": {
            "global_3d": {
               "x": -0.09332166115442912,
               "y": 1.1800669133663177,
               "z": 0.9191947182019552
            },
            "pixel_2d": {
               "x": 254,
               "y": 478
            }
         },
         "right": {
            "global_3d": {
               "x": 0.20120991269747415,
               "y": 1.1976823773649004,
               "z": 0.9434292763471603
            },
            "pixel_2d": {
               "x": 268,
               "y": 385
            }
         }
      },
      "knee": {
         "right": {
            "global_3d": {
               "x": 0.24136744905263186,
               "y": 1.085799512763818,
               "z": 0.6309144757688046
            },
            "pixel_2d": {
               "x": 531,
               "y": 284
            }
         },
         "left": {
            "global_3d": {
               "x": -0.12912727830310664,
               "y": 1.110459064443906,
               "z": 0.606928584476312
            },
            "pixel_2d": {
               "x": 437,
               "y": 447
            }
         }
      },
      "foot": {
         "right": {
            "index": {
               "global_3d": {
                  "x": 0.18106388673186302,
                  "y": 1.4631823003292084,
                  "z": 0.34079594247870976
               },
               "pixel_2d": {
                  "x": 1251,
                  "y": 771
               }
            }
         },