{
   "feet": {
      "right": {
         "heel": {
            "global_3d": {
               "x": 0.12573014199733734,
               "y": 1.2615779638290405,
               "z": 0.18518134951591492
            },
            "pixel_2d": {
               "x": 1017,
               "y": 489
            }
         },
         "index": {
            "global_3d": {
               "x": 0.18106388673186302,
               "y": 1.4631823003292084,
               "z": 0.34079594247870976
            },
            "pixel_2d": {
               "x": 1251,
               "y": 771
            }
         },
         "pinky": {
            "global_3d": {
               "x": 0.22247805363602108,
               "y": 1.4322632683648004,
               "z": 0.27386588437689674
            },
            "pixel_2d": {
               "x": 1389,
               "y": 707
            }
         }
      },
      "left": {
         "heel": {
            "global_3d": {
               "x": -0.18034644424915314,
               "y": 1.3066027164459229,
               "z": 0.15576277673244476
            },
            "pixel_2d": {
               "x": 813,
               "y": 608
            }
         },
         "pinky": {
            "global_3d": {
               "x": -0.17640808390246498,
               "y": 1.4605619543128543,
               "z": 0.30900905529658
            },
            "pixel_2d": {
               "x": 803,
               "y": 764
            }
         },
         "index": {
            "global_3d": {
               "x": -0.10357098115815057,
               "y": 1.4670771294169955,
               "z": 0.35067615575260586
            },
            "pixel_2d": {
               "x": 830,
               "y": 771
            }
         }
      }
   }
}