{
   "version": "1.0.0",
   "eyelid_closure_intensity_level": 3,
   "center_of_rotation_point": {
      "2d": {
         "camera": {
            "right_eye": {
               "x": 35.394360325573125,
               "y": 45.01838647358954
            },
            "left_eye": {
               "x": 34.41976952713818,
               "y": 82.19346954822683
            }
         }
      },
      "3d": {
         "right_eye": {
            "x": -0.03215881809592247,
            "y": -0.049387603998184204,
            "z": 0.16846393048763275
         },
         "left_eye": {
            "x": 0.030812855809926987,
            "y": -0.04992496222257614,
            "z": 0.1700977236032486
         }
      }
   },
   "face_expression": {
      "intensity_level": 2.888385415632772,
      "name": "anger"
   },
   "center_of_iris_point": {
      "2d": {
         "camera": {
            "right_eye": {
               "x": 35.49509139499186,
               "y": 42.01651632932563
            },
            "left_eye": {
               "x": 34.514035878801366,
               "y": 79.96358217578093
            }
         }
      },
      "3d": {
         "right_eye": {
            "x": -0.03702728450298309,
            "y": -0.05843568965792656,
            "z": 0.16801147162914276
         },
         "left_eye": {
            "x": 0.026871468871831894,
            "y": -0.059373535215854645,
            "z": 0.1696336716413498
         }
      }
   },
   "identity_label": {
      "age": "old",
      "ethnicity": "south_asian",
      "gender": "female"
   },
   "center_of_pupil_point": {
      "2d": {
         "camera": {
            "right_eye": {
               "x": 35.49154274813933,
               "y": 42.12766676475184
            },
            "left_eye": {
               "x": 34.51076856588671,
               "y": 80.04645475835017
            }
         }
      },
      "3d": {
         "right_eye": {
            "x": -0.0368480384349823,
            "y": -0.058102305978536606,
            "z": 0.1680278331041336
         },
         "left_eye": {
            "x": 0.027017081156373024,
            "y": -0.0590248666703701,
            "z": 0.16965040564537048
         }
      }
   },
   "iris_circle": {
      "2d": {
         "camera": {
            "right_eye": [
               {
                  "x": 31.373827146473833,
                  "y": 41.95403015287964
               },
               {
                  "x": 31.92681941565928,
                  "y": 43.752654800012294
               },
               {
                  "x": 33.439023485753935,
                  "y": 45.080022218894555
               },
               {
                  "x": 35.50490883825577,
                  "y": 45.57777282112315
               },
               {
                  "x": 37.56777769954906,
                  "y": 45.111232655031046
               },
               {
                  "x": 39.07240457936672,
                  "y": 43.80725348991869
               },
               {
                  "x": 39.615846516906274,
                  "y": 42.01775622008192
               },
               {
                  "x": 39.05586052111901,
                  "y": 40.22396752023867
               },
               {
                  "x": 37.544501145101584,
                  "y": 38.904322519388224
               },
               {
                  "x": 35.48674767320098,
                  "y": 38.4096298395644
               },
               {
                  "x": 33.430810337435354,
                  "y": 38.87182007771678
               },
               {
                  "x": 31.925269071795338,
                  "y": 40.168114223386276
               }
            ],
            "left_eye": [
               {
                  "x": 30.38877968634172,
                  "y": 79.92153158575265
               },
               {
                  "x": 30.938681491338354,
                  "y": 81.84247805091913
               },
               {
                  "x": 32.44933388606398,
                  "y": 83.25551274378408
               },
               {
                  "x": 34.51540100055158,
                  "y": 83.77965253093932
               },
               {
                  "x": 36.58064540455474,
                  "y": 83.27312727206069
               },
               {
                  "x": 38.089699367599486,
                  "y": 81.87346492218458
               },
               {
                  "x": 38.63877207585103,
                  "y": 79.95819762146928
               },
               {
                  "x": 38.08337580472876,
                  "y": 78.04100979183795
               },
               {
                  "x": 36.57381016450169,
                  "y": 76.63472552526012
               },
               {
                  "x": 34.514635510329434,
                  "y": 76.11344119454532
               },
               {
                  "x": 32.45487966189545,
                  "y": 76.61583899933159
               },
               {
                  "x": 30.94481287558249,
                  "y": 78.00861838670549
               }
            ]
         }
      },
      "3d": {
         "right_eye": [
            {
               "x": -0.03712265565991402,
               "y": -0.05884568393230438,
               "z": 0.1749383956193924
            },
            {
               "x": -0.034058671444654465,
               "y": -0.060442496091127396,
               "z": 0.17395126819610596
            },
            {
               "x": -0.03180346265435219,
               "y": -0.06152627244591713,
               "z": 0.17137135565280914
            },
            {
               "x": -0.030961135402321815,
               "y": -0.061806242913007736,
               "z": 0.16788999736309052
            },
            {
               "x": -0.03175757825374603,
               "y": -0.06120750680565834,
               "z": 0.1644403487443924
            },
            {
               "x": -0.033979013562202454,
               "y": -0.05989024043083191,
               "z": 0.16194650530815125
            },
            {
               "x": -0.0370306670665741,
               "y": -0.05820790305733681,
               "z": 0.1610768586397171
            },
            {
               "x": -0.04009391739964485,
               "y": -0.05661098286509514,
               "z": 0.16206371784210205
            },
            {
               "x": -0.04234897345304489,
               "y": -0.055527206510305405,
               "z": 0.16464367508888245
            },
            {
               "x": -0.04319159314036369,
               "y": -0.05524732917547226,
               "z": 0.16812485456466675
            },
            {
               "x": -0.04239506274461746,
               "y": -0.05584622174501419,
               "z": 0.17157487571239471
            },
            {
               "x": -0.0401737205684185,
               "y": -0.057163357734680176,
               "z": 0.17406879365444183
            }
         ],
         "left_eye": [
            {
               "x": 0.026793334633111954,
               "y": -0.059796079993247986,
               "z": 0.17656219005584717
            },
            {
               "x": 0.030000828206539154,
               "y": -0.06108592450618744,
               "z": 0.17559020221233368
            },
            {
               "x": 0.03235869109630585,
               "y": -0.06194396689534187,
               "z": 0.17302057147026062
            },
            {
               "x": 0.03323526680469513,
               "y": -0.06213996559381485,
               "z": 0.16954225301742554
            },
            {
               "x": 0.03239508718252182,
               "y": -0.0616212822496891,
               "z": 0.16608761250972748
            },
            {
               "x": 0.030063839629292488,
               "y": -0.060527294874191284,