{
   "version": "1.0.0",
   "center_of_rotation_point": {
      "2d": {
         "camera": {
            "right_eye": {
               "x": 46.90670517623595,
               "y": 48.238386341808585
            },
            "left_eye": {
               "x": 46.786801755279086,
               "y": 83.17671667830915
            }
         }
      },
      "3d": {
         "right_eye": {
            "x": -0.026876874268054962,
            "y": -0.03931814432144165,
            "z": 0.14914767444133759
         },
         "left_eye": {
            "x": 0.03270279988646507,
            "y": -0.039200976490974426,
            "z": 0.14935433864593506
         }
      }
   },
   "accessories": [],
   "identity_id": "93bbf4f7-acc6-4883-9142-7f8821964afd",
   "face_expression": {
      "name": "anger",
      "intensity_level": 2.608867369083987
   },
   "facial_hair_included": false,
   "eye_gaze": {
      "axis_directions": {
         "right_eye": {
            "axis_directions": {
               "visual_axis_direction": {
                  "x": -0.0558774680591719,
                  "y": -0.974371683792965,
                  "z": 0.2178933922489586
               },
               "optical_axis_direction": {
                  "x": -0.11958507397157914,
                  "y": -0.9687611515389674,
                  "z": 0.21725846669832194
               }
            }
         },
         "left_eye": {
            "axis_directions": {
               "visual_axis_direction": {
                  "x": -0.3710346248280885,
                  "y": -0.9029590033749851,
                  "z": 0.21679101780916366
               },
               "optical_axis_direction": {
                  "x": -0.11532882741553713,
                  "y": -0.9692005203738814,
                  "z": 0.21759966193437622
               }
            }
         }
      },
      "target_point": {
         "right_eye": {
            "x": -0.12309041619300842,
            "y": -1.0792070627212524,
            "z": 0.3806230127811432
         },
         "left_eye": {
            "x": -0.12309041619300842,
            "y": -1.0792070627212524,
            "z": 0.3806230127811432
         }
      },
      "eye_gaze_direction_type": "custom"
   },
   "pupil_circle": {
      "2d": {
         "camera": {
            "right_eye": [
               {
                  "x": 44.25287864424836,
                  "y": 47.55113557925945
               },
               {
                  "x": 44.43113392847878,
                  "y": 48.27708436828511
               },
               {
                  "x": 44.944435491360395,
                  "y": 48.80274272393713
               },
               {
                  "x": 45.65485426490516,
                  "y": 48.98702214934447
               },
               {
                  "x": 46.37207955879274,
                  "y": 48.780609708351925
               },
               {
                  "x": 46.90392429907206,
                  "y": 48.238541012103525
               },
               {
                  "x": 47.10758768064343,
                  "y": 47.50611605557936
               },
               {
                  "x": 46.92864394474318,
                  "y": 46.779922224804146
               },
               {
                  "x": 46.415486551873364,
                  "y": 46.25463987547345
               },
               {
                  "x": 45.705231844727216,
                  "y": 46.07075548097044
               },
               {
                  "x": 44.988335705789396,
                  "y": 46.27746404687704
               },
               {
                  "x": 44.45679567440696,
                  "y": 46.81932582607713
               }
            ],
            "left_eye": [
               {
                  "x": 44.006359277282655,
                  "y": 82.6776071914388
               },
               {
                  "x": 44.19757056861581,
                  "y": 83.44172527407153
               },
               {
                  "x": 44.73767775727091,
                  "y": 83.99652770854581
               },
               {
                  "x": 45.482449089723445,
                  "y": 84.19312923013908
               },
               {
                  "x": 46.23253764454349,
                  "y": 83.97898156449371
               },
               {
                  "x": 46.7866652648879,
                  "y": 83.41110259754664
               },
               {
                  "x": 46.995696626688755,
                  "y": 82.64175386093224
               },
               {
                  "x": 46.80421956550771,
                  "y": 81.87716604518154
               },
               {
                  "x": 46.26333782321283,
                  "y": 81.32244139441111
               },
               {
                  "x": 45.51798613094707,
                  "y": 81.12625652461078
               },
               {
                  "x": 44.76864821863725,
                  "y": 81.34091849285463
               },
               {
                  "x": 44.21537242130335,
                  "y": 81.90873722981881
               }
            ]
         }
      },
      "3d": {
         "right_eye": [
            {
               "x": -0.027904724702239037,
               "y": -0.047333721071481705,
               "z": 0.15350006520748138
            },
            {
               "x": -0.026669377461075783,
               "y": -0.04755546152591705,
               "z": 0.1531929224729538
            },
            {
               "x": -0.025772646069526672,
               "y": -0.04786285012960434,
               "z": 0.15231585502624512
            },
            {
               "x": -0.02545502781867981,
               "y": -0.048173971474170685,
               "z": 0.15110483765602112
            },
            {
               "x": -0.025801170617341995,
               "y": -0.04840469732880592,
               "z": 0.14988431334495544
            },
            {
               "x": -0.026718594133853912,
               "y": -0.04849390313029289,
               "z": 0.1489810198545456
            },
            {
               "x": -0.027961574494838715,
               "y": -0.04841708764433861,
               "z": 0.14863719046115875
            },
            {
               "x": -0.029196847230196,
               "y": -0.048194993287324905,
               "z": 0.148944690823555
            },
            {
               "x": -0.030093424022197723,
               "y": -0.0478878915309906,
               "z": 0.14982065558433533
            },
            {
               "x": -0.03041134588420391,
               "y": -0.047577422112226486,
               "z": 0.15103134512901306
            },
            {
               "x": -0.030065206810832024,
               "y": -0.04734620451927185,
               "z": 0.15225213766098022
            },
            {
               "x": -0.02914765104651451,
               "y": -0.0472567155957222,
               "z": 0.15315577387809753
            }
         ],
         "left_eye": [
            {
               "x": 0.03168031573295593,
               "y": -0.047596678137779236,
               "z": 0.1539125293493271
            },
            {
               "x": 0.03297156095504761,
               "y": -0.04782385006546974,
               "z": 0.15358328819274902
            },
            {
               "x": 0.0339055173099041,
               "y": -0.04814162105321884,
               "z": 0.15266062319278717
            },
            {
               "x": 0.03423173353075981,
               "y": -0.04846503213047981,
               "z": 0.15139126777648926
            },
            {
               "x": 0.03386341407895088,
               "y": -0.048707492649555206,
               "z": 0.1501149982213974
            },
            {
               "x": 0.032898835837841034,