{
   "version": "1.0.0",
   "face_expression": {
      "intensity_level": 4.879554857025184,
      "name": "none"
   },
   "accessories": [],
   "head_metadata": {
      "head_six_dof": {
         "location": {
            "x": 0.002614497672766447,
            "y": -0.07438118010759354,
            "z": 0.17784535884857178
         },
         "look_at_vector": {
            "x": 8.74227803627227e-08,
            "y": -0.9999999999999962,
            "z": 9.553428304548457e-16
         }
      },
      "head_rotation": {
         "yaw": 0.0,
         "roll": 0.0,
         "pitch": 0.0
      },
      "head_root_location": {
         "x": 0.0,
         "y": 0.0,
         "z": 0.0
      }
   },
   "center_of_pupil_point": {
      "2d": {
         "camera": {
            "right_eye": {
               "x": 31.959396975753755,
               "y": 48.987985475726624
            },
            "left_eye": {
               "x": 32.656737789707115,
               "y": 86.37807666050662
            }
         }
      },
      "3d": {
         "right_eye": {
            "x": -0.02516675367951393,
            "y": -0.06564970314502716,
            "z": 0.17371417582035065
         },
         "left_eye": {
            "x": 0.037512633949518204,
            "y": -0.06576777249574661,
            "z": 0.172541081905365
         }
      }
   },
   "center_of_iris_point": {
      "2d": {
         "camera": {
            "right_eye": {
               "x": 31.921563143362416,
               "y": 49.03433160934882
            },
            "left_eye": {
               "x": 32.618319610861576,
               "y": 86.4587739224888
            }
         }
      },
      "3d": {
         "right_eye": {
            "x": -0.025082984939217567,
            "y": -0.06602105498313904,
            "z": 0.17376458644866943
         },
         "left_eye": {
            "x": 0.03763918578624725,
            "y": -0.06612320989370346,
            "z": 0.17259329557418823
         }
      }
   },
   "iris_circle": {
      "2d": {
         "camera": {
            "right_eye": [
               {
                  "x": 27.754853178087693,
                  "y": 49.01177670451702
               },
               {
                  "x": 28.364758478339446,
                  "y": 51.07405252072138
               },
               {
                  "x": 29.923001489299676,
                  "y": 52.593059558854975
               },
               {
                  "x": 32.01366115566517,
                  "y": 53.16321005261392
               },
               {
                  "x": 34.07776162532201,
                  "y": 52.63214714145874
               },
               {
                  "x": 35.56297747327958,
                  "y": 51.14008088981876
               },
               {
                  "x": 36.07073959809482,
                  "y": 49.085448983214306
               },
               {
                  "x": 35.46298598871176,
                  "y": 47.01902728769091
               },
               {
                  "x": 33.90182792827866,
                  "y": 45.49563587079199
               },
               {
                  "x": 31.80654780031311,
                  "y": 44.925170706409965
               },
               {
                  "x": 29.740310586796593,
                  "y": 45.46096100803142
               },
               {
                  "x": 28.257676863373494,
                  "y": 46.957510381350716
               }
            ],
            "left_eye": [
               {
                  "x": 28.495768339201515,
                  "y": 86.42526344989295
               },
               {
                  "x": 29.14898561936804,
                  "y": 88.37874153648673
               },
               {
                  "x": 30.726593815421385,
                  "y": 89.82288115529585
               },
               {
                  "x": 32.80705529637183,
                  "y": 90.37277837690375
               },
               {
                  "x": 34.8351702797081,
                  "y": 89.8816935000057
               },
               {
                  "x": 36.26941511791086,
                  "y": 88.47903008885
               },
               {
                  "x": 36.72413452178673,
                  "y": 86.5386468011406
               },
               {
                  "x": 36.07500905082982,
                  "y": 84.58026881639022
               },
               {
                  "x": 34.494590217961395,
                  "y": 83.13015051934606
               },
               {
                  "x": 32.407344816226235,
                  "y": 82.57913877553574
               },
               {
                  "x": 30.375159109989337,
                  "y": 83.07550831068546
               },
               {
                  "x": 28.943995153675814,
                  "y": 84.48423492080022
               }
            ]
         }
      },
      "3d": {
         "right_eye": [
            {
               "x": -0.025134311988949776,
               "y": -0.06519521027803421,
               "z": 0.18078084290027618
            },
            {
               "x": -0.021685075014829636,
               "y": -0.06455296277999878,
               "z": 0.17978307604789734
            },
            {
               "x": -0.019139457494020462,
               "y": -0.06433407217264175,
               "z": 0.1771770566701889
            },
            {
               "x": -0.018179696053266525,
               "y": -0.06459743529558182,
               "z": 0.17365998029708862
            },
            {
               "x": -0.019062217324972153,
               "y": -0.0652725100517273,
               "z": 0.1701751947402954
            },
            {
               "x": -0.02155146934092045,
               "y": -0.06617805361747742,
               "z": 0.1676565706729889
            },
            {
               "x": -0.024980194866657257,
               "y": -0.06707136332988739,
               "z": 0.16677837073802948
            },
            {
               "x": -0.0284293070435524,
               "y": -0.06771337985992432,
               "z": 0.16777627170085907
            },
            {
               "x": -0.030975328758358955,
               "y": -0.06793194264173508,
               "z": 0.17038275301456451
            },
            {
               "x": -0.03193573281168938,
               "y": -0.06766922026872635,
               "z": 0.17389938235282898
            },
            {
               "x": -0.031052369624376297,
               "y": -0.0669940933585167,
               "z": 0.17738401889801025
            },
            {
               "x": -0.02856254391372204,
               "y": -0.06608905643224716,
               "z": 0.17990273237228394
            }
         ],
         "left_eye": [
            {
               "x": 0.03760482743382454,
               "y": -0.06523337960243225,
               "z": 0.17953689396381378
            },
            {
               "x": 0.04090774431824684,
               "y": -0.0642145499587059,
               "z": 0.17848031222820282
            },
            {
               "x": 0.04334455728530884,
               "y": -0.06373486667871475,
               "z": 0.175850510597229
            },
            {
               "x": 0.044262178242206573,
               "y": -0.06392225623130798,
               "z": 0.17235200107097626
            },
            {
               "x": 0.043415218591690063,
               "y": -0.06472703814506531,
               "z": 0.1689225137233734
            },
            {
               "x": 0.04103006049990654,
               "y": -0.06593327224254608,
               "z": 0.16648009419441223
            },
            {
               "x": 0.03774608299136162,
               "y": -0.06721813976764679,