{
   "body": {
      "eye": {
         "left": {
            "outer": {
               "global_3d": {
                  "x": 0.03176853805780411,
                  "y": 0.6116806268692017,
                  "z": 1.2709022760391235
               },
               "pixel_2d": {
                  "x": 67,
                  "y": 189
               }
            },
            "center": {
               "global_3d": {
                  "x": 0.04562736768275499,
                  "y": 0.6161459684371948,
                  "z": 1.2693079113960266
               },
               "pixel_2d": {
                  "x": 67,
                  "y": 185
               }
            },
            "inner": {
               "global_3d": {
                  "x": 0.06008613854646683,
                  "y": 0.6140547394752502,
                  "z": 1.2666689157485962
               },
               "pixel_2d": {
                  "x": 67,
                  "y": 179
               }
            }
         },
         "right": {
            "center": {
               "global_3d": {
                  "x": 0.11392948403954506,
                  "y": 0.6101256906986237,
                  "z": 1.263554573059082
               },
               "pixel_2d": {
                  "x": 65,
                  "y": 157
               }
            },
            "outer": {
               "global_3d": {
                  "x": 0.12690764665603638,
                  "y": 0.6033651232719421,
                  "z": 1.262906551361084
               },
               "pixel_2d": {
                  "x": 65,
                  "y": 150
               }
            },
            "inner": {
               "global_3d": {
                  "x": 0.09971045702695847,
                  "y": 0.6107081174850464,
                  "z": 1.2631900310516357
               },
               "pixel_2d": {
                  "x": 66,
                  "y": 163
               }
            }
         }
      },
      "ear": {
         "left": {
            "global_3d": {
               "x": -0.00813254527747631,
               "y": 0.5277848052127021,
               "z": 1.2360664904117584
            },
            "pixel_2d": {
               "x": 89,
               "y": 182
            }
         },
         "right": {
            "global_3d": {
               "x": 0.14377554985029356,
               "y": 0.514072370316301,
               "z": 1.223201436655862
            },
            "pixel_2d": {
               "x": 88,
               "y": 121
            }
         }
      },
      "nose": {
         "global_3d": {
            "x": 0.07976574450731277,
            "y": 0.6510609984397888,
            "z": 1.2318228483200073
         },
         "pixel_2d": {
            "x": 80,
            "y": 182
         }
      },
      "mouth": {
         "left": {
            "global_3d": {
               "x": 0.04840489476919174,
               "y": 0.6313301920890808,
               "z": 1.1909098625183105
            },
            "pixel_2d": {
               "x": 101,
               "y": 188
            }
         },
         "right": {
            "global_3d": {
               "x": 0.09912673383951187,
               "y": 0.6271812915802002,
               "z": 1.1856539249420166
            },
            "pixel_2d": {
               "x": 102,
               "y": 167
            }
         }
      },
      "heel": {
         "right": {
            "global_3d": {
               "x": 0.12566398084163666,
               "y": 1.2615822553634644,
               "z": 0.18518765270709991
            },
            "pixel_2d": {
               "x": 1017,
               "y": 489
            }
         },
         "left": {
            "global_3d": {
               "x": -0.1805405467748642,
               "y": 1.306577205657959,
               "z": 0.15579631924629211
            },
            "pixel_2d": {
               "x": 813,
               "y": 608
            }
         }
      },
      "hip": {
         "right": {
            "global_3d": {
               "x": 0.1678644416899216,
               "y": 0.6401421078821508,
               "z": 0.5905990615123655
            },
            "pixel_2d": {
               "x": 407,
               "y": 138
            }
         },
         "left": {
            "global_3d": {
               "x": -0.057692918563034476,
               "y": 0.6502455909077715,
               "z": 0.6056370095508855
            },
            "pixel_2d": {
               "x": 366,
               "y": 230
            }
         }
      },
      "elbow": {
         "right": {
            "global_3d": {
               "x": 0.2929241548884999,
               "y": 0.8533959063616666,
               "z": 0.8683355450630188
            },
            "pixel_2d": {
               "x": 293,
               "y": 141
            }
         },
         "left": {
            "global_3d": {
               "x": -0.22074838118119675,
               "y": 0.8604035973548889,
               "z": 0.9034587253223766
            },
            "pixel_2d": {
               "x": 234,
               "y": 351
            }
         }
      },
      "wrist": {
         "right": {
            "global_3d": {
               "x": 0.19935414319237074,
               "y": 1.08760849883159,
               "z": 0.9436873694260915
            },
            "pixel_2d": {
               "x": 254,
               "y": 307
            }
         },
         "left": {
            "global_3d": {
               "x": -0.10536531855662663,
               "y": 1.0928096969922383,
               "z": 0.9492129373053709
            },
            "pixel_2d": {
               "x": 228,
               "y": 427
            }
         }
      },
      "shoulder": {
         "left": {
            "global_3d": {
               "x": -0.12009943276643753,
               "y": 0.5874852538108826,
               "z": 1.0128783583641052
            },
            "pixel_2d": {
               "x": 182,
               "y": 233
            }
         },
         "right": {
            "global_3d": {
               "x": 0.2281951978802681,
               "y": 0.5962874293327332,
               "z": 1.0132646262645721
            },
            "pixel_2d": {
               "x": 186,
               "y": 101
            }
         }
      },
      "pinky": {
         "left": {
            "global_3d": {
               "x": -0.09331486456924015,
               "y": 1.1801070471604664,
               "z": 0.9192174474398295
            },
            "pixel_2d": {
               "x": 254,
               "y": 478
            }
         },
         "right": {
            "global_3d": {
               "x": 0.20125948886076608,
               "y": 1.1981489559014638,
               "z": 0.9434779319498274
            },
            "pixel_2d": {
               "x": 268,
               "y": 386
            }
         }
      },
      "knee": {
         "right": {
            "global_3d": {
               "x": 0.2413950770472487,
               "y": 1.0857776204744976,
               "z": 0.6308839432895184
            },
            "pixel_2d": {
               "x": 531,
               "y": 284
            }
         },
         "left": {
            "global_3d": {
               "x": -0.12902897410094738,
               "y": 1.1104614660143852,
               "z": 0.6069431031743685
            },
            "pixel_2d": {
               "x": 437,
               "y": 447
            }
         }
      },
      "foot": {
         "right": {
            "index": {
               "global_3d": {
                  "x": 0.18102996423840523,
                  "y": 1.463188691271676,
                  "z": 0.3407912560635143
               },
               "pixel_2d": {
                  "x": 1251,
                  "y": 771
               }
            }
         },