{
   "face": {
      "standard": {
         "1": {
            "global_3d": {
               "x": 0.15325966477394104,
               "y": 0.5305531024932861,
               "z": 1.250431776046753
            },
            "pixel_2d": {
               "x": 74,
               "y": 121
            }
         },
         "2": {
            "global_3d": {
               "x": 0.14870238304138184,
               "y": 0.5377768874168396,
               "z": 1.2281315326690674
            },
            "pixel_2d": {
               "x": 84,
               "y": 124
            }
         },
         "3": {
            "global_3d": {
               "x": 0.14360468089580536,
               "y": 0.5412217974662781,
               "z": 1.2063555717468262
            },
            "pixel_2d": {
               "x": 94,
               "y": 127
            }
         },
         "4": {
            "global_3d": {
               "x": 0.13705173134803772,
               "y": 0.5474528670310974,
               "z": 1.1824641227722168
            },
            "pixel_2d": {
               "x": 105,
               "y": 131
            }
         },
         "5": {
            "global_3d": {
               "x": 0.13006329536437988,
               "y": 0.5580148696899414,
               "z": 1.1656272411346436
            },
            "pixel_2d": {
               "x": 113,
               "y": 137
            }
         },
         "6": {
            "global_3d": {
               "x": 0.1208280399441719,
               "y": 0.5803427696228027,
               "z": 1.1581971645355225
            },
            "pixel_2d": {
               "x": 116,
               "y": 146
            }
         },
         "7": {
            "global_3d": {
               "x": 0.11015000939369202,
               "y": 0.5973080396652222,
               "z": 1.15080988407135
            },
            "pixel_2d": {
               "x": 119,
               "y": 155
            }
         },
         "8": {
            "global_3d": {
               "x": 0.0974290743470192,
               "y": 0.616388738155365,
               "z": 1.1456890106201172
            },
            "pixel_2d": {
               "x": 121,
               "y": 165
            }
         },
         "9": {
            "global_3d": {
               "x": 0.06890389323234558,
               "y": 0.6298859119415283,
               "z": 1.1449071168899536
            },
            "pixel_2d": {
               "x": 122,
               "y": 180
            }
         },
         "10": {
            "global_3d": {
               "x": 0.03971836715936661,
               "y": 0.6207841634750366,
               "z": 1.1518778800964355
            },
            "pixel_2d": {
               "x": 120,
               "y": 188
            }
         },
         "11": {
            "global_3d": {
               "x": 0.02538212202489376,
               "y": 0.6040191650390625,
               "z": 1.158928632736206
            },
            "pixel_2d": {
               "x": 118,
               "y": 189
            }
         },
         "12": {
            "global_3d": {
               "x": 0.013313084840774536,
               "y": 0.5887664556503296,
               "z": 1.1676276922225952
            },
            "pixel_2d": {
               "x": 115,
               "y": 189
            }
         },
         "13": {
            "global_3d": {
               "x": 0.0018059387803077698,
               "y": 0.5683369636535645,
               "z": 1.1766400337219238
            },
            "pixel_2d": {
               "x": 112,
               "y": 188
            }
         },
         "14": {
            "global_3d": {
               "x": -0.0037031546235084534,
               "y": 0.5594132542610168,
               "z": 1.1948435306549072
            },
            "pixel_2d": {
               "x": 105,
               "y": 188
            }
         },
         "15": {
            "global_3d": {
               "x": -0.006005622446537018,
               "y": 0.5546883940696716,
               "z": 1.2197341918945312
            },
            "pixel_2d": {
               "x": 94,
               "y": 187
            }
         },
         "16": {
            "global_3d": {
               "x": -0.006578721106052399,
               "y": 0.5519126057624817,
               "z": 1.2420997619628906
            },
            "pixel_2d": {
               "x": 85,
               "y": 187
            }
         },
         "17": {
            "global_3d": {
               "x": -0.008787088096141815,
               "y": 0.5447468161582947,
               "z": 1.264323353767395
            },
            "pixel_2d": {
               "x": 76,
               "y": 186
            }
         },
         "18": {
            "global_3d": {
               "x": 0.140089213848114,
               "y": 0.5917466282844543,
               "z": 1.279195785522461
            },
            "pixel_2d": {
               "x": 57,
               "y": 141
            }
         },
         "19": {
            "global_3d": {
               "x": 0.13390538096427917,
               "y": 0.6012328267097473,
               "z": 1.286245584487915
            },
            "pixel_2d": {
               "x": 54,
               "y": 147
            }
         },
         "20": {
            "global_3d": {
               "x": 0.12547284364700317,
               "y": 0.6092868447303772,
               "z": 1.2901908159255981
            },
            "pixel_2d": {
               "x": 52,
               "y": 152
            }
         },
         "21": {
            "global_3d": {
               "x": 0.11564163863658905,
               "y": 0.6161715388298035,
               "z": 1.2920032739639282
            },
            "pixel_2d": {
               "x": 51,
               "y": 158
            }
         },
         "22": {
            "global_3d": {
               "x": 0.10337162017822266,
               "y": 0.6226798892021179,
               "z": 1.2904740571975708
            },
            "pixel_2d": {
               "x": 52,
               "y": 165
            }
         },
         "23": {
            "global_3d": {
               "x": 0.06310295313596725,
               "y": 0.626357913017273,
               "z": 1.2940565347671509
            },
            "pixel_2d": {
               "x": 53,
               "y": 181
            }
         },
         "24": {
            "global_3d": {
               "x": 0.05031467229127884,
               "y": 0.6220876574516296,
               "z": 1.2979315519332886
            },
            "pixel_2d": {
               "x": 53,
               "y": 185
            }
         },
         "25": {
            "global_3d": {
               "x": 0.0394413098692894,
               "y": 0.6170992255210876,
               "z": 1.2984588146209717
            },
            "pixel_2d": {
               "x": 54,
               "y": 188
            }
         },
         "26": {
            "global_3d": {
               "x": 0.029245270416140556,
               "y": 0.6103309392929077,
               "z": 1.2966622114181519
            },
            "pixel_2d": {
               "x": 56,
               "y": 190
            }
         },
         "27": {
            "global_3d": {
               "x": 0.02026626467704773,
               "y": 0.6020533442497253,
               "z": 1.2911508083343506
            },
            "pixel_2d": {
               "x": 59,
               "y": 191
            }
         },
         "28": {
            "global_3d": {
               "x": 0.0817517563700676,
               "y": 0.6238778233528137,
               "z": 1.2758525609970093
            },
            "pixel_2d": {
               "x": 61,
               "y": 173
            }
         },
         "29": {
            "global_3d": {
               "x": 0.08083807677030563,
               "y": 0.6302105784416199,