{
   "keypoints_3d_coordinates": {
      "1": [
         -0.0709671601653099,
         0.024991508573293686,
         0.14663684368133545
      ],
      "2": [
         -0.06911592185497284,
         0.019708603620529175,
         0.12712407112121582
      ],
      "3": [
         -0.06828981637954712,
         0.017565272748470306,
         0.10819220542907715
      ],
      "4": [
         -0.06635863333940506,
         0.013799931854009628,
         0.08623361587524414
      ],
      "5": [
         -0.0604470893740654,
         0.004139309749007225,
         0.07077574729919434
      ],
      "6": [
         -0.053038399666547775,
         -0.014108527451753616,
         0.062148451805114746
      ],
      "7": [
         -0.040967538952827454,
         -0.0265970379114151,
         0.05370748043060303
      ],
      "8": [
         -0.027624044567346573,
         -0.04144606739282608,
         0.04757583141326904
      ],
      "9": [
         -0.0006419951096177101,
         -0.051588959991931915,
         0.04277968406677246
      ],
      "10": [
         0.026115356013178825,
         -0.04091331735253334,
         0.04749631881713867
      ],
      "11": [
         0.03943081572651863,
         -0.026353558525443077,
         0.0532304048538208
      ],
      "12": [
         0.05189381167292595,
         -0.013773025013506413,
         0.06159842014312744
      ],
      "13": [
         0.06000325828790665,
         0.004269106313586235,
         0.06999838352203369
      ],
      "14": [
         0.06619780510663986,
         0.014243435114622116,
         0.08553028106689453
      ],
      "15": [
         0.07000473886728287,
         0.017986703664064407,
         0.1073760986328125
      ],
      "16": [
         0.07087355852127075,
         0.019416868686676025,
         0.12596523761749268
      ],
      "17": [
         0.07235126197338104,
         0.024791084229946136,
         0.14504921436309814
      ],
      "18": [
         -0.045793693512678146,
         -0.03605244308710098,
         0.1702275276184082
      ],
      "19": [
         -0.04262419044971466,
         -0.03730309009552002,
         0.17446112632751465
      ],
      "20": [
         -0.034084443002939224,
         -0.04198414087295532,
         0.17606329917907715
      ],
      "21": [
         -0.024528993293642998,
         -0.0456557422876358,
         0.17519700527191162
      ],
      "22": [
         -0.013536992482841015,
         -0.047955989837646484,
         0.17183434963226318
      ],
      "23": [
         0.01654275692999363,
         -0.04783584177494049,
         0.17183291912078857
      ],
      "24": [
         0.027594206854701042,
         -0.04539824277162552,
         0.17472732067108154
      ],
      "25": [
         0.03710145875811577,
         -0.04129849374294281,
         0.1758735179901123
      ],
      "26": [
         0.045450106263160706,
         -0.03617094084620476,
         0.1738722324371338
      ],
      "27": [
         0.047916509211063385,
         -0.03493114188313484,
         0.1694585084915161
      ],
      "28": [
         0.001276008551940322,
         -0.04906743764877319,
         0.1614701747894287
      ],
      "29": [
         0.0009764740243554115,
         -0.053749773651361465,
         0.14970684051513672
      ],
      "30": [
         0.000851114047691226,
         -0.06153291463851929,
         0.13974547386169434
      ],
      "31": [
         0.0008960255654528737,
         -0.07154805958271027,
         0.12627220153808594
      ],
      "32": [
         -0.01674422062933445,
         -0.05172029882669449,
         0.11352574825286865
      ],
      "33": [
         -0.008892716839909554,
         -0.056461792439222336,
         0.11155974864959717
      ],
      "34": [
         0.0005991939688101411,
         -0.05920965597033501,
         0.11070919036865234
      ],
      "35": [
         0.009567394852638245,
         -0.05690353736281395,
         0.11104810237884521
      ],
      "36": [
         0.016579220071434975,
         -0.05176457762718201,
         0.11287212371826172
      ],
      "37": [
         -0.042666178196668625,
         -0.03088296204805374,
         0.15371358394622803
      ],
      "38": [
         -0.03539096564054489,
         -0.040244728326797485,
         0.15515947341918945
      ],
      "39": [
         -0.02504601702094078,
         -0.03953678905963898,
         0.15543079376220703
      ],
      "40": [
         -0.016781769692897797,
         -0.03649219870567322,
         0.15311133861541748
      ],
      "41": [
         -0.0246623232960701,
         -0.03861973434686661,
         0.15199828147888184
      ],
      "42": [
         -0.03505741059780121,
         -0.03813266381621361,
         0.15111756324768066
      ],
      "43": [
         0.01936209388077259,
         -0.036748625338077545,
         0.15292978286743164
      ],
      "44": [
         0.027937432751059532,
         -0.03956322371959686,
         0.15512311458587646
      ],
      "45": [
         0.03725121170282364,
         -0.03996800631284714,
         0.15451014041900635
      ],
      "46": [
         0.04443403705954552,
         -0.031275324523448944,
         0.1530083417892456
      ],
      "47": [
         0.03679262474179268,
         -0.038246847689151764,
         0.15038621425628662
      ],
      "48": [
         0.027699511498212814,
         -0.038686707615852356,
         0.1517866849899292
      ],
      "49": [
         -0.026171067729592323,
         -0.050079453736543655,
         0.08617448806762695
      ],
      "50": [
         -0.020800549536943436,
         -0.057292599231004715,
         0.0910494327545166
      ],
      "51": [
         -0.011699475347995758,
         -0.06267355382442474,
         0.09502279758453369
      ],
      "52": [
         0.0003237331984564662,
         -0.06520946323871613,
         0.09471440315246582
      ],
      "53": [
         0.011877210810780525,
         -0.06256508827209473,
         0.09488022327423096
      ],
      "54": [
         0.020618969574570656,
         -0.05735709145665169,
         0.09092390537261963
      ],
      "55": [
         0.02608729898929596,
         -0.049130335450172424,
         0.08603906631469727
      ],
      "56": [
         0.020137622952461243,
         -0.05507177114486694,
         0.08156657218933105
      ],
      "57": [
         0.011969241313636303,
         -0.06133388355374336,
         0.07786726951599121
      ],
      "58": [
         0.00014863768592476845,
         -0.06421111524105072,
         0.07638692855834961
      ],
      "59": [
         -0.012189766392111778,
         -0.06234129145741463,
         0.07764232158660889
      ],
      "60": [
         -0.021016277372837067,
         -0.056116990745067596,
         0.08137357234954834
      ],
      "61": [
         -0.024072643369436264,
         -0.05005250871181488,
         0.08672165870666504
      ],
      "62": [
         -0.009312954731285572,
         -0.059664882719516754,
         0.0870133638381958
      ],
      "63": [
         0.0001334159169346094,
         -0.061257217079401016,
         0.08639109134674072
      ],
      "64": [
         0.009224824607372284,
         -0.05995367467403412,
         0.08697116374969482
      ],
      "65": [
         0.023294802755117416,
         -0.04902508109807968,
         0.0868215560913086
      ],
      "66": [
         0.008845691569149494,
         -0.05947321653366089,
         0.08510935306549072
      ],
      "67": [
         -3.525754436850548e-06,
         -0.06093207374215126,
         0.08450710773468018
      ],
      "68": [
         -0.009325279854238033,
         -0.059595294296741486,
         0.08522534370422363
      ]
   },
   "keypoints_2d_coordinates": {
      "1": [
         49,
         24
      ],
      "2": [
         60,
         25
      ],
      "3": [
         71,
         25
      ],