{
   "version": "2.0.0",
   "hands": {
      "right": {
         "finger": {
            "thumb": {
               "ip": {
                  "global_3d": {
                     "x": 1.7292844482830592,
                     "y": 0.35396866713251385,
                     "z": 0.9358301737478801
                  },
                  "pixel_2d": {
                     "x": 324,
                     "y": 235
                  }
               },
               "cmc": {
                  "global_3d": {
                     "x": 1.754504809776942,
                     "y": 0.3673550287882487,
                     "z": 0.9491981863975525
                  },
                  "pixel_2d": {
                     "x": 322,
                     "y": 234
                  }
               },
               "tip": {
                  "global_3d": {
                     "x": 1.7113284071286519,
                     "y": 0.34332476721869576,
                     "z": 0.9183883965015411
                  },
                  "pixel_2d": {
                     "x": 326,
                     "y": 235
                  }
               },
               "mcp": {
                  "global_3d": {
                     "x": 1.7428658803304036,
                     "y": 0.36077112207810086,
                     "z": 0.9428071727355322
                  },
                  "pixel_2d": {
                     "x": 323,
                     "y": 234
                  }
               }
            },
            "middle": {
               "mcp": {
                  "global_3d": {
                     "x": 1.7170130014419556,
                     "y": 0.41316838189959526,
                     "z": 0.902168370783329
                  },
                  "pixel_2d": {
                     "x": 327,
                     "y": 229
                  }
               },
               "pip": {
                  "global_3d": {
                     "x": 1.6961746897016252,
                     "y": 0.39921949590955463,
                     "z": 0.8842154528413501
                  },
                  "pixel_2d": {
                     "x": 330,
                     "y": 230
                  }
               },
               "dip": {
                  "global_3d": {
                     "x": 1.6832338614123208,
                     "y": 0.3773434151496206,
                     "z": 0.8673626269612994
                  },
                  "pixel_2d": {
                     "x": 332,
                     "y": 232
                  }
               },
               "tip": {
                  "global_3d": {
                     "x": 1.680482354429033,
                     "y": 0.3576631512906816,
                     "z": 0.857443211807145
                  },
                  "pixel_2d": {
                     "x": 333,
                     "y": 234
                  }
               }
            },
            "ring": {
               "mcp": {
                  "global_3d": {
                     "x": 1.7320883671442668,
                     "y": 0.4192887805402279,
                     "z": 0.8850341662764549
                  },
                  "pixel_2d": {
                     "x": 328,
                     "y": 229
                  }
               },
               "pip": {
                  "global_3d": {
                     "x": 1.7160938084125519,
                     "y": 0.41110737515347345,
                     "z": 0.8675073959997722
                  },
                  "pixel_2d": {
                     "x": 331,
                     "y": 230
                  }
               },
               "dip": {
                  "global_3d": {
                     "x": 1.7040673749787467,
                     "y": 0.3928419979555266,
                     "z": 0.8541262873581478
                  },
                  "pixel_2d": {
                     "x": 332,
                     "y": 231
                  }
               },
               "tip": {
                  "global_3d": {
                     "x": 1.699435081746843,
                     "y": 0.3729160519109832,
                     "z": 0.845821018020312
                  },
                  "pixel_2d": {
                     "x": 333,
                     "y": 233
                  }
               }
            },
            "index": {
               "mcp": {
                  "global_3d": {
                     "x": 1.7083073804775875,
                     "y": 0.40228625511129695,
                     "z": 0.9245783761143684
                  },
                  "pixel_2d": {
                     "x": 326,
                     "y": 230
                  }
               },
               "pip": {
                  "global_3d": {
                     "x": 1.6863011377198356,
                     "y": 0.39228004749332157,
                     "z": 0.9077185222080776
                  },
                  "pixel_2d": {
                     "x": 328,
                     "y": 231
                  }
               },
               "dip": {
                  "global_3d": {
                     "x": 1.6764972252505166,
                     "y": 0.3781790147934641,
                     "z": 0.8931594746453422
                  },
                  "pixel_2d": {
                     "x": 330,
                     "y": 232
                  }
               },
               "tip": {
                  "global_3d": {
                     "x": 1.6724368731180828,
                     "y": 0.36003146651718354,
                     "z": 0.8800935248533884
                  },
                  "pixel_2d": {
                     "x": 331,
                     "y": 233
                  }
               }
            },
            "pinky": {
               "mcp": {
                  "global_3d": {
                     "x": 1.7549727410078049,
                     "y": 0.423995020488898,
                     "z": 0.8752648333708445
                  },
                  "pixel_2d": {
                     "x": 328,
                     "y": 229
                  }
               },
               "pip": {
                  "global_3d": {
                     "x": 1.7421581489699227,
                     "y": 0.421295522579125,
                     "z": 0.8623418084212712
                  },
                  "pixel_2d": {
                     "x": 330,
                     "y": 229
                  }
               },
               "dip": {
                  "global_3d": {
                     "x": 1.7321732810565404,
                     "y": 0.41076590227229254,
                     "z": 0.8529326234545026
                  },
                  "pixel_2d": {
                     "x": 331,
                     "y": 230
                  }
               },
               "tip": {
                  "global_3d": {
                     "x": 1.7226304743025038,
                     "y": 0.3930999098552598,
                     "z": 0.8455023401313357
                  },
                  "pixel_2d": {
                     "x": 332,
                     "y": 231
                  }
               }
            }
         },
         "wrist": {
            "global_3d": {
               "x": 1.8182040626804035,
               "y": 0.41689992633958656,
               "z": 0.9569781546791395
            },
            "pixel_2d": {
               "x": 319,
               "y": 231
            }
         }
      },
      "left": {
         "finger": {
            "thumb": {
               "ip": {
                  "global_3d": {
                     "x": 1.8239807401384627,
                     "y": -0.27701058238744736,
                     "z": 0.9666679097073418
                  },
                  "pixel_2d": {
                     "x": 318,
                     "y": 287
                  }
               },
               "cmc": {
                  "global_3d": {
                     "x": 1.8553400288025539,