{
   "version": "2.0.0",
   "feet": {
      "right": {
         "heel": {
            "global_3d": {
               "x": 1.4046005010604858,
               "y": 0.23323187232017517,
               "z": 0.043112967163324356
            },
            "pixel_2d": {
               "x": 434,
               "y": 243
            }
         },
         "index": {
            "global_3d": {
               "x": 1.1456444495254092,
               "y": 0.28864118622408974,
               "z": 0.04768155204753081
            },
            "pixel_2d": {
               "x": 474,
               "y": 232
            }
         },
         "pinky": {
            "global_3d": {
               "x": 1.2014317479398515,
               "y": 0.33664096643527347,
               "z": 0.03686622933795055
            },
            "pixel_2d": {
               "x": 465,
               "y": 227
            }
         }
      },
      "left": {
         "heel": {
            "global_3d": {
               "x": 1.1043782234191895,
               "y": -0.04127015918493271,
               "z": 0.03105809912085533
            },
            "pixel_2d": {
               "x": 485,
               "y": 276
            }
         },
         "pinky": {
            "global_3d": {
               "x": 0.9432717114686966,
               "y": -0.1982283910943402,
               "z": 0.049236321821808815
            },
            "pixel_2d": {
               "x": 521,
               "y": 304
            }
         },
         "index": {
            "global_3d": {
               "x": 0.8779271774821811,
               "y": -0.16847952745027012,
               "z": 0.06865065700064103
            },
            "pixel_2d": {
               "x": 538,
               "y": 303
            }
         }
      }
   }
}