{
   "body": {
      "eye": {
         "left": {
            "outer": {
               "global_3d": {
                  "x": 0.03163699433207512,
                  "y": 0.6107207536697388,
                  "z": 1.2710678577423096
               },
               "pixel_2d": {
                  "x": 67,
                  "y": 189
               }
            },
            "center": {
               "global_3d": {
                  "x": 0.0454992800951004,
                  "y": 0.6151781380176544,
                  "z": 1.2694809436798096
               },
               "pixel_2d": {
                  "x": 67,
                  "y": 185
               }
            },
            "inner": {
               "global_3d": {
                  "x": 0.0599561408162117,
                  "y": 0.6130805611610413,
                  "z": 1.266836404800415
               },
               "pixel_2d": {
                  "x": 67,
                  "y": 179
               }
            }
         },
         "right": {
            "center": {
               "global_3d": {
                  "x": 0.11379588395357132,
                  "y": 0.6091144680976868,
                  "z": 1.2637079656124115
               },
               "pixel_2d": {
                  "x": 65,
                  "y": 157
               }
            },
            "outer": {
               "global_3d": {
                  "x": 0.1267685443162918,
                  "y": 0.6023447513580322,
                  "z": 1.263044834136963
               },
               "pixel_2d": {
                  "x": 65,
                  "y": 150
               }
            },
            "inner": {
               "global_3d": {
                  "x": 0.09957727044820786,
                  "y": 0.6097090244293213,
                  "z": 1.2633461952209473
               },
               "pixel_2d": {
                  "x": 66,
                  "y": 163
               }
            }
         }
      },
      "ear": {
         "left": {
            "global_3d": {
               "x": -0.008335536878023828,
               "y": 0.5269277713128498,
               "z": 1.2360669246741705
            },
            "pixel_2d": {
               "x": 89,
               "y": 181
            }
         },
         "right": {
            "global_3d": {
               "x": 0.14356009396059172,
               "y": 0.5131187321884292,
               "z": 1.223157239811761
            },
            "pixel_2d": {
               "x": 88,
               "y": 121
            }
         }
      },
      "nose": {
         "global_3d": {
            "x": 0.07966173440217972,
            "y": 0.6501414179801941,
            "z": 1.232062816619873
         },
         "pixel_2d": {
            "x": 80,
            "y": 181
         }
      },
      "mouth": {
         "left": {
            "global_3d": {
               "x": 0.048280514776706696,
               "y": 0.6305186748504639,
               "z": 1.1911133527755737
            },
            "pixel_2d": {
               "x": 101,
               "y": 188
            }
         },
         "right": {
            "global_3d": {
               "x": 0.09899844974279404,
               "y": 0.6263394951820374,
               "z": 1.185843586921692
            },
            "pixel_2d": {
               "x": 102,
               "y": 167
            }
         }
      },
      "heel": {
         "right": {
            "global_3d": {
               "x": 0.12579627335071564,
               "y": 1.2615731954574585,
               "z": 0.18517522513866425
            },
            "pixel_2d": {
               "x": 1018,
               "y": 489
            }
         },
         "left": {
            "global_3d": {
               "x": -0.18015219271183014,
               "y": 1.306628704071045,
               "z": 0.1557292640209198
            },
            "pixel_2d": {
               "x": 813,
               "y": 608
            }
         }
      },
      "hip": {
         "right": {
            "global_3d": {
               "x": 0.1677993555984846,
               "y": 0.6401777819889348,
               "z": 0.5906565494653655
            },
            "pixel_2d": {
               "x": 407,
               "y": 138
            }
         },
         "left": {
            "global_3d": {
               "x": -0.05776468091985074,
               "y": 0.6502776654755197,
               "z": 0.6055720492107112
            },
            "pixel_2d": {
               "x": 366,
               "y": 230
            }
         }
      },
      "elbow": {
         "right": {
            "global_3d": {
               "x": 0.2923036922108043,
               "y": 0.853037416934967,
               "z": 0.8692526817321777
            },
            "pixel_2d": {
               "x": 293,
               "y": 142
            }
         },
         "left": {
            "global_3d": {
               "x": -0.22044834765520963,
               "y": 0.8602631037885492,
               "z": 0.903580904006958
            },
            "pixel_2d": {
               "x": 234,
               "y": 350
            }
         }
      },
      "wrist": {
         "right": {
            "global_3d": {
               "x": 0.19935492798686028,
               "y": 1.0876371090610821,
               "z": 0.9437122903764248
            },
            "pixel_2d": {
               "x": 254,
               "y": 307
            }
         },
         "left": {
            "global_3d": {
               "x": -0.10537086054682732,
               "y": 1.0927936012546222,
               "z": 0.9491773123542467
            },
            "pixel_2d": {
               "x": 228,
               "y": 427
            }
         }
      },
      "shoulder": {
         "left": {
            "global_3d": {
               "x": -0.12022411078214645,
               "y": 0.5872521996498108,
               "z": 1.0129182934761047
            },
            "pixel_2d": {
               "x": 182,
               "y": 233
            }
         },
         "right": {
            "global_3d": {
               "x": 0.2279667630791664,
               "y": 0.595651775598526,
               "z": 1.0135442316532135
            },
            "pixel_2d": {
               "x": 186,
               "y": 101
            }
         }
      },
      "pinky": {
         "left": {
            "global_3d": {
               "x": -0.09332840475771162,
               "y": 1.180025769604577,
               "z": 0.9191717240545485
            },
            "pixel_2d": {
               "x": 254,
               "y": 478
            }
         },
         "right": {
            "global_3d": {
               "x": 0.2011654343869951,
               "y": 1.1972143583827548,
               "z": 0.9433864139848285
            },
            "pixel_2d": {
               "x": 268,
               "y": 385
            }
         }
      },
      "knee": {
         "right": {
            "global_3d": {
               "x": 0.24133982229977846,
               "y": 1.085821049908797,
               "z": 0.6309448145329952
            },
            "pixel_2d": {
               "x": 531,
               "y": 284
            }
         },
         "left": {
            "global_3d": {
               "x": -0.12922555798043808,
               "y": 1.1104567001263301,
               "z": 0.6069139751295248
            },
            "pixel_2d": {
               "x": 437,
               "y": 447
            }
         }
      },
      "foot": {
         "right": {
            "index": {
               "global_3d": {
                  "x": 0.1810978390276432,
                  "y": 1.4631752504242792,
                  "z": 0.34080075638161766
               },
               "pixel_2d": {
                  "x": 1251,
                  "y": 771
               }
            }
         },