{
   "face": {
      "standard": {
         "1": {
            "global_3d": {
               "x": 0.1530604362487793,
               "y": 0.5295368432998657,
               "z": 1.2504199743270874
            },
            "pixel_2d": {
               "x": 74,
               "y": 121
            }
         },
         "2": {
            "global_3d": {
               "x": 0.1485065519809723,
               "y": 0.5368093848228455,
               "z": 1.2281348705291748
            },
            "pixel_2d": {
               "x": 84,
               "y": 124
            }
         },
         "3": {
            "global_3d": {
               "x": 0.14340931177139282,
               "y": 0.5403022170066833,
               "z": 1.2063663005828857
            },
            "pixel_2d": {
               "x": 94,
               "y": 127
            }
         },
         "4": {
            "global_3d": {
               "x": 0.13685888051986694,
               "y": 0.546586811542511,
               "z": 1.1824883222579956
            },
            "pixel_2d": {
               "x": 105,
               "y": 131
            }
         },
         "5": {
            "global_3d": {
               "x": 0.12987715005874634,
               "y": 0.5571885108947754,
               "z": 1.1656736135482788
            },
            "pixel_2d": {
               "x": 113,
               "y": 137
            }
         },
         "6": {
            "global_3d": {
               "x": 0.12065907567739487,
               "y": 0.5795390605926514,
               "z": 1.158290147781372
            },
            "pixel_2d": {
               "x": 116,
               "y": 146
            }
         },
         "7": {
            "global_3d": {
               "x": 0.10999390482902527,
               "y": 0.5965278744697571,
               "z": 1.1509381532669067
            },
            "pixel_2d": {
               "x": 119,
               "y": 155
            }
         },
         "8": {
            "global_3d": {
               "x": 0.09728776663541794,
               "y": 0.6156290769577026,
               "z": 1.1458570957183838
            },
            "pixel_2d": {
               "x": 121,
               "y": 165
            }
         },
         "9": {
            "global_3d": {
               "x": 0.06877336651086807,
               "y": 0.6291508674621582,
               "z": 1.1451057195663452
            },
            "pixel_2d": {
               "x": 122,
               "y": 180
            }
         },
         "10": {
            "global_3d": {
               "x": 0.03958124667406082,
               "y": 0.620058536529541,
               "z": 1.1520612239837646
            },
            "pixel_2d": {
               "x": 120,
               "y": 188
            }
         },
         "11": {
            "global_3d": {
               "x": 0.02523232437670231,
               "y": 0.6032910943031311,
               "z": 1.159079909324646
            },
            "pixel_2d": {
               "x": 118,
               "y": 189
            }
         },
         "12": {
            "global_3d": {
               "x": 0.013151995837688446,
               "y": 0.5880307555198669,
               "z": 1.1677501201629639
            },
            "pixel_2d": {
               "x": 115,
               "y": 189
            }
         },
         "13": {
            "global_3d": {
               "x": 0.0016293898224830627,
               "y": 0.567592442035675,
               "z": 1.176722764968872
            },
            "pixel_2d": {
               "x": 112,
               "y": 188
            }
         },
         "14": {
            "global_3d": {
               "x": -0.0038849934935569763,
               "y": 0.558635950088501,
               "z": 1.1949079036712646
            },
            "pixel_2d": {
               "x": 105,
               "y": 188
            }
         },
         "15": {
            "global_3d": {
               "x": -0.006188675761222839,
               "y": 0.5538626313209534,
               "z": 1.219788908958435
            },
            "pixel_2d": {
               "x": 94,
               "y": 187
            }
         },
         "16": {
            "global_3d": {
               "x": -0.006761632859706879,
               "y": 0.5510421395301819,
               "z": 1.2421486377716064
            },
            "pixel_2d": {
               "x": 85,
               "y": 187
            }
         },
         "17": {
            "global_3d": {
               "x": -0.008973374962806702,
               "y": 0.5438331961631775,
               "z": 1.2643579244613647
            },
            "pixel_2d": {
               "x": 76,
               "y": 186
            }
         },
         "18": {
            "global_3d": {
               "x": 0.139942467212677,
               "y": 0.5906826853752136,
               "z": 1.2793091535568237
            },
            "pixel_2d": {
               "x": 57,
               "y": 141
            }
         },
         "19": {
            "global_3d": {
               "x": 0.13376706838607788,
               "y": 0.6001595854759216,
               "z": 1.2863787412643433
            },
            "pixel_2d": {
               "x": 54,
               "y": 146
            }
         },
         "20": {
            "global_3d": {
               "x": 0.12534144520759583,
               "y": 0.608212411403656,
               "z": 1.2903411388397217
            },
            "pixel_2d": {
               "x": 52,
               "y": 152
            }
         },
         "21": {
            "global_3d": {
               "x": 0.11551602184772491,
               "y": 0.6151013374328613,
               "z": 1.2921686172485352
            },
            "pixel_2d": {
               "x": 51,
               "y": 158
            }
         },
         "22": {
            "global_3d": {
               "x": 0.10325105488300323,
               "y": 0.6216226816177368,
               "z": 1.2906538248062134
            },
            "pixel_2d": {
               "x": 52,
               "y": 164
            }
         },
         "23": {
            "global_3d": {
               "x": 0.06298577040433884,
               "y": 0.6253259778022766,
               "z": 1.2942482233047485
            },
            "pixel_2d": {
               "x": 53,
               "y": 181
            }
         },
         "24": {
            "global_3d": {
               "x": 0.05019443482160568,
               "y": 0.6210581660270691,
               "z": 1.298115849494934
            },
            "pixel_2d": {
               "x": 53,
               "y": 185
            }
         },
         "25": {
            "global_3d": {
               "x": 0.03931712359189987,
               "y": 0.6160774827003479,
               "z": 1.29863440990448
            },
            "pixel_2d": {
               "x": 54,
               "y": 188
            }
         },
         "26": {
            "global_3d": {
               "x": 0.029115429148077965,
               "y": 0.609321117401123,
               "z": 1.2968252897262573
            },
            "pixel_2d": {
               "x": 56,
               "y": 189
            }
         },
         "27": {
            "global_3d": {
               "x": 0.020129136741161346,
               "y": 0.6010618805885315,
               "z": 1.2912980318069458
            },
            "pixel_2d": {
               "x": 59,
               "y": 190
            }
         },
         "28": {
            "global_3d": {
               "x": 0.08163058012723923,
               "y": 0.6228676438331604,
               "z": 1.2760372161865234
            },
            "pixel_2d": {
               "x": 61,
               "y": 173
            }
         },
         "29": {
            "global_3d": {
               "x": 0.0807204321026802,
               "y": 0.6292306184768677,