{
   "keypoints_3d_coordinates": {
      "1": [
         -0.07138929516077042,
         0.030723612755537033,
         0.1565178632736206
      ],
      "2": [
         -0.06999537348747253,
         0.0255083329975605,
         0.13536012172698975
      ],
      "3": [
         -0.06776188313961029,
         0.024398062378168106,
         0.11574923992156982
      ],
      "4": [
         -0.06313672661781311,
         0.019936837255954742,
         0.09350097179412842
      ],
      "5": [
         -0.05687425658106804,
         0.009278776124119759,
         0.07771670818328857
      ],
      "6": [
         -0.04889070242643356,
         -0.00981108471751213,
         0.06930828094482422
      ],
      "7": [
         -0.0383792482316494,
         -0.024125076830387115,
         0.06123077869415283
      ],
      "8": [
         -0.025144774466753006,
         -0.040980979800224304,
         0.0570911169052124
      ],
      "9": [
         0.00039756871410645545,
         -0.05390487238764763,
         0.0526961088180542
      ],
      "10": [
         0.026335133239626884,
         -0.042019397020339966,
         0.05630767345428467
      ],
      "11": [
         0.0397903136909008,
         -0.025780057534575462,
         0.06049489974975586
      ],
      "12": [
         0.05063648521900177,
         -0.011883116327226162,
         0.06793344020843506
      ],
      "13": [
         0.05951803922653198,
         0.006671883165836334,
         0.07562446594238281
      ],
      "14": [
         0.06657521426677704,
         0.01683967560529709,
         0.09205818176269531
      ],
      "15": [
         0.07099195569753647,
         0.021325256675481796,
         0.11512506008148193
      ],
      "16": [
         0.0727950930595398,
         0.02212601900100708,
         0.1348278522491455
      ],
      "17": [
         0.07541191577911377,
         0.02640446275472641,
         0.15510773658752441
      ],
      "18": [
         -0.04960457235574722,
         -0.03883209824562073,
         0.1733647584915161
      ],
      "19": [
         -0.04660337045788765,
         -0.040918394923210144,
         0.17798471450805664
      ],
      "20": [
         -0.03815187141299248,
         -0.047141894698143005,
         0.17930471897125244
      ],
      "21": [
         -0.02832867205142975,
         -0.05181639641523361,
         0.17743468284606934
      ],
      "22": [
         -0.016604870557785034,
         -0.0542110949754715,
         0.1740647554397583
      ],
      "23": [
         0.016989627853035927,
         -0.054920997470617294,
         0.1733647584915161
      ],
      "24": [
         0.02881612814962864,
         -0.052761998027563095,
         0.17631471157073975
      ],
      "25": [
         0.03886513039469719,
         -0.0482138991355896,
         0.17775475978851318
      ],
      "26": [
         0.047671128064394,
         -0.04221789538860321,
         0.17668473720550537
      ],
      "27": [
         0.05073072761297226,
         -0.04017459601163864,
         0.17220473289489746
      ],
      "28": [
         0.0002983584417961538,
         -0.05495094507932663,
         0.16530895233154297
      ],
      "29": [
         0.00021771033061668277,
         -0.060757532715797424,
         0.15372931957244873
      ],
      "30": [
         -3.2690295483917e-05,
         -0.06845666468143463,
         0.14436697959899902
      ],
      "31": [
         -0.0003911412786692381,
         -0.07869499921798706,
         0.12974417209625244
      ],
      "32": [
         -0.014900462701916695,
         -0.05460597202181816,
         0.11597180366516113
      ],
      "33": [
         -0.008553615771234035,
         -0.06069447845220566,
         0.11409175395965576
      ],
      "34": [
         -0.00017092755297198892,
         -0.06484338641166687,
         0.11280930042266846
      ],
      "35": [
         0.008206896483898163,
         -0.06111223250627518,
         0.11396729946136475
      ],
      "36": [
         0.014769504778087139,
         -0.05489794537425041,
         0.11574900150299072
      ],
      "37": [
         -0.04541625455021858,
         -0.031960610300302505,
         0.15632593631744385
      ],
      "38": [
         -0.0376095287501812,
         -0.04164237529039383,
         0.1576521396636963
      ],
      "39": [
         -0.02694166637957096,
         -0.04244173318147659,
         0.15835201740264893
      ],
      "40": [
         -0.017607582733035088,
         -0.038575027137994766,
         0.15543842315673828
      ],
      "41": [
         -0.026583021506667137,
         -0.04106668382883072,
         0.15338218212127686
      ],
      "42": [
         -0.03733702749013901,
         -0.03944578766822815,
         0.15230321884155273
      ],
      "43": [
         0.01838015764951706,
         -0.03966304287314415,
         0.15500640869140625
      ],
      "44": [
         0.02781924419105053,
         -0.04393486678600311,
         0.15724337100982666
      ],
      "45": [
         0.038731351494789124,
         -0.043268054723739624,
         0.15720021724700928
      ],
      "46": [
         0.046634070575237274,
         -0.03308899700641632,
         0.15557599067687988
      ],
      "47": [
         0.03841356560587883,
         -0.040684886276721954,
         0.15198934078216553
      ],
      "48": [
         0.027079537510871887,
         -0.04219762980937958,
         0.15221858024597168
      ],
      "49": [
         -0.024005381390452385,
         -0.047700002789497375,
         0.09205341339111328
      ],
      "50": [
         -0.01720435544848442,
         -0.05725744739174843,
         0.09634733200073242
      ],
      "51": [
         -0.009349166415631771,
         -0.06297074258327484,
         0.10066473484039307
      ],
      "52": [
         0.00011968053877353668,
         -0.06495717167854309,
         0.10021007061004639
      ],
      "53": [
         0.009811284951865673,
         -0.06350955367088318,
         0.10056626796722412
      ],
      "54": [
         0.017893342301249504,
         -0.05802393704652786,
         0.09631824493408203
      ],
      "55": [
         0.024504490196704865,
         -0.04898128658533096,
         0.09198307991027832
      ],
      "56": [
         0.018486320972442627,
         -0.054896239191293716,
         0.09005856513977051
      ],
      "57": [
         0.009967008605599403,
         -0.061280954629182816,
         0.08889222145080566
      ],
      "58": [
         0.0007786822970956564,
         -0.06243836134672165,
         0.08826518058776855
      ],
      "59": [
         -0.00850124005228281,
         -0.06120801717042923,
         0.0885697603225708
      ],
      "60": [
         -0.0174774881452322,
         -0.05444258451461792,
         0.08978509902954102
      ],
      "61": [
         -0.02156084217131138,
         -0.04718843847513199,
         0.09320259094238281
      ],
      "62": [
         -0.007248145528137684,
         -0.05839616060256958,
         0.09555399417877197
      ],
      "63": [
         0.0007141607929952443,
         -0.05994245409965515,
         0.09534192085266113
      ],
      "64": [
         0.008515462279319763,
         -0.058675434440374374,
         0.09546530246734619
      ],
      "65": [
         0.02259044349193573,
         -0.04845923185348511,
         0.09315478801727295
      ],
      "66": [
         0.008947229012846947,
         -0.05801815167069435,
         0.09421098232269287
      ],
      "67": [
         0.0008650587406009436,
         -0.05925257131457329,
         0.0940697193145752
      ],
      "68": [
         -0.007453355938196182,
         -0.05817515403032303,
         0.09420299530029297
      ]
   },
   "keypoints_2d_coordinates": {
      "1": [
         44,
         24
      ],
      "2": [
         55,
         25
      ],
      "3": [
         66,
         26
      ],