{
   "keypoints_3d_coordinates": {
      "1": [
         -0.07426576316356659,
         0.025023728609085083,
         0.14569532871246338
      ],
      "2": [
         -0.07069505751132965,
         0.02026170864701271,
         0.12573421001434326
      ],
      "3": [
         -0.06736565381288528,
         0.01887698471546173,
         0.10656929016113281
      ],
      "4": [
         -0.06219583377242088,
         0.015706002712249756,
         0.08536040782928467
      ],
      "5": [
         -0.056263379752635956,
         0.006536958739161491,
         0.0706106424331665
      ],
      "6": [
         -0.05011685937643051,
         -0.011477400548756123,
         0.06281661987304688
      ],
      "7": [
         -0.040180206298828125,
         -0.025382936000823975,
         0.055686116218566895
      ],
      "8": [
         -0.02802971564233303,
         -0.041318297386169434,
         0.05184376239776611
      ],
      "9": [
         -0.002737099304795265,
         -0.05252090469002724,
         0.04972958564758301
      ],
      "10": [
         0.022840607911348343,
         -0.04169236123561859,
         0.052477478981018066
      ],
      "11": [
         0.03593897074460983,
         -0.02616739273071289,
         0.05617201328277588
      ],
      "12": [
         0.04675048217177391,
         -0.012818856164813042,
         0.06364703178405762
      ],
      "13": [
         0.053289320319890976,
         0.005379717797040939,
         0.07147216796875
      ],
      "14": [
         0.0584416463971138,
         0.014652423560619354,
         0.08656609058380127
      ],
      "15": [
         0.0632292702794075,
         0.01848667487502098,
         0.10767722129821777
      ],
      "16": [
         0.06568767875432968,
         0.019359275698661804,
         0.126800537109375
      ],
      "17": [
         0.06816508620977402,
         0.024209976196289062,
         0.14603829383850098
      ],
      "18": [
         -0.05152897909283638,
         -0.037506792694330215,
         0.16719484329223633
      ],
      "19": [
         -0.04856178164482117,
         -0.038918495178222656,
         0.1714547872543335
      ],
      "20": [
         -0.04020208120346069,
         -0.04396439343690872,
         0.17308473587036133
      ],
      "21": [
         -0.030406279489398003,
         -0.04828409105539322,
         0.1718348264694214
      ],
      "22": [
         -0.019105279818177223,
         -0.050520993769168854,
         0.1687847375869751
      ],
      "23": [
         0.011527719907462597,
         -0.05081819370388985,
         0.16919481754302979
      ],
      "24": [
         0.022634120658040047,
         -0.048475392162799835,
         0.17221474647521973
      ],
      "25": [
         0.0325104184448719,
         -0.04399799555540085,
         0.1734248399734497
      ],
      "26": [
         0.04111421853303909,
         -0.03896479308605194,
         0.17206478118896484
      ],
      "27": [
         0.0442231185734272,
         -0.0374755933880806,
         0.16802477836608887
      ],
      "28": [
         -0.0038596016820520163,
         -0.051431380212306976,
         0.16064774990081787
      ],
      "29": [
         -0.003742688801139593,
         -0.05643957480788231,
         0.14948737621307373
      ],
      "30": [
         -0.0038088809233158827,
         -0.06329420953989029,
         0.13928043842315674
      ],
      "31": [
         -0.0034964424557983875,
         -0.07264396548271179,
         0.12564003467559814
      ],
      "32": [
         -0.015320539474487305,
         -0.04932883381843567,
         0.11144077777862549
      ],
      "33": [
         -0.009729663841426373,
         -0.05392106622457504,
         0.11053776741027832
      ],
      "34": [
         -0.0030783512629568577,
         -0.05752160772681236,
         0.1097877025604248
      ],
      "35": [
         0.003712765406817198,
         -0.05452623590826988,
         0.10999476909637451
      ],
      "36": [
         0.009345612488687038,
         -0.049159929156303406,
         0.11180007457733154
      ],
      "37": [
         -0.04741792753338814,
         -0.03104548342525959,
         0.15156054496765137
      ],
      "38": [
         -0.04023858159780502,
         -0.04050125926733017,
         0.1529000997543335
      ],
      "39": [
         -0.029702195897698402,
         -0.0404946506023407,
         0.15326344966888428
      ],
      "40": [
         -0.020885705947875977,
         -0.036017045378685,
         0.1508575677871704
      ],
      "41": [
         -0.029164733365178108,
         -0.03935285657644272,
         0.14872682094573975
      ],
      "42": [
         -0.03984036296606064,
         -0.038584500551223755,
         0.14773714542388916
      ],
      "43": [
         0.01313796266913414,
         -0.037212859839200974,
         0.1505521535873413
      ],
      "44": [
         0.022714946419000626,
         -0.04153558984398842,
         0.15304946899414062
      ],
      "45": [
         0.03330427035689354,
         -0.04136226326227188,
         0.15248942375183105
      ],
      "46": [
         0.03970436006784439,
         -0.032364197075366974,
         0.1513303518295288
      ],
      "47": [
         0.03332427144050598,
         -0.03900559991598129,
         0.1473027467727661
      ],
      "48": [
         0.02213156782090664,
         -0.04032516106963158,
         0.14837801456451416
      ],
      "49": [
         -0.025363409891724586,
         -0.04490476846694946,
         0.08658397197723389
      ],
      "50": [
         -0.018453720957040787,
         -0.05216051638126373,
         0.0915219783782959
      ],
      "51": [
         -0.011833181604743004,
         -0.05715705826878548,
         0.09465467929840088
      ],
      "52": [
         -0.0032746170181781054,
         -0.05913276597857475,
         0.09404897689819336
      ],
      "53": [
         0.005103337578475475,
         -0.05799373611807823,
         0.09435737133026123
      ],
      "54": [
         0.012080884538590908,
         -0.05385459214448929,
         0.09105825424194336
      ],
      "55": [
         0.019200485199689865,
         -0.046034544706344604,
         0.0866694450378418
      ],
      "56": [
         0.012994807213544846,
         -0.05267729610204697,
         0.08495509624481201
      ],
      "57": [
         0.005525813437998295,
         -0.05785837769508362,
         0.08421087265014648
      ],
      "58": [
         -0.0034658685326576233,
         -0.05915026739239693,
         0.08361828327178955
      ],
      "59": [
         -0.01208481565117836,
         -0.05759457126259804,
         0.08430242538452148
      ],
      "60": [
         -0.019471265375614166,
         -0.05187597498297691,
         0.08552849292755127
      ],
      "61": [
         -0.02301994152367115,
         -0.044279783964157104,
         0.08729994297027588
      ],
      "62": [
         -0.010219252668321133,
         -0.05250110477209091,
         0.09027087688446045
      ],
      "63": [
         -0.0032019885256886482,
         -0.05399027839303017,
         0.09015035629272461
      ],
      "64": [
         0.003770888317376375,
         -0.053241729736328125,
         0.09015774726867676
      ],
      "65": [
         0.016995983198285103,
         -0.04578118026256561,
         0.0872504711151123
      ],
      "66": [
         0.003735138103365898,
         -0.053479716181755066,
         0.08840763568878174
      ],
      "67": [
         -0.0033253345172852278,
         -0.05429450422525406,
         0.08850336074829102
      ],
      "68": [
         -0.010047130286693573,
         -0.052969127893447876,
         0.08858883380889893
      ]
   },
   "keypoints_2d_coordinates": {
      "1": [
         50,
         22
      ],
      "2": [
         61,
         24
      ],
      "3": [
         72,
         26
      ],