{
   "keypoints_3d_coordinates": {
      "1": [
         -0.05990201607346535,
         0.012289116159081459,
         0.12744224071502686
      ],
      "2": [
         -0.058400921523571014,
         0.008301068097352982,
         0.11137259006500244
      ],
      "3": [
         -0.05549269914627075,
         0.009254883974790573,
         0.09453690052032471
      ],
      "4": [
         -0.05149085074663162,
         0.00827445462346077,
         0.07616138458251953
      ],
      "5": [
         -0.04719416797161102,
         0.0020464081317186356,
         0.06142079830169678
      ],
      "6": [
         -0.04145871475338936,
         -0.009615810588002205,
         0.05108749866485596
      ],
      "7": [
         -0.033012308180332184,
         -0.016964832320809364,
         0.041149020195007324
      ],
      "8": [
         -0.023011300712823868,
         -0.023213285952806473,
         0.03184986114501953
      ],
      "9": [
         -0.00145171326585114,
         -0.02648802474141121,
         0.022251248359680176
      ],
      "10": [
         0.020272783935070038,
         -0.023314058780670166,
         0.03228163719177246
      ],
      "11": [
         0.03051227703690529,
         -0.017502300441265106,
         0.04160881042480469
      ],
      "12": [
         0.03905637562274933,
         -0.010508735664188862,
         0.05130338668823242
      ],
      "13": [
         0.04456835240125656,
         0.0013658590614795685,
         0.06145811080932617
      ],
      "14": [
         0.04861094057559967,
         0.008175935596227646,
         0.07555556297302246
      ],
      "15": [
         0.05272320285439491,
         0.00928802601993084,
         0.09323251247406006
      ],
      "16": [
         0.05578452721238136,
         0.008202558383345604,
         0.10964977741241455
      ],
      "17": [
         0.05746803432703018,
         0.01155015267431736,
         0.1252455711364746
      ],
      "18": [
         -0.045834340155124664,
         -0.030279992148280144,
         0.15452909469604492
      ],
      "19": [
         -0.043110936880111694,
         -0.03328119218349457,
         0.1584479808807373
      ],
      "20": [
         -0.03552844002842903,
         -0.03826149180531502,
         0.16215312480926514
      ],
      "21": [
         -0.02669723890721798,
         -0.04283219203352928,
         0.16526103019714355
      ],
      "22": [
         -0.016597138717770576,
         -0.04516769200563431,
         0.1603020429611206
      ],
      "23": [
         0.013198360800743103,
         -0.04536629095673561,
         0.1602400541305542
      ],
      "24": [
         0.023709561675786972,
         -0.04254209250211716,
         0.16407108306884766
      ],
      "25": [
         0.03224585950374603,
         -0.03851199150085449,
         0.16122806072235107
      ],
      "26": [
         0.03962266072630882,
         -0.03372969478368759,
         0.15731310844421387
      ],
      "27": [
         0.04221675917506218,
         -0.03076809272170067,
         0.15300309658050537
      ],
      "28": [
         -0.002213819185271859,
         -0.04528127983212471,
         0.14039981365203857
      ],
      "29": [
         -0.0023171594366431236,
         -0.04910439997911453,
         0.12245309352874756
      ],
      "30": [
         -0.0022068163380026817,
         -0.05394739285111427,
         0.11282563209533691
      ],
      "31": [
         -0.0017258537700399756,
         -0.05994771420955658,
         0.1007528305053711
      ],
      "32": [
         -0.012793483212590218,
         -0.04570138454437256,
         0.08814918994903564
      ],
      "33": [
         -0.007290679961442947,
         -0.048868611454963684,
         0.08664345741271973
      ],
      "34": [
         -0.001701271627098322,
         -0.05100444331765175,
         0.08672833442687988
      ],
      "35": [
         0.003932778257876635,
         -0.04873683303594589,
         0.0863337516784668
      ],
      "36": [
         0.008948550559580326,
         -0.0451793447136879,
         0.08833920955657959
      ],
      "37": [
         -0.03866621106863022,
         -0.033671677112579346,
         0.13026607036590576
      ],
      "38": [
         -0.03284160792827606,
         -0.04150780662894249,
         0.12789511680603027
      ],
      "39": [
         -0.024136628955602646,
         -0.041415244340896606,
         0.12733125686645508
      ],
      "40": [
         -0.018271900713443756,
         -0.039143528789281845,
         0.12740087509155273
      ],
      "41": [
         -0.02415182814002037,
         -0.04100871831178665,
         0.12707602977752686
      ],
      "42": [
         -0.03221430256962776,
         -0.03998852148652077,
         0.12764084339141846
      ],
      "43": [
         0.013360277749598026,
         -0.0395779088139534,
         0.12704205513000488
      ],
      "44": [
         0.020405219867825508,
         -0.04172218590974808,
         0.1268385648727417
      ],
      "45": [
         0.028302717953920364,
         -0.04179832339286804,
         0.12673866748809814
      ],
      "46": [
         0.03365650400519371,
         -0.03443223237991333,
         0.1289687156677246
      ],
      "47": [
         0.027620775625109673,
         -0.04022101312875748,
         0.12641441822052002
      ],
      "48": [
         0.019963013008236885,
         -0.04132642224431038,
         0.12644970417022705
      ],
      "49": [
         -0.018958328291773796,
         -0.04164892062544823,
         0.060588836669921875
      ],
      "50": [
         -0.013232174329459667,
         -0.049033790826797485,
         0.06953370571136475
      ],
      "51": [
         -0.007707079406827688,
         -0.052768558263778687,
         0.07451760768890381
      ],
      "52": [
         -0.0010690402705222368,
         -0.05469370260834694,
         0.0752488374710083
      ],
      "53": [
         0.005498835351318121,
         -0.052574656903743744,
         0.0748443603515625
      ],
      "54": [
         0.010955080389976501,
         -0.04884947091341019,
         0.06956315040588379
      ],
      "55": [
         0.01498694159090519,
         -0.04199989512562752,
         0.06078684329986572
      ],
      "56": [
         0.010976188816130161,
         -0.04214739799499512,
         0.051256418228149414
      ],
      "57": [
         0.005143098533153534,
         -0.04332398623228073,
         0.04445385932922363
      ],
      "58": [
         -0.0008723192731849849,
         -0.04453510046005249,
         0.04242253303527832
      ],
      "59": [
         -0.007667610887438059,
         -0.043891098350286484,
         0.044078707695007324
      ],
      "60": [
         -0.014219971373677254,
         -0.04226243495941162,
         0.05028510093688965
      ],
      "61": [
         -0.01850155182182789,
         -0.03830144926905632,
         0.06079602241516113
      ],
      "62": [
         -0.006554772146046162,
         -0.048444706946611404,
         0.07042396068572998
      ],
      "63": [
         -0.0011929241009056568,
         -0.04891687631607056,
         0.07028758525848389
      ],
      "64": [
         0.004328696057200432,
         -0.04819836467504501,
         0.07061100006103516
      ],
      "65": [
         0.014811443164944649,
         -0.03848828375339508,
         0.061575889587402344
      ],
      "66": [
         0.003921760246157646,
         -0.04003351926803589,
         0.05185580253601074
      ],
      "67": [
         -0.0012239849893376231,
         -0.04116508737206459,
         0.05106985569000244
      ],
      "68": [
         -0.006445079110562801,
         -0.04050108790397644,
         0.0517270565032959
      ]
   },
   "keypoints_2d_coordinates": {
      "1": [
         60,
         30
      ],
      "2": [
         69,
         31
      ],
      "3": [
         78,
         32
      ],