{
   "keypoints_3d_coordinates": {
      "1": [
         -0.07804842293262482,
         0.01936228945851326,
         0.14475727081298828
      ],
      "2": [
         -0.07687869668006897,
         0.014535963535308838,
         0.12511491775512695
      ],
      "3": [
         -0.0763411670923233,
         0.013558130711317062,
         0.10497105121612549
      ],
      "4": [
         -0.07223372161388397,
         0.011080622673034668,
         0.08261799812316895
      ],
      "5": [
         -0.06393756717443466,
         0.0017894618213176727,
         0.06792926788330078
      ],
      "6": [
         -0.05553978681564331,
         -0.017382998019456863,
         0.05989491939544678
      ],
      "7": [
         -0.04365260899066925,
         -0.030300157144665718,
         0.052007317543029785
      ],
      "8": [
         -0.029616529121994972,
         -0.04493984580039978,
         0.04705679416656494
      ],
      "9": [
         -0.0031923516653478146,
         -0.05561145395040512,
         0.04265916347503662
      ],
      "10": [
         0.023122353479266167,
         -0.04472782462835312,
         0.047962188720703125
      ],
      "11": [
         0.03750050067901611,
         -0.030286749824881554,
         0.053521037101745605
      ],
      "12": [
         0.049111731350421906,
         -0.017359565943479538,
         0.061965346336364746
      ],
      "13": [
         0.05838506296277046,
         0.0015766527503728867,
         0.07057774066925049
      ],
      "14": [
         0.06601084768772125,
         0.010125670582056046,
         0.08553314208984375
      ],
      "15": [
         0.06894969940185547,
         0.012560874223709106,
         0.10797834396362305
      ],
      "16": [
         0.06738924980163574,
         0.012671191245317459,
         0.12777841091156006
      ],
      "17": [
         0.06661713868379593,
         0.01786327362060547,
         0.14762306213378906
      ],
      "18": [
         -0.05510813370347023,
         -0.046002037823200226,
         0.16893327236175537
      ],
      "19": [
         -0.05173063278198242,
         -0.04728073626756668,
         0.17436671257019043
      ],
      "20": [
         -0.04296793416142464,
         -0.052646733820438385,
         0.17685961723327637
      ],
      "21": [
         -0.03273163363337517,
         -0.05768083781003952,
         0.1761852502822876
      ],
      "22": [
         -0.02085583284497261,
         -0.05909503251314163,
         0.17370033264160156
      ],
      "23": [
         0.009078066796064377,
         -0.05899403616786003,
         0.17427968978881836
      ],
      "24": [
         0.02034926787018776,
         -0.05757523328065872,
         0.1768033504486084
      ],
      "25": [
         0.030432667583227158,
         -0.053129732608795166,
         0.17809271812438965
      ],
      "26": [
         0.03938036784529686,
         -0.047555238008499146,
         0.17591166496276855
      ],
      "27": [
         0.042891569435596466,
         -0.04626783728599548,
         0.17050433158874512
      ],
      "28": [
         -0.005040464457124472,
         -0.05909973382949829,
         0.1637212038040161
      ],
      "29": [
         -0.004207652527838945,
         -0.06522442400455475,
         0.15072929859161377
      ],
      "30": [
         -0.0036185821518301964,
         -0.07287200540304184,
         0.140924334526062
      ],
      "31": [
         -0.0031452877447009087,
         -0.08258415758609772,
         0.12848114967346191
      ],
      "32": [
         -0.020115679129958153,
         -0.05991601571440697,
         0.11380958557128906
      ],
      "33": [
         -0.012704732827842236,
         -0.06562237441539764,
         0.11282336711883545
      ],
      "34": [
         -0.003609074279665947,
         -0.06930173933506012,
         0.11172735691070557
      ],
      "35": [
         0.00541368592530489,
         -0.06596288830041885,
         0.11229383945465088
      ],
      "36": [
         0.01254090666770935,
         -0.06049809604883194,
         0.11377811431884766
      ],
      "37": [
         -0.049592334777116776,
         -0.042465779930353165,
         0.14963161945343018
      ],
      "38": [
         -0.042674899101257324,
         -0.05132336914539337,
         0.14643144607543945
      ],
      "39": [
         -0.03069158084690571,
         -0.051252976059913635,
         0.1485128402709961
      ],
      "40": [
         -0.022658171132206917,
         -0.04651248827576637,
         0.1510390043258667
      ],
      "41": [
         -0.030584925785660744,
         -0.050528787076473236,
         0.14887666702270508
      ],
      "42": [
         -0.04215749725699425,
         -0.049879200756549835,
         0.1466987133026123
      ],
      "43": [
         0.012411028146743774,
         -0.04650116711854935,
         0.15086698532104492
      ],
      "44": [
         0.02144049108028412,
         -0.05107472836971283,
         0.14907550811767578
      ],
      "45": [
         0.033547334372997284,
         -0.05048102140426636,
         0.1482020616531372
      ],
      "46": [
         0.039496224373579025,
         -0.041834454983472824,
         0.15145087242126465
      ],
      "47": [
         0.03289604187011719,
         -0.04943767935037613,
         0.14846909046173096
      ],
      "48": [
         0.021098216995596886,
         -0.05047326162457466,
         0.1492476463317871
      ],
      "49": [
         -0.03070550411939621,
         -0.0519438162446022,
         0.08420765399932861
      ],
      "50": [
         -0.023512324318289757,
         -0.06419627368450165,
         0.0911097526550293
      ],
      "51": [
         -0.015127959661185741,
         -0.06993274390697479,
         0.09606945514678955
      ],
      "52": [
         -0.0037253282498568296,
         -0.07278793305158615,
         0.0949479341506958
      ],
      "53": [
         0.008149178698658943,
         -0.07018746435642242,
         0.09525299072265625
      ],
      "54": [
         0.01729283481836319,
         -0.06375713646411896,
         0.09070515632629395
      ],
      "55": [
         0.022932104766368866,
         -0.05277397483587265,
         0.0840613842010498
      ],
      "56": [
         0.016520369797945023,
         -0.05944555997848511,
         0.07750868797302246
      ],
      "57": [
         0.0076578110456466675,
         -0.06532028317451477,
         0.07417964935302734
      ],
      "58": [
         -0.00439603952690959,
         -0.0674315094947815,
         0.07358169555664062
      ],
      "59": [
         -0.015040753409266472,
         -0.06549747288227081,
         0.07402265071868896
      ],
      "60": [
         -0.024024242535233498,
         -0.05962565168738365,
         0.07793569564819336
      ],
      "61": [
         -0.027271753177046776,
         -0.052208419889211655,
         0.08552253246307373
      ],
      "62": [
         -0.013176335953176022,
         -0.06636751443147659,
         0.09040713310241699
      ],
      "63": [
         -0.004072040785104036,
         -0.06838108599185944,
         0.09012281894683838
      ],
      "64": [
         0.0064057596027851105,
         -0.06690165400505066,
         0.09000396728515625
      ],
      "65": [
         0.02006370946764946,
         -0.05305309593677521,
         0.08472990989685059
      ],
      "66": [
         0.005770758725702763,
         -0.06316673010587692,
         0.07979178428649902
      ],
      "67": [
         -0.004151110537350178,
         -0.06456655263900757,
         0.07965993881225586
      ],
      "68": [
         -0.013168216682970524,
         -0.06331578642129898,
         0.08016085624694824
      ]
   },
   "keypoints_2d_coordinates": {
      "1": [
         50,
         20
      ],
      "2": [
         61,
         20
      ],
      "3": [
         73,
         21
      ],