{
   "version": "1.0.0",
   "datapoints": [
      {
         "human": {
            "id": "1ad89cac-65d6-4523-84ad-912f4587c36f",
            "head": {
               "eyes": {
                  "id": "c07640c0-0462-4e4f-b968-393d9bb53b51",
                  "target_of_gaze": {
                     "direction": {
                        "x": 0.2106298536191008,
                        "z": 0.06241215711388903,
                        "y": -0.9509169912377048
                     },
                     "distance": 2.6408578948901575
                  },
                  "eyelid_closure": 0.698788020747956
               },
               "location": {
                  "x": 0.0,
                  "z": 0.0,
                  "y": 0.0
               },
               "rotation": {
                  "roll": 0.0,
                  "yaw": 0.0,
                  "pitch": 0.0
               },
               "expression": {
                  "intensity": 0.5121971277110746,
                  "name": "anger"
               },
               "eyebrows": {
                  "id": "2297620b-120c-4df0-9dea-3a47ec7d601d",
                  "color_settings": {
                     "index_of_refraction": 1.4679377331741876,
                     "melanin": 0.1956985629898187,
                     "redness": 0.8642776561416322,
                     "roughness": 0.20902926016129236,
                     "whiteness": 0.4328498453754924
                  }
               },
               "hair": {
                  "id": "ef64fbe0-6f9d-4ba8-bfef-49fedd1a8d68",
                  "color_settings": {
                     "index_of_refraction": 1.4679377331741876,
                     "melanin": 0.1956985629898187,
                     "redness": 0.8642776561416322,
                     "roughness": 0.20902926016129236,
                     "whiteness": 0.4328498453754924
                  }
               },
               "facial_hair": null
            }
         },
         "camera": {
            "name": "camera",
            "intrinsic_params": {
               "projection": "perspective",
               "resolution_width": 128,
               "resolution_height": 128,
               "fov_horizontal": 8.0,
               "fov_vertical": 8.0,
               "sensor_width": 15.0,
               "wavelength": "visible"
            },
            "extrinsic_params": {
               "rotation": {
                  "roll": 0.0,
                  "yaw": 0.0,
                  "pitch": 0.0
               },
               "location": {
                  "x": 0.0,
                  "z": 0.12,
                  "y": -1.6
               }
            }
         },
         "accessories": {
            "mask": null,
            "glasses": null
         },
         "background": {
            "id": "3fdf062a-af29-4880-8028-955d17982f1e",
            "transparent": false,
            "rotation": 185.9273111751313
         },
         "lights": []
      }
   ]
}