{
   "version": "1.0.0",
   "datapoints": [
      {
         "human": {
            "id": "14d52c6d-2078-41b4-a961-9fbf59f15e25",
            "head": {
               "eyes": {
                  "id": "9a63fdf1-baa8-4533-bad8-a00f47ee7fb1",
                  "target_of_gaze": {
                     "distance": 0.9165607195768779,
                     "direction": {
                        "x": -0.43955857566039747,
                        "z": -0.393856801219673,
                        "y": -0.9749905117805123
                     }
                  },
                  "eyelid_closure": 0.6265065466369711
               },
               "location": {
                  "x": 0.0,
                  "z": 0.0,
                  "y": 0.0
               },
               "rotation": {
                  "pitch": 0.0,
                  "yaw": 0.0,
                  "roll": 0.0
               },
               "expression": {
                  "intensity": 0.44783766169659833,
                  "name": "mouth_open"
               },
               "eyebrows": {
                  "id": "23568adb-a4ec-4936-aef8-c7f9adcf7180",
                  "color_settings": {
                     "index_of_refraction": 1.4758225752957723,
                     "melanin": 0.9570278389218638,
                     "redness": 0.6896133213668508,
                     "roughness": 0.45361441106537004,
                     "whiteness": 0.7336960755434786
                  }
               },
               "hair": {
                  "id": "b374f996-a8ad-449c-8e48-70cd8f73877e",
                  "color_settings": {
                     "index_of_refraction": 1.4758225752957723,
                     "melanin": 0.9570278389218638,
                     "redness": 0.6896133213668508,
                     "roughness": 0.45361441106537004,
                     "whiteness": 0.7336960755434786
                  }
               },
               "facial_hair": null
            }
         },
         "camera": {
            "name": "camera",
            "intrinsic_params": {
               "projection": "perspective",
               "resolution_width": 128,
               "resolution_height": 128,
               "fov_horizontal": 8.0,
               "fov_vertical": 8.0,
               "sensor_width": 15.0,
               "wavelength": "visible"
            },
            "extrinsic_params": {
               "rotation": {
                  "pitch": 0.0,
                  "yaw": 0.0,
                  "roll": 0.0
               },
               "location": {
                  "x": 0.0,
                  "z": 0.12,
                  "y": -1.6
               }
            }
         },
         "accessories": {
            "glasses": null,
            "mask": null
         },
         "background": {
            "id": "a3d61f31-baaa-4604-b289-26f46a6b93e9",
            "transparent": false,
            "rotation": 40.86677675848415
         },
         "lights": []
      }
   ]
}