{
   "version": "1.0.0",
   "center_of_rotation_point": {
      "2d": {
         "camera": {
            "right_eye": {
               "x": 37.31984699851478,
               "y": 46.92924801023343
            },
            "left_eye": {
               "x": 38.52446244895894,
               "y": 82.21272872211352
            }
         }
      },
      "3d": {
         "right_eye": {
            "x": -0.02886374667286873,
            "y": -0.052479714155197144,
            "z": 0.16511161625385284
         },
         "left_eye": {
            "x": 0.030776316300034523,
            "y": -0.05340031534433365,
            "z": 0.16304919123649597
         }
      }
   },
   "identity_label": {
      "age": "adult",
      "ethnicity": "southeast_asian",
      "gender": "female"
   },
   "head_metadata": {
      "head_six_dof": {
         "location": {
            "x": 0.0011029241140931845,
            "y": -0.06840825080871582,
            "z": 0.16989469528198242
         },
         "look_at_vector": {
            "x": 8.74227803627227e-08,
            "y": -0.9999999999999962,
            "z": 9.553428304548457e-16
         }
      },
      "head_root_location": {
         "x": 0.0,
         "y": 0.0,
         "z": 0.0
      },
      "head_rotation": {
         "yaw": 0.0,
         "roll": 0.0,
         "pitch": 0.0
      }
   },
   "facial_hair_included": false,
   "eye_gaze": {
      "axis_directions": {
         "right_eye": {
            "axis_directions": {
               "visual_axis_direction": {
                  "x": 0.10614453585204485,
                  "y": -0.9615577637291558,
                  "z": -0.2532587698796216
               },
               "optical_axis_direction": {
                  "x": 0.04232915844122565,
                  "y": -0.9662884514463917,
                  "z": -0.25395840397000374
               }
            }
         },
         "left_eye": {
            "axis_directions": {
               "visual_axis_direction": {
                  "x": 0.09534293331697898,
                  "y": -0.9643989858457681,
                  "z": -0.24666641677814188
               },
               "optical_axis_direction": {
                  "x": 0.16854746906760013,
                  "y": -0.9534788854020961,
                  "z": -0.24993952421192359
               }
            }
         }
      },
      "target_point": {
         "right_eye": {
            "x": 0.3782394528388977,
            "y": -3.336535930633545,
            "z": -0.7027493119239807
         },
         "left_eye": {
            "x": 0.3782394528388977,
            "y": -3.336535930633545,
            "z": -0.7027493119239807
         }
      },
      "eye_gaze_direction_type": "custom"
   },
   "center_of_pupil_point": {
      "2d": {
         "camera": {
            "right_eye": {
               "x": 38.726612182589214,
               "y": 47.07966001894702
            },
            "left_eye": {
               "x": 39.907402161889024,
               "y": 83.37287460220963
            }
         }
      },
      "3d": {
         "right_eye": {
            "x": -0.028422214090824127,
            "y": -0.06260621547698975,
            "z": 0.16245338320732117
         },
         "left_eye": {
            "x": 0.03252695873379707,
            "y": -0.06331203132867813,
            "z": 0.16045135259628296
         }
      }
   },
   "center_of_iris_point": {
      "2d": {
         "camera": {
            "right_eye": {
               "x": 38.7812405598706,
               "y": 47.08559249588733
            },
            "left_eye": {
               "x": 39.96067538629378,
               "y": 83.41789305798076
            }
         }
      },
      "3d": {
         "right_eye": {
            "x": -0.028405074030160904,
            "y": -0.06299445033073425,
            "z": 0.16235092282295227
         },
         "left_eye": {
            "x": 0.03259448707103729,
            "y": -0.06369180977344513,
            "z": 0.1603519320487976
         }
      }
   },
   "eyelid_closure_intensity_level": 3,
   "identity_id": "87a50790-30ae-4df7-afd1-73a0c684f3e4",
   "face_expression": {
      "name": "contempt",
      "intensity_level": 2.887985717611895
   },
   "pupil_circle": {
      "2d": {
         "camera": {
            "right_eye": [
               {
                  "x": 37.00445562395313,
                  "y": 47.09214584156064
               },
               {
                  "x": 37.23618969058293,
                  "y": 47.97493013568304
               },
               {
                  "x": 37.86668950279766,
                  "y": 48.61739368280651
               },
               {
                  "x": 38.727457854174716,
                  "y": 48.84767116739499
               },
               {
                  "x": 39.587890943394456,
                  "y": 48.60417266276892
               },
               {
                  "x": 40.21719811821671,
                  "y": 47.952668177419625
               },
               {
                  "x": 40.44726689622134,
                  "y": 47.06730593845308
               },
               {
                  "x": 40.216611691984234,
                  "y": 46.185030087266334
               },
               {
                  "x": 39.586314543803645,
                  "y": 45.5421137150845
               },
               {
                  "x": 38.72545829795672,
                  "y": 45.311167119263196
               },
               {
                  "x": 37.86504811878307,
                  "y": 45.5536784062913
               },
               {
                  "x": 37.23467122470624,
                  "y": 46.20561111134699
               }
            ],
            "left_eye": [
               {
                  "x": 38.19874025965296,
                  "y": 83.40057685830321
               },
               {
                  "x": 38.40204758650645,
                  "y": 84.25844895704131
               },
               {
                  "x": 39.0084468787293,
                  "y": 84.8784891253183
               },
               {
                  "x": 39.855267803291376,
                  "y": 85.09485462062206
               },
               {
                  "x": 40.71554616744461,
                  "y": 84.85014644253859
               },
               {
                  "x": 41.35929457151244,
                  "y": 84.20984233141546
               },
               {
                  "x": 41.61417753448601,
                  "y": 83.34525930683496
               },
               {
                  "x": 41.41199816232843,
                  "y": 82.48787140874896
               },
               {
                  "x": 40.80655975961996,
                  "y": 81.86742640987963
               },
               {
                  "x": 39.95965310699311,
                  "y": 81.65004341841964
               },
               {
                  "x": 39.09822205867292,
                  "y": 81.89440240614637
               },
               {
                  "x": 38.45379126754134,
                  "y": 82.5351858401784
               }
            ]
         }
      },
      "3d": {
         "right_eye": [
            {
               "x": -0.02838735468685627,
               "y": -0.0633578896522522,
               "z": 0.16532403230667114
            },
            {
               "x": -0.02690812572836876,
               "y": -0.06319127976894379,
               "z": 0.16493983566761017
            },
            {
               "x": -0.025834763422608376,
               "y": -0.06286906450986862,
               "z": 0.16389034688472748
            },
            {
               "x": -0.025454524904489517,
               "y": -0.062475983053445816,
               "z": 0.16245555877685547
            },
            {
               "x": -0.02586960792541504,
               "y": -0.062117643654346466,