{
   "version": "1.0.0",
   "eyelid_closure_intensity_level": 1,
   "identity_id": "1379327b-d836-460a-9383-d4852aad08a9",
   "center_of_pupil_point": {
      "2d": {
         "camera": {
            "right_eye": {
               "x": 49.72841074868134,
               "y": 42.04307024409136
            },
            "left_eye": {
               "x": 49.831572954622615,
               "y": 79.86862136683919
            }
         }
      },
      "3d": {
         "right_eye": {
            "x": -0.03641028329730034,
            "y": -0.0822901725769043,
            "z": 0.14366599917411804
         },
         "left_eye": {
            "x": 0.02634226530790329,
            "y": -0.0806766152381897,
            "z": 0.14351990818977356
         }
      }
   },
   "identity_label": {
      "age": "young",
      "ethnicity": "african",
      "gender": "female"
   },
   "eye_gaze": {
      "axis_directions": {
         "right_eye": {
            "axis_directions": {
               "visual_axis_direction": {
                  "x": -0.2456259656111189,
                  "y": -0.9592239183387069,
                  "z": -0.13984762959930086
               },
               "optical_axis_direction": {
                  "x": -0.307442334749187,
                  "y": -0.941622282337167,
                  "z": -0.1372103793818576
               }
            }
         },
         "left_eye": {
            "axis_directions": {
               "visual_axis_direction": {
                  "x": -0.43616459351551223,
                  "y": -0.8894507896725669,
                  "z": -0.13652010882758356
               },
               "optical_axis_direction": {
                  "x": -0.2097593487106644,
                  "y": -0.9677515231934537,
                  "z": -0.1394919531199848
               }
            }
         }
      },
      "target_point": {
         "right_eye": {
            "x": -0.22467170655727386,
            "y": -0.9009764194488525,
            "z": 0.009364787489175797
         },
         "left_eye": {
            "x": -0.22467170655727386,
            "y": -0.9009764194488525,
            "z": 0.009364787489175797
         }
      },
      "eye_gaze_direction_type": "custom"
   },
   "apex_of_cornea_point": {
      "2d": {
         "camera": {
            "right_eye": {
               "x": 49.98013035016716,
               "y": 41.3650544209158
            },
            "left_eye": {
               "x": 50.08639730075482,
               "y": 79.4736665902606
            }
         }
      },
      "3d": {
         "right_eye": {
            "x": -0.037455443292856216,
            "y": -0.08549124747514725,
            "z": 0.14319954812526703
         },
         "left_eye": {
            "x": 0.025631165131926537,
            "y": -0.08395736664533615,
            "z": 0.1430470198392868
         }
      }
   },
   "pupil_circle": {
      "2d": {
         "camera": {
            "right_eye": [
               {
                  "x": 47.911190368571084,
                  "y": 42.01758173607045
               },
               {
                  "x": 48.18147581733774,
                  "y": 42.8826060737972
               },
               {
                  "x": 48.86681903455457,
                  "y": 43.522936211651334
               },
               {
                  "x": 49.7830740081422,
                  "y": 43.76665894536063
               },
               {
                  "x": 50.68445202448321,
                  "y": 43.548011359829445
               },
               {
                  "x": 51.32927901777444,
                  "y": 42.92641196230648
               },
               {
                  "x": 51.54485373064272,
                  "y": 42.06854324882444
               },
               {
                  "x": 51.27371465324284,
                  "y": 41.20436938481612
               },
               {
                  "x": 50.589044414431825,
                  "y": 40.56499586627366
               },
               {
                  "x": 49.673881259739716,
                  "y": 40.321561653942155
               },
               {
                  "x": 48.77310076894343,
                  "y": 40.5391524625321
               },
               {
                  "x": 48.12739405321025,
                  "y": 41.15981687336704
               }
            ],
            "left_eye": [
               {
                  "x": 48.03973830548798,
                  "y": 79.84915847513439
               },
               {
                  "x": 48.291525811612765,
                  "y": 80.73580459727599
               },
               {
                  "x": 48.95619719086134,
                  "y": 81.38990185351759
               },
               {
                  "x": 49.855488296725646,
                  "y": 81.63640111423557
               },
               {
                  "x": 50.74801903081995,
                  "y": 81.40892839951086
               },
               {
                  "x": 51.39465568491731,
                  "y": 80.76909416027502
               },
               {
                  "x": 51.62238466699216,
                  "y": 79.88806330649564
               },
               {
                  "x": 51.37019603458619,
                  "y": 79.00222334862165
               },
               {
                  "x": 50.70620004982401,
                  "y": 78.34851877899287
               },
               {
                  "x": 49.80787306891676,
                  "y": 78.10184070155977
               },
               {
                  "x": 48.91567869983366,
                  "y": 78.3286440012814
               },
               {
                  "x": 48.26848240597044,
                  "y": 78.96813548530126
               }
            ]
         }
      },
      "3d": {
         "right_eye": [
            {
               "x": -0.03644222021102905,
               "y": -0.08272024989128113,
               "z": 0.146671861410141
            },
            {
               "x": -0.03499886021018028,
               "y": -0.08312469720840454,
               "z": 0.14621679484844208
            },
            {
               "x": -0.033933572471141815,
               "y": -0.08330518752336502,
               "z": 0.14507795870304108
            },
            {
               "x": -0.033531706780195236,
               "y": -0.08321383595466614,
               "z": 0.1435610055923462
            },
            {
               "x": -0.0339016318321228,
               "y": -0.08287501335144043,
               "z": 0.14207212626934052
            },
            {
               "x": -0.034943412989377975,
               "y": -0.08237966895103455,
               "z": 0.1410101056098938
            },
            {
               "x": -0.03637835010886192,
               "y": -0.0818600133061409,
               "z": 0.14065971970558167
            },
            {
               "x": -0.03782184422016144,
               "y": -0.08145596086978912,
               "z": 0.14111508429050446
            },
            {
               "x": -0.03888729214668274,
               "y": -0.08127560466527939,
               "z": 0.14225371181964874
            },
            {
               "x": -0.039288874715566635,
               "y": -0.08136699348688126,
               "z": 0.14377087354660034
            },
            {
               "x": -0.03891914710402489,
               "y": -0.08170585334300995,
               "z": 0.14525987207889557
            },
            {
               "x": -0.037877168506383896,
               "y": -0.08220113068819046,
               "z": 0.14632244408130646
            }
         ],
         "left_eye": [
            {
               "x": 0.026302700862288475,
               "y": -0.0810956060886383,
               "z": 0.14648708701133728
            },
            {
               "x": 0.027769463136792183,