{
   "version": "1.0.0",
   "datapoints": [
      {
         "human": {
            "id": "9a092e90-3e2e-4af1-bdea-a82421a6aef5",
            "head": {
               "eyes": {
                  "id": "3d7b470f-68a3-4790-bbcc-bde867292c25",
                  "target_of_gaze": {
                     "distance": 1.0158412118002618,
                     "direction": {
                        "y": -0.8596399487723513,
                        "z": 0.10351647094783889,
                        "x": -0.48280080694135996
                     }
                  },
                  "eyelid_closure": 0.303477032154712
               },
               "location": {
                  "y": 0.0,
                  "z": 0.0,
                  "x": 0.0
               },
               "rotation": {
                  "roll": 0.0,
                  "pitch": 0.0,
                  "yaw": 0.0
               },
               "expression": {
                  "name": "none",
                  "intensity": 0.8620672433704277
               },
               "eyebrows": {
                  "id": "880f57e4-bdc6-406e-bf9d-f76c633cbba2",
                  "color_settings": {
                     "index_of_refraction": 1.6290245172806832,
                     "melanin": 0.9376966068611389,
                     "redness": 0.23522168511511798,
                     "roughness": 0.49468368504384097,
                     "whiteness": 0.18785122872412097
                  }
               },
               "hair": {
                  "id": "1de194f8-3e62-4cb0-9bea-328b0eab88b4",
                  "color_settings": {
                     "index_of_refraction": 1.6290245172806832,
                     "melanin": 0.9376966068611389,
                     "redness": 0.23522168511511798,
                     "roughness": 0.49468368504384097,
                     "whiteness": 0.18785122872412097
                  }
               },
               "facial_hair": null
            }
         },
         "camera": {
            "name": "camera",
            "intrinsic_params": {
               "projection": "perspective",
               "resolution_width": 128,
               "resolution_height": 128,
               "fov_horizontal": 8.0,
               "fov_vertical": 8.0,
               "sensor_width": 15.0,
               "wavelength": "visible"
            },
            "extrinsic_params": {
               "rotation": {
                  "roll": 0.0,
                  "pitch": 0.0,
                  "yaw": 0.0
               },
               "location": {
                  "y": -1.6,
                  "z": 0.12,
                  "x": 0.0
               }
            }
         },
         "accessories": {
            "mask": null,
            "glasses": null
         },
         "background": {
            "id": "15fc323f-1b46-4c1e-9732-24b757835e58",
            "transparent": false,
            "rotation": 335.85237925396905
         },
         "lights": []
      }
   ]
}