{
   "version": "1.1.0",
   "camera_name": "camera",
   "camera_type": "PERSP",
   "focal_length": 50.0,
   "location": {
      "x": 0.0,
      "y": -0.6000000238418579,
      "z": 0.12000000476837158
   },
   "orientation": {
      "look_at_vector": {
         "x": 0.0,
         "y": 1.0,
         "z": 1.4901162614933128e-07
      },
      "up_vector": {
         "x": 0.0,
         "y": -1.4901162614933128e-07,
         "z": 1.0
      }
   },
   "aspect_px": {
      "x": 1.0,
      "y": 1.0
   },
   "resolution_px": {
      "x": 1024.0,
      "y": 1024.0
   },
   "fov": {
      "horizontal": 25.00000012650595,
      "vertical": 24.99999973172853
   },
   "sensor": {
      "sensor_width": 22.169466018676758,
      "sensor_height": 22.169466018676758
   },
   "intrinsic_matrix": [
      [
         2309.482779461912,
         -1.4141503467769815e-13,
         512.0
      ],
      [
         0.0,
         2309.482779461912,
         512.0
      ],
      [
         0.0,
         0.0,
         1.0
      ]
   ],
   "extrinsic_matrix": [
      [
         1.0000000596046377,
         0.0,
         0.0,
         0.0
      ],
      [
         -0.0,
         -0.0,
         -1.0000001192092896,
         0.1200000190734869
      ],
      [
         0.0,
         0.9999999403953552,
         1.4901161193847656e-07,
         0.5999999701976755
      ]
   ]
}