{
   "version": "1.0.0",
   "head_metadata": {
      "head_rotation": {
         "roll": 0.0,
         "yaw": 0.0,
         "pitch": 0.0
      },
      "head_six_dof": {
         "location": {
            "x": 0.0022449493408203125,
            "y": -0.07655150443315506,
            "z": 0.15605783462524414
         },
         "look_at_vector": {
            "x": 8.74227803627227e-08,
            "y": -0.9999999999999962,
            "z": 9.553428304548457e-16
         }
      },
      "head_root_location": {
         "x": 0.0,
         "y": 0.0,
         "z": 0.0
      }
   },
   "eyelid_closure_intensity_level": 0,
   "center_of_rotation_point": {
      "2d": {
         "camera": {
            "right_eye": {
               "x": 46.963705890038874,
               "y": 47.11356088269273
            },
            "left_eye": {
               "x": 46.817034853411776,
               "y": 83.30800465886882
            }
         }
      },
      "3d": {
         "right_eye": {
            "x": -0.02861001528799534,
            "y": -0.049340974539518356,
            "z": 0.14886391162872314
         },
         "left_eye": {
            "x": 0.03273148834705353,
            "y": -0.04845399037003517,
            "z": 0.14912906289100647
         }
      }
   },
   "identity_label": {
      "age": "young",
      "ethnicity": "hispanic",
      "gender": "female"
   },
   "accessories": [],
   "center_of_iris_point": {
      "2d": {
         "camera": {
            "right_eye": {
               "x": 45.08951779298428,
               "y": 43.84515117279346
            },
            "left_eye": {
               "x": 44.80350440395935,
               "y": 80.97444168642508
            }
         }
      },
      "3d": {
         "right_eye": {
            "x": -0.03394652158021927,
            "y": -0.05846980959177017,
            "z": 0.1518506556749344
         },
         "left_eye": {
            "x": 0.028586694970726967,
            "y": -0.05863764137029648,
            "z": 0.15232886373996735
         }
      }
   },
   "identity_id": "92fad8c9-7f26-455e-8562-3d4f3f098a6b",
   "apex_of_cornea_point": {
      "2d": {
         "camera": {
            "right_eye": {
               "x": 44.5777204817125,
               "y": 42.95415189743489
            },
            "left_eye": {
               "x": 44.252389072799396,
               "y": 80.33563550174951
            }
         }
      },
      "3d": {
         "right_eye": {
            "x": -0.035390451550483704,
            "y": -0.060938507318496704,
            "z": 0.1526602804660797
         },
         "left_eye": {
            "x": 0.02746153622865677,
            "y": -0.06140224635601044,
            "z": 0.15319734811782837
         }
      }
   },
   "center_of_pupil_point": {
      "2d": {
         "camera": {
            "right_eye": {
               "x": 45.15927969536361,
               "y": 43.966190916888664
            },
            "left_eye": {
               "x": 44.87828918128336,
               "y": 81.06099862803252
            }
         }
      },
      "3d": {
         "right_eye": {
            "x": -0.0337500274181366,
            "y": -0.05813305079936981,
            "z": 0.15174008905887604
         },
         "left_eye": {
            "x": 0.02873947285115719,
            "y": -0.05826174095273018,
            "z": 0.1522107720375061
         }
      }
   },
   "facial_hair_included": false,
   "face_expression": {
      "name": "surprise",
      "intensity_level": 1.4753309274094029
   },
   "eye_gaze": {
      "axis_directions": {
         "right_eye": {
            "axis_directions": {
               "visual_axis_direction": {
                  "x": -0.4289778408848153,
                  "y": -0.859985381219271,
                  "z": 0.27641120838154737
               },
               "optical_axis_direction": {
                  "x": -0.48567429119086275,
                  "y": -0.8306011107287411,
                  "z": 0.2724376584329607
               }
            }
         },
         "left_eye": {
            "axis_directions": {
               "visual_axis_direction": {
                  "x": -0.5047466881758669,
                  "y": -0.817802032359217,
                  "z": 0.27646087724057516
               },
               "optical_axis_direction": {
                  "x": -0.3619007834674854,
                  "y": -0.8893644222412317,
                  "z": 0.2793899557556435
               }
            }
         }
      },
      "target_point": {
         "right_eye": {
            "x": -1.9394036531448364,
            "y": -3.8534793853759766,
            "z": 1.3621243238449097
         },
         "left_eye": {
            "x": -1.9394036531448364,
            "y": -3.8534793853759766,
            "z": 1.3621243238449097
         }
      },
      "eye_gaze_direction_type": "custom"
   },
   "iris_circle": {
      "2d": {
         "camera": {
            "right_eye": [
               {
                  "x": 40.87678682092928,
                  "y": 44.123846683925535
               },
               {
                  "x": 41.23607084767286,
                  "y": 45.97402007355601
               },
               {
                  "x": 42.62516401732068,
                  "y": 47.248330258487464
               },
               {
                  "x": 44.67365642254193,
                  "y": 47.60242908476437
               },
               {
                  "x": 46.83155850005575,
                  "y": 46.93830409602086
               },
               {
                  "x": 48.51634024577271,
                  "y": 45.434372084876145
               },
               {
                  "x": 49.27356791817715,
                  "y": 43.4964184081658
               },
               {
                  "x": 48.902951638238456,
                  "y": 41.647437470154095
               },
               {
                  "x": 47.50772369210806,
                  "y": 40.382387844966445
               },
               {
                  "x": 45.46381048004389,
                  "y": 40.03652412111483
               },
               {
                  "x": 43.317069421846675,
                  "y": 40.69980640330933
               },
               {
                  "x": 41.638836465497995,
                  "y": 42.1945265944304
               }
            ],
            "left_eye": [
               {
                  "x": 40.40408315368752,
                  "y": 81.24387106153799
               },
               {
                  "x": 40.882280731952505,
                  "y": 83.35075653466298
               },
               {
                  "x": 42.40758490492596,
                  "y": 84.81836571163099
               },
               {
                  "x": 44.573324776258985,
                  "y": 85.25092085682665
               },
               {
                  "x": 46.79803065304849,
                  "y": 84.52860728591997
               },
               {
                  "x": 48.48239532590011,
                  "y": 82.8454080948961
               },
               {
                  "x": 49.17203753117561,
                  "y": 80.65496926114824
               },
               {
                  "x": 48.68386735763143,
                  "y": 78.5471581969416
               },
               {
                  "x": 47.15229489746123,
                  "y": 77.08765458805536
               },
               {
                  "x": 44.99014251770125,
                  "y": 76.663897512246
               },
               {
                  "x": 42.77545448046615,
                  "y": 77.38670892603122
               },
               {
                  "x": 41.09743936353461,
                  "y": 79.0618863916151
               }
            ]
         }
      },
      "3d": {
         "right_eye": [
            {
               "x": -0.033519476652145386,