{
   "version": "1.0.0",
   "identity_label": {
      "age": "young",
      "ethnicity": "south_asian",
      "gender": "male"
   },
   "apex_of_cornea_point": {
      "2d": {
         "camera": {
            "right_eye": {
               "x": 40.90636278848936,
               "y": 48.52101053973727
            },
            "left_eye": {
               "x": 40.696432249937125,
               "y": 85.66235873863833
            }
         }
      },
      "3d": {
         "right_eye": {
            "x": -0.026341378688812256,
            "y": -0.04248514771461487,
            "z": 0.15929961204528809
         },
         "left_eye": {
            "x": 0.036801811307668686,
            "y": -0.045109715312719345,
            "z": 0.15959003567695618
         }
      }
   },
   "face_expression": {
      "intensity_level": 4.129828658657667,
      "name": "anger"
   },
   "eye_gaze": {
      "axis_directions": {
         "right_eye": {
            "axis_directions": {
               "visual_axis_direction": {
                  "x": 0.3809018141657669,
                  "y": -0.9245699749353451,
                  "z": 0.009174388986894015
               },
               "optical_axis_direction": {
                  "x": 0.32057181857271205,
                  "y": -0.9471777116091786,
                  "z": 0.009385721484460784
               }
            }
         },
         "left_eye": {
            "axis_directions": {
               "visual_axis_direction": {
                  "x": -0.37582105958256407,
                  "y": -0.9266882003101473,
                  "z": -0.0027405437743568102
               },
               "optical_axis_direction": {
                  "x": 0.4468038238028014,
                  "y": -0.894481967374784,
                  "z": 0.016381485785206065
               }
            }
         }
      },
      "target_point": {
         "right_eye": {
            "x": 1.091038465499878,
            "y": -2.553161859512329,
            "z": 0.2589712142944336
         },
         "left_eye": {
            "x": 1.091038465499878,
            "y": -2.553161859512329,
            "z": 0.2589712142944336
         }
      },
      "eye_gaze_direction_type": "custom"
   },
   "center_of_pupil_point": {
      "2d": {
         "camera": {
            "right_eye": {
               "x": 40.96742155964862,
               "y": 47.96233453563882
            },
            "left_eye": {
               "x": 40.76779750515486,
               "y": 84.80944332865597
            }
         }
      },
      "3d": {
         "right_eye": {
            "x": -0.02734401635825634,
            "y": -0.03952270373702049,
            "z": 0.1592702567577362
         },
         "left_eye": {
            "x": 0.0354158915579319,
            "y": -0.04233516380190849,
            "z": 0.15953922271728516
         }
      }
   },
   "facial_hair_included": false,
   "iris_circle": {
      "2d": {
         "camera": {
            "right_eye": [
               {
                  "x": 36.93446815584224,
                  "y": 48.03689684663502
               },
               {
                  "x": 37.49230242683251,
                  "y": 49.95709213407336
               },
               {
                  "x": 38.9763825964095,
                  "y": 51.364423456751794
               },
               {
                  "x": 40.989722044950504,
                  "y": 51.88299450971217
               },
               {
                  "x": 42.99511973187812,
                  "y": 51.37586261885624
               },
               {
                  "x": 44.456205337339455,
                  "y": 49.97674367667911
               },
               {
                  "x": 44.98180576137953,
                  "y": 48.05938493131635
               },
               {
                  "x": 44.429495972032456,
                  "y": 46.13605140264227
               },
               {
                  "x": 42.944793116955644,
                  "y": 44.7236010107895
               },
               {
                  "x": 40.926065477634985,
                  "y": 44.20227232370849
               },
               {
                  "x": 38.91605834646777,
                  "y": 44.712459023837894
               },
               {
                  "x": 37.45517682133388,
                  "y": 46.116711363164974
               }
            ],
            "left_eye": [
               {
                  "x": 36.76620545329635,
                  "y": 84.91971461464
               },
               {
                  "x": 37.335078107026135,
                  "y": 86.68679548118034
               },
               {
                  "x": 38.81814154340193,
                  "y": 87.98408927456987
               },
               {
                  "x": 40.81828196894749,
                  "y": 88.46572145793648
               },
               {
                  "x": 42.8020099775485,
                  "y": 88.00482746540197
               },
               {
                  "x": 44.24058095095983,
                  "y": 86.72276399219334
               },
               {
                  "x": 44.74762576598348,
                  "y": 84.96118848646957
               },
               {
                  "x": 44.18543240400592,
                  "y": 83.19055004125359
               },
               {
                  "x": 42.70212218225486,
                  "y": 81.88701163842774
               },
               {
                  "x": 40.694993386757666,
                  "y": 81.40178486915998
               },
               {
                  "x": 38.70484352501587,
                  "y": 81.86641540726443
               },
               {
                  "x": 37.26692265040115,
                  "y": 83.15482960535658
               }
            ]
         }
      },
      "3d": {
         "right_eye": [
            {
               "x": -0.0272099319845438,
               "y": -0.039921559393405914,
               "z": 0.16613459587097168
            },
            {
               "x": -0.023953642696142197,
               "y": -0.03882776200771332,
               "z": 0.1652154177427292
            },
            {
               "x": -0.021563924849033356,
               "y": -0.038043100386857986,
               "z": 0.1627054065465927
            },
            {
               "x": -0.020682446658611298,
               "y": -0.037777431309223175,
               "z": 0.1592761129140854
            },
            {
               "x": -0.02154359593987465,
               "y": -0.03810159116983414,
               "z": 0.15584567189216614
            },
            {
               "x": -0.023918570950627327,
               "y": -0.03892900049686432,
               "z": 0.1533346027135849
            },
            {
               "x": -0.027169564738869667,
               "y": -0.04003840684890747,
               "z": 0.15241506695747375
            },
            {
               "x": -0.03042640909552574,
               "y": -0.041131291538476944,
               "z": 0.15333306789398193
            },
            {
               "x": -0.032815612852573395,
               "y": -0.04191584140062332,
               "z": 0.1558438092470169
            },
            {
               "x": -0.03369736671447754,
               "y": -0.04218128323554993,
               "z": 0.15927374362945557
            },
            {
               "x": -0.03283580765128136,
               "y": -0.04185761883854866,
               "z": 0.16270381212234497
            },
            {
               "x": -0.030461324378848076,
               "y": -0.04103022813796997,
               "z": 0.16521486639976501
            }
         ],
         "left_eye": [
            {
               "x": 0.035596318542957306,
               "y": -0.04265214875340462,