{
   "keypoints_3d_coordinates": {
      "1": [
         -0.061955057084560394,
         0.009038560092449188,
         0.14329314231872559
      ],
      "2": [
         -0.06029847264289856,
         0.0028524957597255707,
         0.1251363754272461
      ],
      "3": [
         -0.05794674530625343,
         0.003970474004745483,
         0.10670042037963867
      ],
      "4": [
         -0.053262218832969666,
         0.003017272800207138,
         0.08662688732147217
      ],
      "5": [
         -0.047756023705005646,
         -0.004868458956480026,
         0.07243895530700684
      ],
      "6": [
         -0.042448580265045166,
         -0.01965213194489479,
         0.06411945819854736
      ],
      "7": [
         -0.0336780808866024,
         -0.029358625411987305,
         0.056958913803100586
      ],
      "8": [
         -0.02336749993264675,
         -0.04055264592170715,
         0.05203902721405029
      ],
      "9": [
         -0.000253516947850585,
         -0.049445249140262604,
         0.04529154300689697
      ],
      "10": [
         0.023795440793037415,
         -0.04245227575302124,
         0.0506058931350708
      ],
      "11": [
         0.034850288182497025,
         -0.03184424340724945,
         0.05558013916015625
      ],
      "12": [
         0.045149099081754684,
         -0.02327617257833481,
         0.0620114803314209
      ],
      "13": [
         0.052475787699222565,
         -0.009473899379372597,
         0.06991016864776611
      ],
      "14": [
         0.059494439512491226,
         -0.0023141950368881226,
         0.08427000045776367
      ],
      "15": [
         0.0648726224899292,
         -0.0008302126079797745,
         0.10483932495117188
      ],
      "16": [
         0.06810151040554047,
         -0.0017908364534378052,
         0.12283539772033691
      ],
      "17": [
         0.07045803219079971,
         0.0028142891824245453,
         0.14092981815338135
      ],
      "18": [
         -0.04485535994172096,
         -0.04153440147638321,
         0.16358017921447754
      ],
      "19": [
         -0.04177265986800194,
         -0.04543600231409073,
         0.16560018062591553
      ],
      "20": [
         -0.034477658569812775,
         -0.05286310613155365,
         0.1683201789855957
      ],
      "21": [
         -0.02548205852508545,
         -0.058587703853845596,
         0.16836011409759521
      ],
      "22": [
         -0.014862259849905968,
         -0.06239840388298035,
         0.16576015949249268
      ],
      "23": [
         0.020180940628051758,
         -0.06341640651226044,
         0.16505014896392822
      ],
      "24": [
         0.031175341457128525,
         -0.060314204543828964,
         0.16702020168304443
      ],
      "25": [
         0.040325939655303955,
         -0.055844202637672424,
         0.16673016548156738
      ],
      "26": [
         0.04835573956370354,
         -0.049083203077316284,
         0.16382014751434326
      ],
      "27": [
         0.05132903903722763,
         -0.04526180401444435,
         0.16119015216827393
      ],
      "28": [
         0.0025701643899083138,
         -0.06321599334478378,
         0.14974069595336914
      ],
      "29": [
         0.0022027709055691957,
         -0.0688660591840744,
         0.13497531414031982
      ],
      "30": [
         0.0018091441597789526,
         -0.07308519631624222,
         0.1283203363418579
      ],
      "31": [
         0.0011205959599465132,
         -0.08050467073917389,
         0.116851806640625
      ],
      "32": [
         -0.013127321377396584,
         -0.06328307837247849,
         0.10496139526367188
      ],
      "33": [
         -0.0067331837490201,
         -0.0680917277932167,
         0.10190260410308838
      ],
      "34": [
         0.0013305344618856907,
         -0.07120867073535919,
         0.1004711389541626
      ],
      "35": [
         0.00951292458921671,
         -0.06938374042510986,
         0.10150146484375
      ],
      "36": [
         0.016419216990470886,
         -0.06472690403461456,
         0.10360956192016602
      ],
      "37": [
         -0.036483652889728546,
         -0.046000413596630096,
         0.1421300172805786
      ],
      "38": [
         -0.03004249557852745,
         -0.05511460080742836,
         0.14245808124542236
      ],
      "39": [
         -0.020336054265499115,
         -0.05615992099046707,
         0.14187157154083252
      ],
      "40": [
         -0.012806394137442112,
         -0.05341488867998123,
         0.13966739177703857
      ],
      "41": [
         -0.02053949050605297,
         -0.05438713729381561,
         0.13800418376922607
      ],
      "42": [
         -0.030022211372852325,
         -0.05273207649588585,
         0.13860607147216797
      ],
      "43": [
         0.018531281501054764,
         -0.054063860327005386,
         0.13915836811065674
      ],
      "44": [
         0.025181714445352554,
         -0.057498518377542496,
         0.14104461669921875
      ],
      "45": [
         0.03461811691522598,
         -0.056944940239191055,
         0.14117050170898438
      ],
      "46": [
         0.04150700941681862,
         -0.04937012493610382,
         0.14013731479644775
      ],
      "47": [
         0.03420254960656166,
         -0.05487905815243721,
         0.13723289966583252
      ],
      "48": [
         0.025085512548685074,
         -0.055330805480480194,
         0.13730394840240479
      ],
      "49": [
         -0.02189214713871479,
         -0.054839588701725006,
         0.08328139781951904
      ],
      "50": [
         -0.01764984056353569,
         -0.06276065111160278,
         0.08700859546661377
      ],
      "51": [
         -0.009552422910928726,
         -0.06930913031101227,
         0.09101402759552002
      ],
      "52": [
         0.00036714994348585606,
         -0.07241274416446686,
         0.09087896347045898
      ],
      "53": [
         0.010052869096398354,
         -0.07093892991542816,
         0.09046196937561035
      ],
      "54": [
         0.018193626776337624,
         -0.06540518999099731,
         0.08571147918701172
      ],
      "55": [
         0.02385944128036499,
         -0.057099804282188416,
         0.08164966106414795
      ],
      "56": [
         0.017833296209573746,
         -0.06129737198352814,
         0.07725703716278076
      ],
      "57": [
         0.008731536567211151,
         -0.0669192224740982,
         0.07431042194366455
      ],
      "58": [
         -8.136965334415436e-05,
         -0.06739099323749542,
         0.07370460033416748
      ],
      "59": [
         -0.009533392265439034,
         -0.06579181551933289,
         0.07489347457885742
      ],
      "60": [
         -0.01721658743917942,
         -0.059435825794935226,
         0.07839453220367432
      ],
      "61": [
         -0.01983005180954933,
         -0.05164061114192009,
         0.0835111141204834
      ],
      "62": [
         -0.007573717273771763,
         -0.06239161640405655,
         0.08385264873504639
      ],
      "63": [
         0.0003780612023547292,
         -0.06516363471746445,
         0.08331692218780518
      ],
      "64": [
         0.008141780272126198,
         -0.0639163926243782,
         0.08336496353149414
      ],
      "65": [
         0.021799080073833466,
         -0.05382857844233513,
         0.08198988437652588
      ],
      "66": [
         0.007946748286485672,
         -0.06353369355201721,
         0.08271050453186035
      ],
      "67": [
         0.00037293240893632174,
         -0.06467030197381973,
         0.08251392841339111
      ],
      "68": [
         -0.007666534744203091,
         -0.06265977025032043,
         0.08304715156555176
      ]
   },
   "keypoints_2d_coordinates": {
      "1": [
         51,
         29
      ],
      "2": [
         61,
         30
      ],
      "3": [
         72,
         31
      ],