{
   "keypoints_3d_coordinates": {
      "1": [
         -0.06104331091046333,
         0.0019420087337493896,
         0.12615787982940674
      ],
      "2": [
         -0.05736720561981201,
         -0.0016327891498804092,
         0.10992848873138428
      ],
      "3": [
         -0.052927978336811066,
         -0.0005069896578788757,
         0.09456849098205566
      ],
      "4": [
         -0.04781351983547211,
         -0.00194571353495121,
         0.07720685005187988
      ],
      "5": [
         -0.043553002178668976,
         -0.008476361632347107,
         0.06358110904693604
      ],
      "6": [
         -0.03767517954111099,
         -0.021400805562734604,
         0.05505228042602539
      ],
      "7": [
         -0.02991548925638199,
         -0.031000899150967598,
         0.04727983474731445
      ],
      "8": [
         -0.020535971969366074,
         -0.041434384882450104,
         0.04237246513366699
      ],
      "9": [
         0.0012603600043803453,
         -0.048912014812231064,
         0.03682076930999756
      ],
      "10": [
         0.02202143892645836,
         -0.04028432071208954,
         0.04270005226135254
      ],
      "11": [
         0.03019203431904316,
         -0.029551900923252106,
         0.048327088356018066
      ],
      "12": [
         0.036753080785274506,
         -0.019783105701208115,
         0.055989623069763184
      ],
      "13": [
         0.04181593656539917,
         -0.006591590121388435,
         0.06426191329956055
      ],
      "14": [
         0.04575229808688164,
         -0.000637199729681015,
         0.07853507995605469
      ],
      "15": [
         0.049912840127944946,
         0.00024249032139778137,
         0.09566450119018555
      ],
      "16": [
         0.054207563400268555,
         -0.0013134703040122986,
         0.11098146438598633
      ],
      "17": [
         0.05825303494930267,
         0.0028107725083827972,
         0.12667667865753174
      ],
      "18": [
         -0.045556049793958664,
         -0.04908030107617378,
         0.1428670883178711
      ],
      "19": [
         -0.042858950793743134,
         -0.05267320200800896,
         0.14442765712738037
      ],
      "20": [
         -0.03625654801726341,
         -0.05888490006327629,
         0.1469637155532837
      ],
      "21": [
         -0.029012149199843407,
         -0.0645861029624939,
         0.1480090618133545
      ],
      "22": [
         -0.018790747970342636,
         -0.06889250129461288,
         0.14657068252563477
      ],
      "23": [
         0.0163082517683506,
         -0.06858280301094055,
         0.14668965339660645
      ],
      "24": [
         0.026610050350427628,
         -0.0632254034280777,
         0.14844107627868652
      ],
      "25": [
         0.0335143506526947,
         -0.05785640329122543,
         0.14737915992736816
      ],
      "26": [
         0.03978385031223297,
         -0.05127140134572983,
         0.1451587677001953
      ],
      "27": [
         0.04236534982919693,
         -0.04755759984254837,
         0.1437397003173828
      ],
      "28": [
         -0.0009914739057421684,
         -0.0704735741019249,
         0.13367950916290283
      ],
      "29": [
         -0.00025379768339917064,
         -0.07286573946475983,
         0.12138783931732178
      ],
      "30": [
         0.0002250351826660335,
         -0.07806730270385742,
         0.1128091812133789
      ],
      "31": [
         0.0006791698979213834,
         -0.08460011333227158,
         0.10155844688415527
      ],
      "32": [
         -0.010443789884448051,
         -0.06618747115135193,
         0.08877205848693848
      ],
      "33": [
         -0.005643545649945736,
         -0.06994672119617462,
         0.0874173641204834
      ],
      "34": [
         0.000190489343367517,
         -0.07233992218971252,
         0.08756804466247559
      ],
      "35": [
         0.005608350038528442,
         -0.06886743009090424,
         0.08756744861602783
      ],
      "36": [
         0.009914765134453773,
         -0.06449383497238159,
         0.09049546718597412
      ],
      "37": [
         -0.039926666766405106,
         -0.05286397784948349,
         0.12393832206726074
      ],
      "38": [
         -0.03366357460618019,
         -0.06212238594889641,
         0.12747561931610107
      ],
      "39": [
         -0.022377388551831245,
         -0.06221359595656395,
         0.12853145599365234
      ],
      "40": [
         -0.014222712256014347,
         -0.057284899055957794,
         0.1247091293334961
      ],
      "41": [
         -0.021069569513201714,
         -0.0603526309132576,
         0.12200331687927246
      ],
      "42": [
         -0.03262973204255104,
         -0.05899390950798988,
         0.12026488780975342
      ],
      "43": [
         0.011459587141871452,
         -0.057723816484212875,
         0.12397253513336182
      ],
      "44": [
         0.019946498796343803,
         -0.061751458793878555,
         0.12861847877502441
      ],
      "45": [
         0.03077847883105278,
         -0.06115655228495598,
         0.12903130054473877
      ],
      "46": [
         0.03804571181535721,
         -0.05122433602809906,
         0.12467217445373535
      ],
      "47": [
         0.030650565400719643,
         -0.05834971368312836,
         0.1211392879486084
      ],
      "48": [
         0.019203897565603256,
         -0.0597350187599659,
         0.12191307544708252
      ],
      "49": [
         -0.019148556515574455,
         -0.059457194060087204,
         0.06645619869232178
      ],
      "50": [
         -0.01353087741881609,
         -0.06638763844966888,
         0.07176589965820312
      ],
      "51": [
         -0.00654567452147603,
         -0.06998972594738007,
         0.07574450969696045
      ],
      "52": [
         0.0015919349389150739,
         -0.07156927138566971,
         0.0764845609664917
      ],
      "53": [
         0.009615582413971424,
         -0.06841295957565308,
         0.07665634155273438
      ],
      "54": [
         0.015981679782271385,
         -0.06435325741767883,
         0.0738745927810669
      ],
      "55": [
         0.019570810720324516,
         -0.057872336357831955,
         0.06878495216369629
      ],
      "56": [
         0.016693204641342163,
         -0.0625968873500824,
         0.06775915622711182
      ],
      "57": [
         0.010835045017302036,
         -0.06576021015644073,
         0.0666893720626831
      ],
      "58": [
         0.0022436464205384254,
         -0.06818360835313797,
         0.06543564796447754
      ],
      "59": [
         -0.006040799431502819,
         -0.0674256905913353,
         0.0657198429107666
      ],
      "60": [
         -0.01385781355202198,
         -0.0636223703622818,
         0.06597554683685303
      ],
      "61": [
         -0.018541783094406128,
         -0.05751711130142212,
         0.06679916381835938
      ],
      "62": [
         -0.005065804813057184,
         -0.06613495945930481,
         0.07210242748260498
      ],
      "63": [
         0.0012298376532271504,
         -0.06588265299797058,
         0.07265007495880127
      ],
      "64": [
         0.008011388592422009,
         -0.0648144781589508,
         0.07290542125701904
      ],
      "65": [
         0.019310450181365013,
         -0.05551270395517349,
         0.0690462589263916
      ],
      "66": [
         0.008457728661596775,
         -0.06417598575353622,
         0.0719757080078125
      ],
      "67": [
         0.0011914662318304181,
         -0.06543397903442383,
         0.07156991958618164
      ],
      "68": [
         -0.005222212988883257,
         -0.0646960437297821,
         0.07123088836669922
      ]
   },
   "keypoints_2d_coordinates": {
      "1": [
         60,
         29
      ],
      "2": [
         70,
         31
      ],
      "3": [
         79,
         34
      ],