{
   "keypoints_3d_coordinates": {
      "1": [
         -0.06843001395463943,
         0.052716031670570374,
         0.1647026538848877
      ],
      "2": [
         -0.06700675189495087,
         0.043057337403297424,
         0.14553380012512207
      ],
      "3": [
         -0.06490632891654968,
         0.03778020292520523,
         0.12586236000061035
      ],
      "4": [
         -0.06021859496831894,
         0.030432526022195816,
         0.10332345962524414
      ],
      "5": [
         -0.05251634493470192,
         0.018562311306595802,
         0.08854138851165771
      ],
      "6": [
         -0.04483615979552269,
         -3.616325557231903e-05,
         0.08278763294219971
      ],
      "7": [
         -0.03457748889923096,
         -0.013775665313005447,
         0.07648682594299316
      ],
      "8": [
         -0.022236652672290802,
         -0.029386084526777267,
         0.07224869728088379
      ],
      "9": [
         0.004267103038728237,
         -0.041884079575538635,
         0.0667879581451416
      ],
      "10": [
         0.030634837225079536,
         -0.029353559017181396,
         0.07219374179840088
      ],
      "11": [
         0.04192650318145752,
         -0.013167615979909897,
         0.07555937767028809
      ],
      "12": [
         0.05276985466480255,
         0.0008070920594036579,
         0.08101725578308105
      ],
      "13": [
         0.06035032495856285,
         0.01902610808610916,
         0.08662879467010498
      ],
      "14": [
         0.06852100044488907,
         0.031281836330890656,
         0.1018151044845581
      ],
      "15": [
         0.07365543395280838,
         0.03882506489753723,
         0.12466669082641602
      ],
      "16": [
         0.07601677626371384,
         0.044170163571834564,
         0.14479506015777588
      ],
      "17": [
         0.07820916175842285,
         0.052562687546014786,
         0.16384828090667725
      ],
      "18": [
         -0.04347582906484604,
         -0.006845864001661539,
         0.20012184977531433
      ],
      "19": [
         -0.04023859649896622,
         -0.00802553165704012,
         0.20491015911102295
      ],
      "20": [
         -0.031734976917505264,
         -0.013798221945762634,
         0.2077341377735138
      ],
      "21": [
         -0.02190423011779785,
         -0.018536429852247238,
         0.20742252469062805
      ],
      "22": [
         -0.010168313980102539,
         -0.021924618631601334,
         0.20453333854675293
      ],
      "23": [
         0.019262203946709633,
         -0.021345654502511024,
         0.20278838276863098
      ],
      "24": [
         0.03153572231531143,
         -0.018474899232387543,
         0.2052786648273468
      ],
      "25": [
         0.041197266429662704,
         -0.013832872733473778,
         0.2059279978275299
      ],
      "26": [
         0.04870706796646118,
         -0.007802143692970276,
         0.202774316072464
      ],
      "27": [
         0.051625318825244904,
         -0.0071551925502717495,
         0.19759716093540192
      ],
      "28": [
         0.0046469420194625854,
         -0.024113047868013382,
         0.19383883476257324
      ],
      "29": [
         0.004586780443787575,
         -0.033778995275497437,
         0.18076050281524658
      ],
      "30": [
         0.0045941611751914024,
         -0.043222181499004364,
         0.17004776000976562
      ],
      "31": [
         0.004490086808800697,
         -0.05421479046344757,
         0.15569829940795898
      ],
      "32": [
         -0.01216916274279356,
         -0.03382961452007294,
         0.1375277042388916
      ],
      "33": [
         -0.005168333649635315,
         -0.04012962058186531,
         0.13653254508972168
      ],
      "34": [
         0.004529920872300863,
         -0.04387524351477623,
         0.1361370086669922
      ],
      "35": [
         0.013777023181319237,
         -0.03999456390738487,
         0.1376631259918213
      ],
      "36": [
         0.02155383862555027,
         -0.0338180810213089,
         0.13883936405181885
      ],
      "37": [
         -0.03871213644742966,
         -0.0072900038212537766,
         0.1814866065979004
      ],
      "38": [
         -0.031378913670778275,
         -0.017207149416208267,
         0.18351149559020996
      ],
      "39": [
         -0.02055351436138153,
         -0.017638254910707474,
         0.18372106552124023
      ],
      "40": [
         -0.012574177235364914,
         -0.013153741136193275,
         0.18124103546142578
      ],
      "41": [
         -0.02018079161643982,
         -0.015991374850273132,
         0.17930102348327637
      ],
      "42": [
         -0.0308733731508255,
         -0.015389673411846161,
         0.1781601905822754
      ],
      "43": [
         0.02154563181102276,
         -0.012961363419890404,
         0.18156051635742188
      ],
      "44": [
         0.030055610463023186,
         -0.017367340624332428,
         0.18346881866455078
      ],
      "45": [
         0.04088011756539345,
         -0.01641133986413479,
         0.1830739974975586
      ],
      "46": [
         0.046872399747371674,
         -0.00765540124848485,
         0.18043899536132812
      ],
      "47": [
         0.04028940200805664,
         -0.014821676537394524,
         0.17764341831207275
      ],
      "48": [
         0.029676014557480812,
         -0.01574377343058586,
         0.1788879632949829
      ],
      "49": [
         -0.022007089108228683,
         -0.0280012097209692,
         0.11078250408172607
      ],
      "50": [
         -0.017318835482001305,
         -0.03921038657426834,
         0.11548030376434326
      ],
      "51": [
         -0.007693372666835785,
         -0.04509018361568451,
         0.11957764625549316
      ],
      "52": [
         0.004627213813364506,
         -0.04802863672375679,
         0.11869049072265625
      ],
      "53": [
         0.017378199845552444,
         -0.04464394599199295,
         0.11977934837341309
      ],
      "54": [
         0.027196597307920456,
         -0.037363506853580475,
         0.1162649393081665
      ],
      "55": [
         0.032419122755527496,
         -0.026421481743454933,
         0.11245930194854736
      ],
      "56": [
         0.026162678375840187,
         -0.034731343388557434,
         0.10841834545135498
      ],
      "57": [
         0.016851656138896942,
         -0.04342637211084366,
         0.10524046421051025
      ],
      "58": [
         0.004827758297324181,
         -0.04676550626754761,
         0.10415828227996826
      ],
      "59": [
         -0.007998612709343433,
         -0.04429151117801666,
         0.10436618328094482
      ],
      "60": [
         -0.017284957692027092,
         -0.037058617919683456,
         0.10663270950317383
      ],
      "61": [
         -0.019646605476737022,
         -0.02694789692759514,
         0.11104428768157959
      ],
      "62": [
         -0.006203274242579937,
         -0.0397830605506897,
         0.11209690570831299
      ],
      "63": [
         0.004325440619140863,
         -0.04232463613152504,
         0.11168229579925537
      ],
      "64": [
         0.015335075557231903,
         -0.040254250168800354,
         0.11268818378448486
      ],
      "65": [
         0.029959699138998985,
         -0.02586507983505726,
         0.11284029483795166
      ],
      "66": [
         0.014866432175040245,
         -0.039788033813238144,
         0.11181402206420898
      ],
      "67": [
         0.004277259111404419,
         -0.04184722155332565,
         0.11098062992095947
      ],
      "68": [
         -0.005816633813083172,
         -0.039459362626075745,
         0.11158299446105957
      ]
   },
   "keypoints_2d_coordinates": {
      "1": [
         314,
         209
      ],
      "2": [
         398,
         213
      ],
      "3": [
         486,
         222
      ],