{
   "version": "1.0.0",
   "facial_hair_included": false,
   "center_of_rotation_point": {
      "2d": {
         "camera": {
            "right_eye": {
               "x": 41.44088560545489,
               "y": 45.44606603367587
            },
            "left_eye": {
               "x": 40.57719715904265,
               "y": 83.27934526662717
            }
         }
      },
      "3d": {
         "right_eye": {
            "x": -0.03136525675654411,
            "y": -0.05279044061899185,
            "z": 0.15813598036766052
         },
         "left_eye": {
            "x": 0.03264212980866432,
            "y": -0.05038965865969658,
            "z": 0.15965747833251953
         }
      }
   },
   "head_metadata": {
      "head_six_dof": {
         "location": {
            "x": 0.0004863739013671875,
            "y": -0.07182967662811279,
            "z": 0.16679298877716064
         },
         "look_at_vector": {
            "x": 8.74227803627227e-08,
            "y": -0.9999999999999962,
            "z": 9.553428304548457e-16
         }
      },
      "head_rotation": {
         "roll": 0.0,
         "yaw": 0.0,
         "pitch": 0.0
      },
      "head_root_location": {
         "x": 0.0,
         "y": 0.0,
         "z": 0.0
      }
   },
   "apex_of_cornea_point": {
      "2d": {
         "camera": {
            "right_eye": {
               "x": 41.421880832298946,
               "y": 40.68712559107487
            },
            "left_eye": {
               "x": 40.546119023270236,
               "y": 79.3906770049862
            }
         }
      },
      "3d": {
         "right_eye": {
            "x": -0.03909372538328171,
            "y": -0.06521504372358322,
            "z": 0.1578616052865982
         },
         "left_eye": {
            "x": 0.025836896151304245,
            "y": -0.06354828923940659,
            "z": 0.15937289595603943
         }
      }
   },
   "center_of_pupil_point": {
      "2d": {
         "camera": {
            "right_eye": {
               "x": 41.426522974715496,
               "y": 41.8549900831707
            },
            "left_eye": {
               "x": 40.553415474537346,
               "y": 80.34032617109489
            }
         }
      },
      "3d": {
         "right_eye": {
            "x": -0.03720864653587341,
            "y": -0.06218428909778595,
            "z": 0.15792857110500336
         },
         "left_eye": {
            "x": 0.02748809941112995,
            "y": -0.060356080532073975,
            "z": 0.15944242477416992
         }
      }
   },
   "pupil_circle": {
      "2d": {
         "camera": {
            "right_eye": [
               {
                  "x": 39.556643583476244,
                  "y": 41.834795195520755
               },
               {
                  "x": 39.793564186237646,
                  "y": 42.618398124106854
               },
               {
                  "x": 40.4683992110992,
                  "y": 43.198231467093265
               },
               {
                  "x": 41.40022044537684,
                  "y": 43.41792009490854
               },
               {
                  "x": 42.339115349941004,
                  "y": 43.218398395420074
               },
               {
                  "x": 43.033195653135586,
                  "y": 42.65334512429311
               },
               {
                  "x": 43.29623879175818,
                  "y": 41.87513522600228
               },
               {
                  "x": 43.05769429302755,
                  "y": 41.09237211701659
               },
               {
                  "x": 42.382515868293225,
                  "y": 40.514345697965084
               },
               {
                  "x": 41.452275452517206,
                  "y": 40.2955337049493
               },
               {
                  "x": 40.51474171403292,
                  "y": 40.49413822622596
               },
               {
                  "x": 39.82072741887226,
                  "y": 41.05739111650322
               }
            ],
            "left_eye": [
               {
                  "x": 38.662461465347974,
                  "y": 80.32201700460453
               },
               {
                  "x": 38.90285864859556,
                  "y": 81.1711049140743
               },
               {
                  "x": 39.58619499238806,
                  "y": 81.79814383762233
               },
               {
                  "x": 40.529199733665116,
                  "y": 82.03475435762758
               },
               {
                  "x": 41.47859529872364,
                  "y": 81.81647535292834
               },
               {
                  "x": 42.17927107229436,
                  "y": 81.20280687063635
               },
               {
                  "x": 42.44415284178413,
                  "y": 80.35859077106636
               },
               {
                  "x": 42.20231418882484,
                  "y": 79.50987259969676
               },
               {
                  "x": 41.519382597516625,
                  "y": 78.88430353493744
               },
               {
                  "x": 40.57803422341408,
                  "y": 78.64882736394395
               },
               {
                  "x": 39.63008862614577,
                  "y": 78.86604798879247
               },
               {
                  "x": 38.92901029212321,
                  "y": 79.47820384738878
               }
            ]
         }
      },
      "3d": {
         "right_eye": [
            {
               "x": -0.037241388112306595,
               "y": -0.062233444303274155,
               "z": 0.1610690802335739
            },
            {
               "x": -0.03590560704469681,
               "y": -0.06305497139692307,
               "z": 0.16064928472042084
            },
            {
               "x": -0.03491852432489395,
               "y": -0.06364378333091736,
               "z": 0.15950091183185577
            },
            {
               "x": -0.034545306116342545,
               "y": -0.06384129822254181,
               "z": 0.157931849360466
            },
            {
               "x": -0.03488579019904137,
               "y": -0.0635945126414299,
               "z": 0.15636183321475983
            },
            {
               "x": -0.03584890812635422,
               "y": -0.06296978890895844,
               "z": 0.15521100163459778
            },
            {
               "x": -0.0371759869158268,
               "y": -0.062135111540555954,
               "z": 0.15478813648223877
            },
            {
               "x": -0.03851182386279106,
               "y": -0.06131306290626526,
               "z": 0.1552077680826187
            },
            {
               "x": -0.039498694241046906,
               "y": -0.06072443723678589,
               "z": 0.15635676681995392
            },
            {
               "x": -0.039871808141469955,
               "y": -0.060527097433805466,
               "z": 0.15792612731456757
            },
            {
               "x": -0.039531417191028595,
               "y": -0.060773592442274094,
               "z": 0.15949676930904388
            },
            {
               "x": -0.03856849670410156,
               "y": -0.06139829382300377,
               "z": 0.1606474369764328
            }
         ],
         "left_eye": [
            {
               "x": 0.02745637856423855,
               "y": -0.06040770933032036,
               "z": 0.16262200474739075
            },
            {
               "x": 0.02887110784649849,
               "y": -0.06113151088356972,
               "z": 0.1621977686882019
            },
            {
               "x": 0.02991536445915699,
               "y": -0.06164741516113281,
               "z": 0.16103506088256836
            },
            {
               "x": 0.030309714376926422,