{
   "keypoints_3d_coordinates": {
      "1": [
         -0.06960130482912064,
         0.031212467700242996,
         0.15304255485534668
      ],
      "2": [
         -0.06908382475376129,
         0.025718338787555695,
         0.1329808235168457
      ],
      "3": [
         -0.07063334435224533,
         0.0256582573056221,
         0.1128925085067749
      ],
      "4": [
         -0.06806378811597824,
         0.02167731150984764,
         0.09103882312774658
      ],
      "5": [
         -0.06014295667409897,
         0.00989941880106926,
         0.0755610466003418
      ],
      "6": [
         -0.0509566105902195,
         -0.009155329316854477,
         0.06659448146820068
      ],
      "7": [
         -0.03831762447953224,
         -0.02086963877081871,
         0.059937238693237305
      ],
      "8": [
         -0.02315344847738743,
         -0.0317637175321579,
         0.05754506587982178
      ],
      "9": [
         0.0018714326433837414,
         -0.041026562452316284,
         0.05162787437438965
      ],
      "10": [
         0.027700912207365036,
         -0.03298230841755867,
         0.05591630935668945
      ],
      "11": [
         0.0425555519759655,
         -0.022289667278528214,
         0.05835592746734619
      ],
      "12": [
         0.055735476315021515,
         -0.01117105782032013,
         0.06452500820159912
      ],
      "13": [
         0.06559938192367554,
         0.007205406203866005,
         0.07333683967590332
      ],
      "14": [
         0.07462532818317413,
         0.01830735057592392,
         0.0890275239944458
      ],
      "15": [
         0.07813160121440887,
         0.022160880267620087,
         0.11144149303436279
      ],
      "16": [
         0.07624545693397522,
         0.021845556795597076,
         0.13109993934631348
      ],
      "17": [
         0.07624584436416626,
         0.026968687772750854,
         0.1515500545501709
      ],
      "18": [
         -0.049837324768304825,
         -0.026558350771665573,
         0.1698383092880249
      ],
      "19": [
         -0.04606722295284271,
         -0.03079727105796337,
         0.17201995849609375
      ],
      "20": [
         -0.03763037547469139,
         -0.039130572229623795,
         0.17477071285247803
      ],
      "21": [
         -0.028290271759033203,
         -0.045932918787002563,
         0.17534196376800537
      ],
      "22": [
         -0.016401473432779312,
         -0.05089931935071945,
         0.17239606380462646
      ],
      "23": [
         0.02348707616329193,
         -0.05131762474775314,
         0.17110764980316162
      ],
      "24": [
         0.035248275846242905,
         -0.04665336757898331,
         0.17415595054626465
      ],
      "25": [
         0.04456547647714615,
         -0.0403573215007782,
         0.17358636856079102
      ],
      "26": [
         0.052653275430202484,
         -0.0326906219124794,
         0.1709740161895752
      ],
      "27": [
         0.056229326874017715,
         -0.028466571122407913,
         0.16882312297821045
      ],
      "28": [
         0.0034676077775657177,
         -0.050141677260398865,
         0.15604698657989502
      ],
      "29": [
         0.0033334901090711355,
         -0.05421159416437149,
         0.14202022552490234
      ],
      "30": [
         0.003162763547152281,
         -0.06015923619270325,
         0.13410019874572754
      ],
      "31": [
         0.0029700673185288906,
         -0.0692778006196022,
         0.1220695972442627
      ],
      "32": [
         -0.014331791549921036,
         -0.048335086554288864,
         0.11100375652313232
      ],
      "33": [
         -0.006418921053409576,
         -0.05352203920483589,
         0.10833144187927246
      ],
      "34": [
         0.003573409281671047,
         -0.056408416479825974,
         0.10696327686309814
      ],
      "35": [
         0.013335085473954678,
         -0.054356589913368225,
         0.10899007320404053
      ],
      "36": [
         0.021510988473892212,
         -0.04952095448970795,
         0.11150193214416504
      ],
      "37": [
         -0.04190671816468239,
         -0.02921699732542038,
         0.14648592472076416
      ],
      "38": [
         -0.03438248485326767,
         -0.03919778764247894,
         0.1426539421081543
      ],
      "39": [
         -0.023460345342755318,
         -0.03992891311645508,
         0.14372682571411133
      ],
      "40": [
         -0.01594620756804943,
         -0.0364224910736084,
         0.14547276496887207
      ],
      "41": [
         -0.02323472499847412,
         -0.039529357105493546,
         0.14367902278900146
      ],
      "42": [
         -0.03431025519967079,
         -0.03766407445073128,
         0.14296245574951172
      ],
      "43": [
         0.022087113931775093,
         -0.03722849860787392,
         0.14525794982910156
      ],
      "44": [
         0.030151771381497383,
         -0.040664900094270706,
         0.1435244083404541
      ],
      "45": [
         0.04040593281388283,
         -0.0399811677634716,
         0.14243054389953613
      ],
      "46": [
         0.04781872779130936,
         -0.030896682292222977,
         0.14622020721435547
      ],
      "47": [
         0.0397462472319603,
         -0.038524921983480453,
         0.14284145832061768
      ],
      "48": [
         0.029481565579771996,
         -0.039458874613046646,
         0.1436535120010376
      ],
      "49": [
         -0.021760454401373863,
         -0.040654074400663376,
         0.08885490894317627
      ],
      "50": [
         -0.01587597467005253,
         -0.050257012248039246,
         0.09101390838623047
      ],
      "51": [
         -0.007033582776784897,
         -0.05645989626646042,
         0.09446179866790771
      ],
      "52": [
         0.003658740082755685,
         -0.05806564539670944,
         0.09452056884765625
      ],
      "53": [
         0.014057248830795288,
         -0.05681970342993736,
         0.09493160247802734
      ],
      "54": [
         0.022573132067918777,
         -0.05123504623770714,
         0.09201383590698242
      ],
      "55": [
         0.027941584587097168,
         -0.04181619733572006,
         0.08915793895721436
      ],
      "56": [
         0.02245355024933815,
         -0.048427682369947433,
         0.08590507507324219
      ],
      "57": [
         0.012789039872586727,
         -0.05402801185846329,
         0.08279359340667725
      ],
      "58": [
         0.002878511091694236,
         -0.055250879377126694,
         0.08126091957092285
      ],
      "59": [
         -0.007347265258431435,
         -0.05315551534295082,
         0.08253002166748047
      ],
      "60": [
         -0.016126353293657303,
         -0.04688377305865288,
         0.08539688587188721
      ],
      "61": [
         -0.019215479493141174,
         -0.03864201530814171,
         0.08951842784881592
      ],
      "62": [
         -0.005576640367507935,
         -0.05093472823500633,
         0.09012138843536377
      ],
      "63": [
         0.0031713678035885096,
         -0.053177714347839355,
         0.08967089653015137
      ],
      "64": [
         0.01187393069267273,
         -0.052394166588783264,
         0.09022641181945801
      ],
      "65": [
         0.026628555729985237,
         -0.04053361713886261,
         0.08986365795135498
      ],
      "66": [
         0.011226607486605644,
         -0.051776159554719925,
         0.08871889114379883
      ],
      "67": [
         0.0030007772147655487,
         -0.05259501561522484,
         0.08812451362609863
      ],
      "68": [
         -0.005276449024677277,
         -0.05030609667301178,
         0.08871424198150635
      ]
   },
   "keypoints_2d_coordinates": {
      "1": [
         45,
         25
      ],
      "2": [
         57,
         25
      ],
      "3": [
         68,
         24
      ],