{
   "version": "1.0.0",
   "center_of_rotation_point": {
      "2d": {
         "camera": {
            "right_eye": {
               "x": 42.9957973711996,
               "y": 44.80384118386063
            },
            "left_eye": {
               "x": 42.90085071674869,
               "y": 81.44286089241433
            }
         }
      },
      "3d": {
         "right_eye": {
            "x": -0.03252515196800232,
            "y": -0.049251750111579895,
            "z": 0.15558862686157227
         },
         "left_eye": {
            "x": 0.02954682521522045,
            "y": -0.049651242792606354,
            "z": 0.15574029088020325
         }
      }
   },
   "eye_gaze": {
      "axis_directions": {
         "right_eye": {
            "axis_directions": {
               "visual_axis_direction": {
                  "x": -0.01265072965416102,
                  "y": -0.9955476029059444,
                  "z": -0.09340733048024359
               },
               "optical_axis_direction": {
                  "x": -0.07621952363763498,
                  "y": -0.9927340616332567,
                  "z": -0.09311104708674059
               }
            }
         },
         "left_eye": {
            "axis_directions": {
               "visual_axis_direction": {
                  "x": 0.338554858846635,
                  "y": -0.9361095915599755,
                  "z": -0.09528609626147466
               },
               "optical_axis_direction": {
                  "x": 0.06619351808792984,
                  "y": -0.9923569276269012,
                  "z": -0.10414483354463643
               }
            }
         }
      },
      "target_point": {
         "right_eye": {
            "x": -0.039108358323574066,
            "y": -5.082361221313477,
            "z": -0.3539869785308838
         },
         "left_eye": {
            "x": -0.039108358323574066,
            "y": -5.082361221313477,
            "z": -0.3539869785308838
         }
      },
      "eye_gaze_direction_type": "custom"
   },
   "center_of_pupil_point": {
      "2d": {
         "camera": {
            "right_eye": {
               "x": 43.40073403830017,
               "y": 44.24129789980687
            },
            "left_eye": {
               "x": 43.37227100678128,
               "y": 81.93690272173262
            }
         }
      },
      "3d": {
         "right_eye": {
            "x": -0.03326959162950516,
            "y": -0.05891938880085945,
            "z": 0.15468493103981018
         },
         "left_eye": {
            "x": 0.030193617567420006,
            "y": -0.059349969029426575,
            "z": 0.1547231525182724
         }
      }
   },
   "identity_label": {
      "age": "young",
      "ethnicity": "mediterranean",
      "gender": "female"
   },
   "eyelid_closure_intensity_level": 3,
   "facial_hair_included": false,
   "iris_circle": {
      "2d": {
         "camera": {
            "right_eye": [
               {
                  "x": 39.37117087766099,
                  "y": 44.22201676980712
               },
               {
                  "x": 39.93322626305348,
                  "y": 46.237711675384325
               },
               {
                  "x": 41.430080941713896,
                  "y": 47.71081885139571
               },
               {
                  "x": 43.460964220275784,
                  "y": 48.24572270383669
               },
               {
                  "x": 45.479970759676355,
                  "y": 47.70022553460021
               },
               {
                  "x": 46.945934116564175,
                  "y": 46.220410368942645
               },
               {
                  "x": 47.46815730573912,
                  "y": 44.203728199790035
               },
               {
                  "x": 46.90587068506624,
                  "y": 42.190917889340234
               },
               {
                  "x": 45.41005689557385,
                  "y": 40.719714489923035
               },
               {
                  "x": 43.38137633377808,
                  "y": 40.1837998936647
               },
               {
                  "x": 41.362579590479285,
                  "y": 40.72737350341234
               },
               {
                  "x": 39.89447355666625,
                  "y": 42.20531145327464
               }
            ],
            "left_eye": [
               {
                  "x": 39.33755801357571,
                  "y": 81.98856664729028
               },
               {
                  "x": 39.87815178193135,
                  "y": 84.0059394371751
               },
               {
                  "x": 41.36017157566688,
                  "y": 85.47481192770617
               },
               {
                  "x": 43.38731817736025,
                  "y": 86.00171900988184
               },
               {
                  "x": 45.41576891059693,
                  "y": 85.44601348180791
               },
               {
                  "x": 46.90228181811986,
                  "y": 83.95749809346377
               },
               {
                  "x": 47.4499079206488,
                  "y": 81.9345537482012
               },
               {
                  "x": 46.91213556734748,
                  "y": 79.91796371792965
               },
               {
                  "x": 45.4316426717271,
                  "y": 78.44800626639929
               },
               {
                  "x": 43.40460699311199,
                  "y": 77.91865886752224
               },
               {
                  "x": 41.37415936678547,
                  "y": 78.4734085113132
               },
               {
                  "x": 39.88527557501392,
                  "y": 79.96320716720292
               }
            ]
         }
      },
      "3d": {
         "right_eye": [
            {
               "x": -0.03327786549925804,
               "y": -0.06003887578845024,
               "z": 0.16143976151943207
            },
            {
               "x": -0.029882946982979774,
               "y": -0.06021243333816528,
               "z": 0.1604894995689392
            },
            {
               "x": -0.02740539237856865,
               "y": -0.060168955475091934,
               "z": 0.1579722911119461
            },
            {
               "x": -0.02650974877178669,
               "y": -0.059919483959674835,
               "z": 0.15456107258796692
            },
            {
               "x": -0.02743457816541195,
               "y": -0.05953089892864227,
               "z": 0.15117155015468597
            },
            {
               "x": -0.029933519661426544,
               "y": -0.0591074600815773,
               "z": 0.14871203899383545
            },
            {
               "x": -0.03333623707294464,
               "y": -0.05876285210251808,
               "z": 0.14783905446529388
            },
            {
               "x": -0.036729875952005386,
               "y": -0.058589283376932144,
               "z": 0.1487891674041748
            },
            {
               "x": -0.039206501096487045,
               "y": -0.058632902801036835,
               "z": 0.15130746364593506
            },
            {
               "x": -0.04010254144668579,
               "y": -0.05888259410858154,
               "z": 0.15471835434436798
            },
            {
               "x": -0.03917738050222397,
               "y": -0.059270866215229034,
               "z": 0.15810807049274445
            },
            {
               "x": -0.03667932003736496,
               "y": -0.05969434976577759,
               "z": 0.16056834161281586
            }
         ],
         "left_eye": [
            {
               "x": 0.03025718219578266,
               "y": -0.06054066866636276,
               "z": 0.1614827960729599
            },
            {
               "x": 0.03365752473473549,