{
   "keypoints_3d_coordinates": {
      "1": [
         -0.0645793080329895,
         -0.0006054677069187164,
         0.13615596294403076
      ],
      "2": [
         -0.06138400360941887,
         -0.003842689096927643,
         0.11816513538360596
      ],
      "3": [
         -0.0575491301715374,
         -0.0015161670744419098,
         0.10073208808898926
      ],
      "4": [
         -0.05245848372578621,
         -0.0018942169845104218,
         0.08125472068786621
      ],
      "5": [
         -0.04840904101729393,
         -0.00892840325832367,
         0.06624352931976318
      ],
      "6": [
         -0.043569166213274,
         -0.02321050316095352,
         0.05687057971954346
      ],
      "7": [
         -0.03515452519059181,
         -0.033430833369493484,
         0.04959821701049805
      ],
      "8": [
         -0.025454452261328697,
         -0.04516976326704025,
         0.04497110843658447
      ],
      "9": [
         -0.0031669104937464,
         -0.05447486788034439,
         0.03885483741760254
      ],
      "10": [
         0.020101655274629593,
         -0.046860646456480026,
         0.0450291633605957
      ],
      "11": [
         0.030740845948457718,
         -0.035527996718883514,
         0.05002868175506592
      ],
      "12": [
         0.03971101716160774,
         -0.02580111101269722,
         0.057457804679870605
      ],
      "13": [
         0.04596138000488281,
         -0.011846443638205528,
         0.0665663480758667
      ],
      "14": [
         0.05070821940898895,
         -0.004853691905736923,
         0.08169293403625488
      ],
      "15": [
         0.05592598021030426,
         -0.0036147423088550568,
         0.10092520713806152
      ],
      "16": [
         0.05972471088171005,
         -0.005453251302242279,
         0.11793303489685059
      ],
      "17": [
         0.06329230964183807,
         -0.003025505691766739,
         0.13607239723205566
      ],
      "18": [
         -0.04941317439079285,
         -0.04980924725532532,
         0.15069830417633057
      ],
      "19": [
         -0.046438172459602356,
         -0.05373379960656166,
         0.15245985984802246
      ],
      "20": [
         -0.03922012075781822,
         -0.061248600482940674,
         0.15437066555023193
      ],
      "21": [
         -0.03075462207198143,
         -0.06715384870767593,
         0.15381181240081787
      ],
      "22": [
         -0.02049282193183899,
         -0.07129845023155212,
         0.15060603618621826
      ],
      "23": [
         0.015623128041625023,
         -0.07209564745426178,
         0.14870762825012207
      ],
      "24": [
         0.026111628860235214,
         -0.06786619871854782,
         0.151655912399292
      ],
      "25": [
         0.03505882993340492,
         -0.06280644983053207,
         0.15248632431030273
      ],
      "26": [
         0.04223492741584778,
         -0.05573684722185135,
         0.15087389945983887
      ],
      "27": [
         0.045328378677368164,
         -0.051748599857091904,
         0.14892315864562988
      ],
      "28": [
         -0.0027136581484228373,
         -0.07208171486854553,
         0.1361396312713623
      ],
      "29": [
         -0.003123114351183176,
         -0.07597982883453369,
         0.1225578784942627
      ],
      "30": [
         -0.0036616052966564894,
         -0.07972249388694763,
         0.11530232429504395
      ],
      "31": [
         -0.004412163980305195,
         -0.08640700578689575,
         0.10371088981628418
      ],
      "32": [
         -0.016196945682168007,
         -0.06603744626045227,
         0.09362483024597168
      ],
      "33": [
         -0.011183311231434345,
         -0.07125641405582428,
         0.09104275703430176
      ],
      "34": [
         -0.004091370850801468,
         -0.07470021396875381,
         0.08957648277282715
      ],
      "35": [
         0.002597954124212265,
         -0.07225446403026581,
         0.09149432182312012
      ],
      "36": [
         0.00847130548208952,
         -0.06744468957185745,
         0.0938647985458374
      ],
      "37": [
         -0.0417797826230526,
         -0.04933232441544533,
         0.1298840045928955
      ],
      "38": [
         -0.03536967933177948,
         -0.05827164649963379,
         0.13054430484771729
      ],
      "39": [
         -0.025804389268159866,
         -0.05887356400489807,
         0.13088810443878174
      ],
      "40": [
         -0.01779136247932911,
         -0.056962788105010986,
         0.12752723693847656
      ],
      "41": [
         -0.025842765346169472,
         -0.05825066566467285,
         0.12627911567687988
      ],
      "42": [
         -0.035137951374053955,
         -0.05622992664575577,
         0.1257878541946411
      ],
      "43": [
         0.012545579113066196,
         -0.05757662281394005,
         0.12649035453796387
      ],
      "44": [
         0.020727090537548065,
         -0.060477934777736664,
         0.12987828254699707
      ],
      "45": [
         0.03049909695982933,
         -0.05968814715743065,
         0.13080620765686035
      ],
      "46": [
         0.037497781217098236,
         -0.051420800387859344,
         0.12930667400360107
      ],
      "47": [
         0.0303172767162323,
         -0.058265168219804764,
         0.1257007122039795
      ],
      "48": [
         0.020372632890939713,
         -0.059058912098407745,
         0.12533986568450928
      ],
      "49": [
         -0.024452300742268562,
         -0.059612639248371124,
         0.0740429162979126
      ],
      "50": [
         -0.020518025383353233,
         -0.06682664155960083,
         0.07732868194580078
      ],
      "51": [
         -0.013086793012917042,
         -0.07223333418369293,
         0.08134090900421143
      ],
      "52": [
         -0.004108060151338577,
         -0.07453052699565887,
         0.08121156692504883
      ],
      "53": [
         0.004362097010016441,
         -0.07363007217645645,
         0.08171617984771729
      ],
      "54": [
         0.012160173617303371,
         -0.06931360810995102,
         0.07832777500152588
      ],
      "55": [
         0.017705317586660385,
         -0.06177254393696785,
         0.07474088668823242
      ],
      "56": [
         0.011931013315916061,
         -0.06672137975692749,
         0.07181131839752197
      ],
      "57": [
         0.004189497325569391,
         -0.07087089121341705,
         0.06967723369598389
      ],
      "58": [
         -0.0038918498903512955,
         -0.07179707288742065,
         0.06897318363189697
      ],
      "59": [
         -0.012454846873879433,
         -0.07032186537981033,
         0.06965219974517822
      ],
      "60": [
         -0.019804488867521286,
         -0.06455246359109879,
         0.07155585289001465
      ],
      "61": [
         -0.02266380749642849,
         -0.05649401992559433,
         0.07443058490753174
      ],
      "62": [
         -0.011328423395752907,
         -0.06649857759475708,
         0.0766136646270752
      ],
      "63": [
         -0.0040781814604997635,
         -0.06874766945838928,
         0.07645440101623535
      ],
      "64": [
         0.0030414480715990067,
         -0.0681266114115715,
         0.07655727863311768
      ],
      "65": [
         0.016026150435209274,
         -0.05970722436904907,
         0.07472836971282959
      ],
      "66": [
         0.002802253235131502,
         -0.06727317720651627,
         0.0746535062789917
      ],
      "67": [
         -0.003990643657743931,
         -0.06814318895339966,
         0.0743858814239502
      ],
      "68": [
         -0.011119464412331581,
         -0.06574154645204544,
         0.07493460178375244
      ]
   },
   "keypoints_2d_coordinates": {
      "1": [
         55,
         27
      ],
      "2": [
         65,
         29
      ],
      "3": [
         75,
         31
      ],