{
   "version": "1.0.0",
   "datapoints": [
      {
         "human": {
            "id": "7bbba79f-9e30-42e1-8803-97f553ef2188",
            "head": {
               "eyes": {
                  "id": "2f1c664b-a67c-4398-9fb3-d5519e7a8a8c",
                  "target_of_gaze": {
                     "direction": {
                        "x": 0.48875297639769577,
                        "z": -0.331175334105397,
                        "y": -0.9285898605167343
                     },
                     "distance": 2.794971161350757
                  },
                  "eyelid_closure": 0.7027759473025861
               },
               "location": {
                  "x": 0.0,
                  "z": 0.0,
                  "y": 0.0
               },
               "rotation": {
                  "roll": 0.0,
                  "yaw": 0.0,
                  "pitch": 0.0
               },
               "expression": {
                  "name": "surprise",
                  "intensity": 0.6612914986083663
               },
               "eyebrows": {
                  "id": "8b54e242-4188-4885-9437-d5e2fe29430e",
                  "color_settings": {
                     "index_of_refraction": 1.4763090037782454,
                     "melanin": 0.9406818130434219,
                     "redness": 0.694182080366489,
                     "roughness": 0.49601784339224353,
                     "whiteness": 0.7506266442636851
                  }
               },
               "hair": {
                  "id": "cb7f5afa-70ba-4c8c-a68b-c3bac225e3dd",
                  "color_settings": {
                     "index_of_refraction": 1.4763090037782454,
                     "melanin": 0.9406818130434219,
                     "redness": 0.694182080366489,
                     "roughness": 0.49601784339224353,
                     "whiteness": 0.7506266442636851
                  }
               },
               "facial_hair": null
            }
         },
         "camera": {
            "name": "camera",
            "intrinsic_params": {
               "projection": "perspective",
               "resolution_width": 128,
               "resolution_height": 128,
               "fov_horizontal": 8.0,
               "fov_vertical": 8.0,
               "sensor_width": 15.0,
               "wavelength": "visible"
            },
            "extrinsic_params": {
               "rotation": {
                  "roll": 0.0,
                  "yaw": 0.0,
                  "pitch": 0.0
               },
               "location": {
                  "x": 0.0,
                  "z": 0.12,
                  "y": -1.6
               }
            }
         },
         "accessories": {
            "glasses": null,
            "mask": null
         },
         "background": {
            "id": "d6297461-93b2-4ed3-8e08-97164c5b6f15",
            "transparent": false,
            "rotation": 251.22273465153626
         },
         "lights": []
      }
   ]
}