{
   "keypoints_3d_coordinates": {
      "1": [
         -0.06674704700708389,
         0.032863978296518326,
         0.15233111381530762
      ],
      "2": [
         -0.06578724086284637,
         0.0268855020403862,
         0.1325150728225708
      ],
      "3": [
         -0.06415411829948425,
         0.02425490692257881,
         0.11287331581115723
      ],
      "4": [
         -0.060068681836128235,
         0.020266864448785782,
         0.0909203290939331
      ],
      "5": [
         -0.05191224813461304,
         0.010805778205394745,
         0.07653987407684326
      ],
      "6": [
         -0.04403380677103996,
         -0.006331156007945538,
         0.0685967206954956
      ],
      "7": [
         -0.03386418893933296,
         -0.0193240474909544,
         0.059369802474975586
      ],
      "8": [
         -0.020926866680383682,
         -0.03277325630187988,
         0.05198216438293457
      ],
      "9": [
         0.004115080460906029,
         -0.042091209441423416,
         0.04371380805969238
      ],
      "10": [
         0.028681300580501556,
         -0.031951162964105606,
         0.05108010768890381
      ],
      "11": [
         0.04143035411834717,
         -0.018500464037060738,
         0.05723309516906738
      ],
      "12": [
         0.05203863978385925,
         -0.005166088230907917,
         0.06600725650787354
      ],
      "13": [
         0.05933041125535965,
         0.01195714995265007,
         0.07408249378204346
      ],
      "14": [
         0.06736195832490921,
         0.020692113786935806,
         0.08944082260131836
      ],
      "15": [
         0.07170435786247253,
         0.023474175482988358,
         0.11230254173278809
      ],
      "16": [
         0.07299940288066864,
         0.024559594690799713,
         0.13259971141815186
      ],
      "17": [
         0.07386717945337296,
         0.03009326383471489,
         0.15153121948242188
      ],
      "18": [
         -0.0431855246424675,
         -0.030788110569119453,
         0.1795583963394165
      ],
      "19": [
         -0.04041052609682083,
         -0.0320621095597744,
         0.18413281440734863
      ],
      "20": [
         -0.03210862725973129,
         -0.0372232124209404,
         0.18641233444213867
      ],
      "21": [
         -0.022337526082992554,
         -0.0416170097887516,
         0.18633484840393066
      ],
      "22": [
         -0.010596325621008873,
         -0.04372391104698181,
         0.18363499641418457
      ],
      "23": [
         0.018013373017311096,
         -0.0432635098695755,
         0.18398499488830566
      ],
      "24": [
         0.029298674315214157,
         -0.041468411684036255,
         0.18647480010986328
      ],
      "25": [
         0.03879457712173462,
         -0.037282608449459076,
         0.18682241439819336
      ],
      "26": [
         0.04673527181148529,
         -0.03169061243534088,
         0.1840229034423828
      ],
      "27": [
         0.04948747158050537,
         -0.0307054091244936,
         0.17906832695007324
      ],
      "28": [
         0.004031432326883078,
         -0.04446890205144882,
         0.17429578304290771
      ],
      "29": [
         0.004843998700380325,
         -0.05191979557275772,
         0.16241705417633057
      ],
      "30": [
         0.005395112559199333,
         -0.06046852096915245,
         0.15200364589691162
      ],
      "31": [
         0.005919153336435556,
         -0.0704156905412674,
         0.13798916339874268
      ],
      "32": [
         -0.010196702554821968,
         -0.04733305424451828,
         0.12170422077178955
      ],
      "33": [
         -0.0030871015042066574,
         -0.05294857546687126,
         0.12072575092315674
      ],
      "34": [
         0.005706646479666233,
         -0.056204840540885925,
         0.12025940418243408
      ],
      "35": [
         0.014237594790756702,
         -0.05239726975560188,
         0.12017500400543213
      ],
      "36": [
         0.0205534677952528,
         -0.04640759527683258,
         0.12180185317993164
      ],
      "37": [
         -0.03953396901488304,
         -0.029604796320199966,
         0.16190898418426514
      ],
      "38": [
         -0.03214806690812111,
         -0.039579108357429504,
         0.16377043724060059
      ],
      "39": [
         -0.021131180226802826,
         -0.039461374282836914,
         0.1645982265472412
      ],
      "40": [
         -0.012613683938980103,
         -0.03339383378624916,
         0.1632314920425415
      ],
      "41": [
         -0.020217275246977806,
         -0.03717336803674698,
         0.16043627262115479
      ],
      "42": [
         -0.0316120944917202,
         -0.036719463765621185,
         0.15836870670318604
      ],
      "43": [
         0.020656172186136246,
         -0.034137237817049026,
         0.16337323188781738
      ],
      "44": [
         0.0293467715382576,
         -0.03934088349342346,
         0.1645500659942627
      ],
      "45": [
         0.03987092152237892,
         -0.03923967108130455,
         0.1635875701904297
      ],
      "46": [
         0.04652188718318939,
         -0.029117804020643234,
         0.1614450216293335
      ],
      "47": [
         0.03976166248321533,
         -0.036227524280548096,
         0.15816020965576172
      ],
      "48": [
         0.028535960242152214,
         -0.037499137222766876,
         0.16024255752563477
      ],
      "49": [
         -0.017556868493556976,
         -0.04134424030780792,
         0.08992624282836914
      ],
      "50": [
         -0.01202978752553463,
         -0.05112781375646591,
         0.09718036651611328
      ],
      "51": [
         -0.004657331854104996,
         -0.056870318949222565,
         0.10224950313568115
      ],
      "52": [
         0.005809039808809757,
         -0.05916795879602432,
         0.10164308547973633
      ],
      "53": [
         0.016260601580142975,
         -0.05581599101424217,
         0.10179805755615234
      ],
      "54": [
         0.02357458509504795,
         -0.0493045449256897,
         0.0967797040939331
      ],
      "55": [
         0.027784105390310287,
         -0.04005204141139984,
         0.08974611759185791
      ],
      "56": [
         0.023578468710184097,
         -0.045415908098220825,
         0.08249533176422119
      ],
      "57": [
         0.016216933727264404,
         -0.051336657255887985,
         0.07756972312927246
      ],
      "58": [
         0.0055319275707006454,
         -0.05374690890312195,
         0.07551109790802002
      ],
      "59": [
         -0.0049764905124902725,
         -0.052243877202272415,
         0.07707703113555908
      ],
      "60": [
         -0.012935947626829147,
         -0.04728296399116516,
         0.08218789100646973
      ],
      "61": [
         -0.015323514118790627,
         -0.04135467857122421,
         0.09095215797424316
      ],
      "62": [
         -0.0027802432887256145,
         -0.05271705985069275,
         0.0960078239440918
      ],
      "63": [
         0.005594092421233654,
         -0.053742676973342896,
         0.09599590301513672
      ],
      "64": [
         0.014371910132467747,
         -0.05216757953166962,
         0.09630215167999268
      ],
      "65": [
         0.025758951902389526,
         -0.03962218761444092,
         0.09087860584259033
      ],
      "66": [
         0.014308595098555088,
         -0.049014534801244736,
         0.08367884159088135
      ],
      "67": [
         0.0053813704289495945,
         -0.05079030618071556,
         0.08233094215393066
      ],
      "68": [
         -0.003446180373430252,
         -0.05001681670546532,
         0.08343255519866943
      ]
   },
   "keypoints_2d_coordinates": {
      "1": [
         46,
         27
      ],
      "2": [
         57,
         27
      ],
      "3": [
         68,
         28
      ],