{
   "version": "1.0.0",
   "facial_hair_included": false,
   "head_metadata": {
      "head_root_location": {
         "x": 0.0,
         "y": 0.0,
         "z": 0.0
      },
      "head_six_dof": {
         "location": {
            "x": -0.0013694762019440532,
            "y": -0.0581781268119812,
            "z": 0.18386578559875488
         },
         "look_at_vector": {
            "x": 8.74227803627227e-08,
            "y": -0.9999999999999962,
            "z": 9.553428304548457e-16
         }
      },
      "head_rotation": {
         "pitch": 0.0,
         "roll": 0.0,
         "yaw": 0.0
      }
   },
   "center_of_rotation_point": {
      "2d": {
         "camera": {
            "right_eye": {
               "x": 30.85888566585018,
               "y": 44.99351215679951
            },
            "left_eye": {
               "x": 30.727180927840838,
               "y": 82.51309815252581
            }
         }
      },
      "3d": {
         "right_eye": {
            "x": -0.03252464905381203,
            "y": -0.033800628036260605,
            "z": 0.17671237885951996
         },
         "left_eye": {
            "x": 0.03165997937321663,
            "y": -0.034807268530130386,
            "z": 0.17690116167068481
         }
      }
   },
   "accessories": [],
   "center_of_pupil_point": {
      "2d": {
         "camera": {
            "right_eye": {
               "x": 30.037340825383396,
               "y": 41.519757771063794
            },
            "left_eye": {
               "x": 29.743465855348735,
               "y": 80.6845592637707
            }
         }
      },
      "3d": {
         "right_eye": {
            "x": -0.038222141563892365,
            "y": -0.04385404288768768,
            "z": 0.17774517834186554
         },
         "left_eye": {
            "x": 0.028330722823739052,
            "y": -0.04589908942580223,
            "z": 0.17816829681396484
         }
      }
   },
   "identity_label": {
      "age": "adult",
      "ethnicity": "african",
      "gender": "female"
   },
   "iris_circle": {
      "2d": {
         "camera": {
            "right_eye": [
               {
                  "x": 25.201366347830856,
                  "y": 41.484410880270275
               },
               {
                  "x": 25.74752970035476,
                  "y": 43.52406819191161
               },
               {
                  "x": 27.43571003634697,
                  "y": 44.98443522129936
               },
               {
                  "x": 29.81438555888596,
                  "y": 45.47009579438033
               },
               {
                  "x": 32.24311493050601,
                  "y": 44.848646957871956
               },
               {
                  "x": 34.06699730433577,
                  "y": 43.28786690369805
               },
               {
                  "x": 34.79558337551057,
                  "y": 41.21007543351564
               },
               {
                  "x": 34.237189489933826,
                  "y": 39.174414037662174
               },
               {
                  "x": 32.54614858702478,
                  "y": 37.72484519016792
               },
               {
                  "x": 30.176849613879995,
                  "y": 37.2457819082912
               },
               {
                  "x": 27.759970080421603,
                  "y": 37.863241828081534
               },
               {
                  "x": 25.939157398446486,
                  "y": 39.41328922333802
               }
            ],
            "left_eye": [
               {
                  "x": 24.904050567954926,
                  "y": 80.7591548680642
               },
               {
                  "x": 25.532678544107902,
                  "y": 83.05383829440106
               },
               {
                  "x": 27.278627449462736,
                  "y": 84.69192666314419
               },
               {
                  "x": 29.675308173285885,
                  "y": 85.23236273713408
               },
               {
                  "x": 32.07810203917548,
                  "y": 84.52844485980424
               },
               {
                  "x": 33.841057343367396,
                  "y": 82.769260164114
               },
               {
                  "x": 34.49050058118335,
                  "y": 80.42836059293712
               },
               {
                  "x": 33.85405673818431,
                  "y": 78.13559189313138
               },
               {
                  "x": 32.10550559260336,
                  "y": 76.5041508539924
               },
               {
                  "x": 29.71379482339674,
                  "y": 75.96909983442728
               },
               {
                  "x": 27.318273564003345,
                  "y": 76.67157210631964
               },
               {
                  "x": 25.55835021827279,
                  "y": 78.42401857223858
               }
            ]
         }
      },
      "3d": {
         "right_eye": [
            {
               "x": -0.03828791156411171,
               "y": -0.043623510748147964,
               "z": 0.18597733974456787
            },
            {
               "x": -0.03477254882454872,
               "y": -0.04572039097547531,
               "z": 0.18496094644069672
            },
            {
               "x": -0.032256580889225006,
               "y": -0.04745069518685341,
               "z": 0.18202492594718933
            },
            {
               "x": -0.03141453489661217,
               "y": -0.048350024968385696,
               "z": 0.17795632779598236
            },
            {
               "x": -0.03247171267867088,
               "y": -0.04817754402756691,
               "z": 0.17384478449821472
            },
            {
               "x": -0.03514517843723297,
               "y": -0.046979375183582306,
               "z": 0.17079152166843414
            },
            {
               "x": -0.038718223571777344,
               "y": -0.045077189803123474,
               "z": 0.16961592435836792
            },
            {
               "x": -0.04223351180553436,
               "y": -0.04298073425889015,
               "z": 0.1706327646970749
            },
            {
               "x": -0.0447491891682148,
               "y": -0.041251007467508316,
               "z": 0.17356902360916138
            },
            {
               "x": -0.045591361820697784,
               "y": -0.04035197198390961,
               "z": 0.17763739824295044
            },
            {
               "x": -0.044534239917993546,
               "y": -0.040524259209632874,
               "z": 0.1817491352558136
            },
            {
               "x": -0.041860952973365784,
               "y": -0.04172186553478241,
               "z": 0.18480180203914642
            }
         ],
         "left_eye": [
            {
               "x": 0.028462886810302734,
               "y": -0.045598775148391724,
               "z": 0.18639855086803436
            },
            {
               "x": 0.03233322501182556,
               "y": -0.04688774049282074,
               "z": 0.18527674674987793
            },
            {
               "x": 0.035086490213871,
               "y": -0.048058684915304184,
               "z": 0.1822669953107834
            },
            {
               "x": 0.035985738039016724,
               "y": -0.048797886818647385,
               "z": 0.17817531526088715
            },
            {
               "x": 0.034790266305208206,
               "y": -0.048906415700912476,
               "z": 0.1740991473197937
            },
            {
               "x": 0.03182020038366318,
               "y": -0.04835611209273338,
               "z": 0.17112953960895538
            },
            {
               "x": 0.027870656922459602,
               "y": -0.04729383438825607,