{
   "version": "1.0.0",
   "datapoints": [
      {
         "human": {
            "id": "c01c0ba2-88d1-44d1-b477-598eab2c6548",
            "head": {
               "eyes": {
                  "id": "e75579f8-69c6-4e92-846c-97f2eadcd9bb",
                  "target_of_gaze": {
                     "direction": {
                        "x": -0.362703948630932,
                        "z": 0.07925407698611264,
                        "y": -0.928759404149078
                     },
                     "distance": 1.6996523490298276
                  },
                  "eyelid_closure": 0.21223792959230323
               },
               "location": {
                  "x": 0.0,
                  "z": 0.0,
                  "y": 0.0
               },
               "rotation": {
                  "roll": 0.0,
                  "yaw": 0.0,
                  "pitch": 0.0
               },
               "expression": {
                  "name": "anger",
                  "intensity": 0.10544905528820994
               },
               "eyebrows": {
                  "id": "9c19ddae-c0d7-4f11-98b8-936e90dc4dfd",
                  "color_settings": {
                     "index_of_refraction": 1.5295431013988119,
                     "melanin": 0.954563508509735,
                     "redness": 0.7566404801722539,
                     "roughness": 0.1648585920307795,
                     "whiteness": 0.1846879553985219
                  }
               },
               "hair": {
                  "id": "d3b0c073-9277-4935-8c5c-f471eedbe9b4",
                  "color_settings": {
                     "index_of_refraction": 1.5295431013988119,
                     "melanin": 0.954563508509735,
                     "redness": 0.7566404801722539,
                     "roughness": 0.1648585920307795,
                     "whiteness": 0.1846879553985219
                  }
               },
               "facial_hair": null
            }
         },
         "camera": {
            "name": "camera",
            "intrinsic_params": {
               "projection": "perspective",
               "resolution_width": 128,
               "resolution_height": 128,
               "fov_horizontal": 8.0,
               "fov_vertical": 8.0,
               "sensor_width": 15.0,
               "wavelength": "visible"
            },
            "extrinsic_params": {
               "rotation": {
                  "roll": 0.0,
                  "yaw": 0.0,
                  "pitch": 0.0
               },
               "location": {
                  "x": 0.0,
                  "z": 0.12,
                  "y": -1.6
               }
            }
         },
         "accessories": {
            "mask": null,
            "glasses": null
         },
         "background": {
            "id": "c83a30c5-595a-4776-8d36-08d15d97c301",
            "transparent": false,
            "rotation": 42.05096859271605
         },
         "lights": []
      }
   ]
}