{
   "version": "1.1.0",
   "camera_name": "high_doorbell_camera",
   "camera_type": "PERSP",
   "focal_length": 10.392304420471191,
   "location": {
      "x": 0.007705701515078545,
      "y": 0.10606396943330765,
      "z": 1.7288329601287842
   },
   "orientation": {
      "look_at_vector": {
         "x": 1.0,
         "y": 0.0,
         "z": 0.0
      },
      "up_vector": {
         "x": 0.0,
         "y": 0.0,
         "z": 1.0
      }
   },
   "aspect_px": {
      "x": 1.0,
      "y": 1.0
   },
   "resolution_px": {
      "x": 512.0,
      "y": 512.0
   },
   "fov": {
      "horizontal": 120.00000333930423,
      "vertical": 120.00000202894897
   },
   "sensor": {
      "sensor_width": 36.0,
      "sensor_height": 36.0
   },
   "intrinsic_matrix": [
      [
         147.80166286892361,
         -9.050241667054176e-15,
         256.0
      ],
      [
         0.0,
         147.80166286892361,
         256.0
      ],
      [
         0.0,
         0.0,
         1.0
      ]
   ],
   "extrinsic_matrix": [
      [
         0.0,
         -1.0,
         -2.9802322387695312e-08,
         0.10606402095654488
      ],
      [
         2.9802322387695312e-08,
         2.9802322387695312e-08,
         -1.0,
         1.7288329567381837
      ],
      [
         1.0,
         0.0,
         0.0,
         -0.007705701515078545
      ]
   ]
}