{
   "keypoints_3d_coordinates": {
      "1": [
         -0.07622633129358292,
         0.03559507429599762,
         0.14743578433990479
      ],
      "2": [
         -0.07311568409204483,
         0.028715480118989944,
         0.12832677364349365
      ],
      "3": [
         -0.06901340931653976,
         0.02621685341000557,
         0.10946857929229736
      ],
      "4": [
         -0.06496212631464005,
         0.02093350887298584,
         0.08698761463165283
      ],
      "5": [
         -0.058607570827007294,
         0.01117938943207264,
         0.07173478603363037
      ],
      "6": [
         -0.05093102529644966,
         -0.006309794262051582,
         0.06515026092529297
      ],
      "7": [
         -0.040407560765743256,
         -0.019466063007712364,
         0.05758261680603027
      ],
      "8": [
         -0.029487676918506622,
         -0.03519619256258011,
         0.05151844024658203
      ],
      "9": [
         -0.002120489254593849,
         -0.044975027441978455,
         0.04910540580749512
      ],
      "10": [
         0.023385684937238693,
         -0.03300892561674118,
         0.05378162860870361
      ],
      "11": [
         0.03385983034968376,
         -0.017985213547945023,
         0.05997264385223389
      ],
      "12": [
         0.04459396004676819,
         -0.0049835797399282455,
         0.06723678112030029
      ],
      "13": [
         0.05168167129158974,
         0.011563019827008247,
         0.07384049892425537
      ],
      "14": [
         0.057357512414455414,
         0.020729023963212967,
         0.08808624744415283
      ],
      "15": [
         0.061177656054496765,
         0.025049258023500443,
         0.10880041122436523
      ],
      "16": [
         0.06441542506217957,
         0.027697045356035233,
         0.12680602073669434
      ],
      "17": [
         0.06838436424732208,
         0.03373008966445923,
         0.1450105905532837
      ],
      "18": [
         -0.05180750787258148,
         -0.029447009786963463,
         0.17376112937927246
      ],
      "19": [
         -0.04939700663089752,
         -0.03077121078968048,
         0.17763614654541016
      ],
      "20": [
         -0.04122200608253479,
         -0.035677410662174225,
         0.17987561225891113
      ],
      "21": [
         -0.03256290778517723,
         -0.039193809032440186,
         0.18022668361663818
      ],
      "22": [
         -0.021057508885860443,
         -0.04186310991644859,
         0.17802166938781738
      ],
      "23": [
         0.01157539151608944,
         -0.041345708072185516,
         0.1776195764541626
      ],
      "24": [
         0.022931791841983795,
         -0.039389610290527344,
         0.17929816246032715
      ],
      "25": [
         0.031664490699768066,
         -0.03557480871677399,
         0.17944467067718506
      ],
      "26": [
         0.03960009291768074,
         -0.03041721135377884,
         0.1768651008605957
      ],
      "27": [
         0.041836291551589966,
         -0.029297711327672005,
         0.1726926565170288
      ],
      "28": [
         -0.004648832604289055,
         -0.04196397215127945,
         0.1678612232208252
      ],
      "29": [
         -0.0037075993604958057,
         -0.04716876149177551,
         0.1557236909866333
      ],
      "30": [
         -0.003017979674041271,
         -0.055006641894578934,
         0.1453838348388672
      ],
      "31": [
         -0.0021215679589658976,
         -0.06411232799291611,
         0.13310766220092773
      ],
      "32": [
         -0.020273789763450623,
         -0.04975480958819389,
         0.11608171463012695
      ],
      "33": [
         -0.011737915687263012,
         -0.053330402821302414,
         0.1159132719039917
      ],
      "34": [
         -0.0030179722234606743,
         -0.05561687797307968,
         0.11610376834869385
      ],
      "35": [
         0.00571795366704464,
         -0.05212114751338959,
         0.11533212661743164
      ],
      "36": [
         0.013403462246060371,
         -0.04788600653409958,
         0.11668384075164795
      ],
      "37": [
         -0.050515066832304,
         -0.028108788654208183,
         0.15872204303741455
      ],
      "38": [
         -0.043057121336460114,
         -0.037818409502506256,
         0.16019165515899658
      ],
      "39": [
         -0.03263906389474869,
         -0.038059622049331665,
         0.16063952445983887
      ],
      "40": [
         -0.024277053773403168,
         -0.034177474677562714,
         0.15872693061828613
      ],
      "41": [
         -0.03210420161485672,
         -0.036779195070266724,
         0.15689194202423096
      ],
      "42": [
         -0.042870815843343735,
         -0.03592805564403534,
         0.15534353256225586
      ],
      "43": [
         0.014869950711727142,
         -0.03338700905442238,
         0.1578911542892456
      ],
      "44": [
         0.023761767894029617,
         -0.03750713914632797,
         0.15953314304351807
      ],
      "45": [
         0.03383587300777435,
         -0.036846011877059937,
         0.1590588092803955
      ],
      "46": [
         0.040944959968328476,
         -0.027316579595208168,
         0.1572662591934204
      ],
      "47": [
         0.03379776328802109,
         -0.03476409614086151,
         0.15429580211639404
      ],
      "48": [
         0.02339276671409607,
         -0.03639865666627884,
         0.1555497646331787
      ],
      "49": [
         -0.029548101127147675,
         -0.04474935680627823,
         0.08743631839752197
      ],
      "50": [
         -0.02239520475268364,
         -0.054236698895692825,
         0.09467422962188721
      ],
      "51": [
         -0.01298105251044035,
         -0.058171629905700684,
         0.09957194328308105
      ],
      "52": [
         -0.0021110321395099163,
         -0.060520730912685394,
         0.09954285621643066
      ],
      "53": [
         0.009287267923355103,
         -0.05622704699635506,
         0.09965109825134277
      ],
      "54": [
         0.018715204671025276,
         -0.049679506570100784,
         0.09499430656433105
      ],
      "55": [
         0.022358329966664314,
         -0.039705321192741394,
         0.08876097202301025
      ],
      "56": [
         0.018168840557336807,
         -0.046056829392910004,
         0.08534502983093262
      ],
      "57": [
         0.010852969251573086,
         -0.0535070039331913,
         0.08308398723602295
      ],
      "58": [
         -0.0013904485385864973,
         -0.05851883813738823,
         0.08203411102294922
      ],
      "59": [
         -0.01286251749843359,
         -0.057405371218919754,
         0.08211672306060791
      ],
      "60": [
         -0.022672586143016815,
         -0.05193207785487175,
         0.08370232582092285
      ],
      "61": [
         -0.0277553740888834,
         -0.04438868910074234,
         0.08817577362060547
      ],
      "62": [
         -0.010948585346341133,
         -0.05471957102417946,
         0.09227955341339111
      ],
      "63": [
         -0.0021249372512102127,
         -0.05479786545038223,
         0.09238612651824951
      ],
      "64": [
         0.00765902828425169,
         -0.05246058478951454,
         0.09244275093078613
      ],
      "65": [
         0.021066129207611084,
         -0.03782175853848457,
         0.08943486213684082
      ],
      "66": [
         0.008306673727929592,
         -0.05173502117395401,
         0.0918501615524292
      ],
      "67": [
         -0.002111793262884021,
         -0.05446634441614151,
         0.09153318405151367
      ],
      "68": [
         -0.01144579891115427,
         -0.05427426099777222,
         0.09127962589263916
      ]
   },
   "keypoints_2d_coordinates": {
      "1": [
         49,
         21
      ],
      "2": [
         59,
         23
      ],
      "3": [
         70,
         25
      ],