{
   "keypoints_3d_coordinates": {
      "1": [
         -0.06575638055801392,
         0.02674715593457222,
         0.14561712741851807
      ],
      "2": [
         -0.06454426050186157,
         0.0213593989610672,
         0.12671887874603271
      ],
      "3": [
         -0.06331108510494232,
         0.02060645818710327,
         0.10902655124664307
      ],
      "4": [
         -0.05937961861491203,
         0.01652522385120392,
         0.0879664421081543
      ],
      "5": [
         -0.05368209257721901,
         0.00695139542222023,
         0.07216787338256836
      ],
      "6": [
         -0.04653197526931763,
         -0.011015959084033966,
         0.06335461139678955
      ],
      "7": [
         -0.037834711372852325,
         -0.0248913262039423,
         0.05468285083770752
      ],
      "8": [
         -0.02701026201248169,
         -0.041560593992471695,
         0.047945261001586914
      ],
      "9": [
         -0.0015414113877341151,
         -0.052779197692871094,
         0.042711615562438965
      ],
      "10": [
         0.02322724461555481,
         -0.04155025631189346,
         0.0489349365234375
      ],
      "11": [
         0.035099517554044724,
         -0.025831324979662895,
         0.05531322956085205
      ],
      "12": [
         0.04381982609629631,
         -0.012067248113453388,
         0.06416237354278564
      ],
      "13": [
         0.0506412573158741,
         0.00555356964468956,
         0.07317185401916504
      ],
      "14": [
         0.05624456703662872,
         0.01494704931974411,
         0.08881497383117676
      ],
      "15": [
         0.058988120406866074,
         0.018365181982517242,
         0.1098712682723999
      ],
      "16": [
         0.05997222661972046,
         0.019446931779384613,
         0.1273895502090454
      ],
      "17": [
         0.06045219302177429,
         0.024358626455068588,
         0.14641427993774414
      ],
      "18": [
         -0.04696369171142578,
         -0.03690262883901596,
         0.16115474700927734
      ],
      "19": [
         -0.04429139196872711,
         -0.038628727197647095,
         0.16559481620788574
      ],
      "20": [
         -0.03676559403538704,
         -0.04442542791366577,
         0.16698479652404785
      ],
      "21": [
         -0.027852991595864296,
         -0.04906722903251648,
         0.1658247709274292
      ],
      "22": [
         -0.01738039217889309,
         -0.05136532709002495,
         0.16307473182678223
      ],
      "23": [
         0.010777907446026802,
         -0.05129222571849823,
         0.16313481330871582
      ],
      "24": [
         0.02125650830566883,
         -0.048799727112054825,
         0.16619479656219482
      ],
      "25": [
         0.030137408524751663,
         -0.04458392783999443,
         0.16712474822998047
      ],
      "26": [
         0.03795880824327469,
         -0.03922922909259796,
         0.16584479808807373
      ],
      "27": [
         0.04060470685362816,
         -0.03771842643618584,
         0.16169476509094238
      ],
      "28": [
         -0.003121386282145977,
         -0.052101146429777145,
         0.15512621402740479
      ],
      "29": [
         -0.0027002606075257063,
         -0.05867242440581322,
         0.14416944980621338
      ],
      "30": [
         -0.00243857828900218,
         -0.06580017507076263,
         0.135148286819458
      ],
      "31": [
         -0.002217858796939254,
         -0.07593846321105957,
         0.12294125556945801
      ],
      "32": [
         -0.016824040561914444,
         -0.056058719754219055,
         0.10714936256408691
      ],
      "33": [
         -0.010669493116438389,
         -0.06127083674073219,
         0.10619580745697021
      ],
      "34": [
         -0.0021562017500400543,
         -0.06402376294136047,
         0.10610330104827881
      ],
      "35": [
         0.006387847475707531,
         -0.060880206525325775,
         0.10593461990356445
      ],
      "36": [
         0.012690577656030655,
         -0.05572759732604027,
         0.10744655132293701
      ],
      "37": [
         -0.04206737130880356,
         -0.03273828327655792,
         0.14683270454406738
      ],
      "38": [
         -0.03601766377687454,
         -0.04059962183237076,
         0.15172672271728516
      ],
      "39": [
         -0.026108866557478905,
         -0.04114650934934616,
         0.1518566608428955
      ],
      "40": [
         -0.01784605160355568,
         -0.037995610386133194,
         0.1462763547897339
      ],
      "41": [
         -0.02551833912730217,
         -0.04082997515797615,
         0.14377152919769287
      ],
      "42": [
         -0.03537614643573761,
         -0.03974246233701706,
         0.14317238330841064
      ],
      "43": [
         0.011707833968102932,
         -0.03877657651901245,
         0.14592134952545166
      ],
      "44": [
         0.019778193905949593,
         -0.041700758039951324,
         0.1519535779953003
      ],
      "45": [
         0.030029982328414917,
         -0.040923431515693665,
         0.15241050720214844
      ],
      "46": [
         0.03599505126476288,
         -0.03371162340044975,
         0.1470952033996582
      ],
      "47": [
         0.030303500592708588,
         -0.039875440299510956,
         0.143388032913208
      ],
      "48": [
         0.01999577321112156,
         -0.04149225354194641,
         0.14375019073486328
      ],
      "49": [
         -0.025792524218559265,
         -0.05060148984193802,
         0.08243310451507568
      ],
      "50": [
         -0.020473662763834,
         -0.06080855801701546,
         0.08828401565551758
      ],
      "51": [
         -0.012516101822257042,
         -0.06625934690237045,
         0.09310126304626465
      ],
      "52": [
         -0.0019945092499256134,
         -0.06891696155071259,
         0.09254610538482666
      ],
      "53": [
         0.00853392481803894,
         -0.0658990666270256,
         0.09269189834594727
      ],
      "54": [
         0.01665198616683483,
         -0.059844888746738434,
         0.08805191516876221
      ],
      "55": [
         0.021629130467772484,
         -0.05027139559388161,
         0.08290684223175049
      ],
      "56": [
         0.016615185886621475,
         -0.05653001740574837,
         0.07910633087158203
      ],
      "57": [
         0.00883595459163189,
         -0.06312490999698639,
         0.07651686668395996
      ],
      "58": [
         -0.0016866958467289805,
         -0.0657656341791153,
         0.07555925846099854
      ],
      "59": [
         -0.011956858448684216,
         -0.0643615871667862,
         0.0766981840133667
      ],
      "60": [
         -0.020165765658020973,
         -0.05767581984400749,
         0.07915997505187988
      ],
      "61": [
         -0.023375270888209343,
         -0.050443135201931,
         0.0833444595336914
      ],
      "62": [
         -0.010163497179746628,
         -0.06196053326129913,
         0.08579206466674805
      ],
      "63": [
         -0.0020149806514382362,
         -0.0633842796087265,
         0.0856013298034668
      ],
      "64": [
         0.006544888950884342,
         -0.06151555851101875,
         0.08561921119689941
      ],
      "65": [
         0.019232071936130524,
         -0.04989274591207504,
         0.08352577686309814
      ],
      "66": [
         0.006787171587347984,
         -0.060609038919210434,
         0.08475077152252197
      ],
      "67": [
         -0.0018939112778753042,
         -0.06261102110147476,
         0.08479595184326172
      ],
      "68": [
         -0.010252182371914387,
         -0.060992203652858734,
         0.08494949340820312
      ]
   },
   "keypoints_2d_coordinates": {
      "1": [
         50,
         27
      ],
      "2": [
         60,
         28
      ],
      "3": [
         70,
         28
      ],