{
   "keypoints_3d_coordinates": {
      "1": [
         -0.0695432648062706,
         0.04390627145767212,
         0.14226579666137695
      ],
      "2": [
         -0.06845522671937943,
         0.036188699305057526,
         0.12453341484069824
      ],
      "3": [
         -0.06946958601474762,
         0.03308854624629021,
         0.10652709007263184
      ],
      "4": [
         -0.0677608773112297,
         0.026946336030960083,
         0.0847017765045166
      ],
      "5": [
         -0.06197530776262283,
         0.015434270724654198,
         0.06912660598754883
      ],
      "6": [
         -0.05213101580739021,
         -0.004256718792021275,
         0.06198441982269287
      ],
      "7": [
         -0.03954219073057175,
         -0.018375815823674202,
         0.05555927753448486
      ],
      "8": [
         -0.025927886366844177,
         -0.034358929842710495,
         0.05163919925689697
      ],
      "9": [
         -0.0016560277435928583,
         -0.043635498732328415,
         0.048610687255859375
      ],
      "10": [
         0.022004859521985054,
         -0.033546965569257736,
         0.05232727527618408
      ],
      "11": [
         0.03528623282909393,
         -0.018323350697755814,
         0.05655181407928467
      ],
      "12": [
         0.047962408512830734,
         -0.004328577779233456,
         0.06306993961334229
      ],
      "13": [
         0.05736703798174858,
         0.015002667903900146,
         0.06986618041992188
      ],
      "14": [
         0.06320562958717346,
         0.026787370443344116,
         0.0842214822769165
      ],
      "15": [
         0.06541910767555237,
         0.03216572850942612,
         0.10498189926147461
      ],
      "16": [
         0.06382834911346436,
         0.035488758236169815,
         0.12244069576263428
      ],
      "17": [
         0.06412734091281891,
         0.04321333020925522,
         0.1403200626373291
      ],
      "18": [
         -0.045603010803461075,
         -0.021534467115998268,
         0.15952062606811523
      ],
      "19": [
         -0.04148710519075394,
         -0.02331976778805256,
         0.1617516279220581
      ],
      "20": [
         -0.033838506788015366,
         -0.02859426662325859,
         0.16080868244171143
      ],
      "21": [
         -0.02516910806298256,
         -0.03281766548752785,
         0.1586216688156128
      ],
      "22": [
         -0.015191408805549145,
         -0.035405367612838745,
         0.15438663959503174
      ],
      "23": [
         0.010537191294133663,
         -0.03582296893000603,
         0.15377068519592285
      ],
      "24": [
         0.020775090903043747,
         -0.03281046822667122,
         0.157395601272583
      ],
      "25": [
         0.029317490756511688,
         -0.02815946750342846,
         0.15979063510894775
      ],
      "26": [
         0.03706838935613632,
         -0.022777967154979706,
         0.16081774234771729
      ],
      "27": [
         0.04081689193844795,
         -0.021035967394709587,
         0.15843355655670166
      ],
      "28": [
         -0.0022695816587656736,
         -0.035912420600652695,
         0.1500682830810547
      ],
      "29": [
         -0.002063510939478874,
         -0.039578165858983994,
         0.1424187421798706
      ],
      "30": [
         -0.001881470438092947,
         -0.0464228093624115,
         0.13415920734405518
      ],
      "31": [
         -0.0013992325402796268,
         -0.05554473027586937,
         0.12149548530578613
      ],
      "32": [
         -0.018126433715224266,
         -0.03974646329879761,
         0.11345422267913818
      ],
      "33": [
         -0.009702285751700401,
         -0.04484553262591362,
         0.10889887809753418
      ],
      "34": [
         -0.001572158420458436,
         -0.04660915583372116,
         0.10752391815185547
      ],
      "35": [
         0.0068815927952528,
         -0.044311732053756714,
         0.10972285270690918
      ],
      "36": [
         0.01444803737103939,
         -0.03919311985373497,
         0.11326718330383301
      ],
      "37": [
         -0.04267111420631409,
         -0.016899751499295235,
         0.14682793617248535
      ],
      "38": [
         -0.03563543036580086,
         -0.025894954800605774,
         0.1482161283493042
      ],
      "39": [
         -0.026734698563814163,
         -0.024991340935230255,
         0.148476243019104
      ],
      "40": [
         -0.02010396495461464,
         -0.021206043660640717,
         0.14603710174560547
      ],
      "41": [
         -0.02634410746395588,
         -0.024215001612901688,
         0.14516639709472656
      ],
      "42": [
         -0.0352131612598896,
         -0.02445550262928009,
         0.14443063735961914
      ],
      "43": [
         0.01476534828543663,
         -0.021610461175441742,
         0.14554929733276367
      ],
      "44": [
         0.022407442331314087,
         -0.024779468774795532,
         0.14738523960113525
      ],
      "45": [
         0.031517788767814636,
         -0.024848561733961105,
         0.14720118045806885
      ],
      "46": [
         0.03777623549103737,
         -0.016570238396525383,
         0.1458662748336792
      ],
      "47": [
         0.031346239149570465,
         -0.023452166467905045,
         0.1436392068862915
      ],
      "48": [
         0.022266844287514687,
         -0.02390805073082447,
         0.1441354751586914
      ],
      "49": [
         -0.020235296338796616,
         -0.04112844169139862,
         0.08916616439819336
      ],
      "50": [
         -0.015764031559228897,
         -0.049410365521907806,
         0.09158909320831299
      ],
      "51": [
         -0.009979402646422386,
         -0.05117449909448624,
         0.09361934661865234
      ],
      "52": [
         -0.00147038116119802,
         -0.051897082477808,
         0.09338247776031494
      ],
      "53": [
         0.007410525344312191,
         -0.05043679475784302,
         0.09313344955444336
      ],
      "54": [
         0.013323595747351646,
         -0.04684790223836899,
         0.09134829044342041
      ],
      "55": [
         0.016848232597112656,
         -0.036800965666770935,
         0.08947646617889404
      ],
      "56": [
         0.012363589368760586,
         -0.045245543122291565,
         0.08804953098297119
      ],
      "57": [
         0.006172532215714455,
         -0.049837272614240646,
         0.0839531421661377
      ],
      "58": [
         -0.001360602560453117,
         -0.05191919580101967,
         0.08366167545318604
      ],
      "59": [
         -0.008779493160545826,
         -0.05121854320168495,
         0.08440041542053223
      ],
      "60": [
         -0.015586398541927338,
         -0.04861558973789215,
         0.08827471733093262
      ],
      "61": [
         -0.01896175555884838,
         -0.042252905666828156,
         0.09018337726593018
      ],
      "62": [
         -0.008053901605308056,
         -0.04793126508593559,
         0.08945691585540771
      ],
      "63": [
         -0.0013759476132690907,
         -0.04761841520667076,
         0.08949494361877441
      ],
      "64": [
         0.005901860538870096,
         -0.047304000705480576,
         0.0891573429107666
      ],
      "65": [
         0.016011225059628487,
         -0.03795233368873596,
         0.09013962745666504
      ],
      "66": [
         0.004958311561495066,
         -0.044466983526945114,
         0.09000241756439209
      ],
      "67": [
         -0.0016850591637194157,
         -0.045010898262262344,
         0.09042227268218994
      ],
      "68": [
         -0.007798564620316029,
         -0.045179761946201324,
         0.09037220478057861
      ]
   },
   "keypoints_2d_coordinates": {
      "1": [
         52,
         25
      ],
      "2": [
         61,
         26
      ],
      "3": [
         72,
         25
      ],