{
   "face": {
      "standard": {
         "1": {
            "global_3d": {
               "x": 0.1531601846218109,
               "y": 0.5300450325012207,
               "z": 1.2504265308380127
            },
            "pixel_2d": {
               "x": 74,
               "y": 121
            }
         },
         "2": {
            "global_3d": {
               "x": 0.1486046016216278,
               "y": 0.5372931957244873,
               "z": 1.2281337976455688
            },
            "pixel_2d": {
               "x": 84,
               "y": 124
            }
         },
         "3": {
            "global_3d": {
               "x": 0.14350712299346924,
               "y": 0.5407621264457703,
               "z": 1.2063615322113037
            },
            "pixel_2d": {
               "x": 94,
               "y": 127
            }
         },
         "4": {
            "global_3d": {
               "x": 0.1369554102420807,
               "y": 0.5470199584960938,
               "z": 1.1824767589569092
            },
            "pixel_2d": {
               "x": 105,
               "y": 131
            }
         },
         "5": {
            "global_3d": {
               "x": 0.12997031211853027,
               "y": 0.5576017498970032,
               "z": 1.1656509637832642
            },
            "pixel_2d": {
               "x": 113,
               "y": 137
            }
         },
         "6": {
            "global_3d": {
               "x": 0.12074365466833115,
               "y": 0.5799409747123718,
               "z": 1.1582441329956055
            },
            "pixel_2d": {
               "x": 116,
               "y": 146
            }
         },
         "7": {
            "global_3d": {
               "x": 0.110072061419487,
               "y": 0.5969181060791016,
               "z": 1.1508746147155762
            },
            "pixel_2d": {
               "x": 119,
               "y": 155
            }
         },
         "8": {
            "global_3d": {
               "x": 0.09735854715108871,
               "y": 0.616008996963501,
               "z": 1.1457736492156982
            },
            "pixel_2d": {
               "x": 121,
               "y": 165
            }
         },
         "9": {
            "global_3d": {
               "x": 0.06883873045444489,
               "y": 0.6295185089111328,
               "z": 1.1450068950653076
            },
            "pixel_2d": {
               "x": 122,
               "y": 180
            }
         },
         "10": {
            "global_3d": {
               "x": 0.03964993357658386,
               "y": 0.6204214692115784,
               "z": 1.1519701480865479
            },
            "pixel_2d": {
               "x": 120,
               "y": 188
            }
         },
         "11": {
            "global_3d": {
               "x": 0.02530733309686184,
               "y": 0.6036552786827087,
               "z": 1.159004807472229
            },
            "pixel_2d": {
               "x": 118,
               "y": 189
            }
         },
         "12": {
            "global_3d": {
               "x": 0.013232655823230743,
               "y": 0.5883987545967102,
               "z": 1.1676894426345825
            },
            "pixel_2d": {
               "x": 115,
               "y": 189
            }
         },
         "13": {
            "global_3d": {
               "x": 0.0017177686095237732,
               "y": 0.5679647922515869,
               "z": 1.1766819953918457
            },
            "pixel_2d": {
               "x": 112,
               "y": 188
            }
         },
         "14": {
            "global_3d": {
               "x": -0.003793954849243164,
               "y": 0.5590247511863708,
               "z": 1.1948761940002441
            },
            "pixel_2d": {
               "x": 105,
               "y": 188
            }
         },
         "15": {
            "global_3d": {
               "x": -0.006097026169300079,
               "y": 0.5542756915092468,
               "z": 1.2197622060775757
            },
            "pixel_2d": {
               "x": 94,
               "y": 187
            }
         },
         "16": {
            "global_3d": {
               "x": -0.006670065224170685,
               "y": 0.5514774918556213,
               "z": 1.2421247959136963
            },
            "pixel_2d": {
               "x": 85,
               "y": 187
            }
         },
         "17": {
            "global_3d": {
               "x": -0.00888010859489441,
               "y": 0.5442901253700256,
               "z": 1.2643412351608276
            },
            "pixel_2d": {
               "x": 76,
               "y": 186
            }
         },
         "18": {
            "global_3d": {
               "x": 0.14001598954200745,
               "y": 0.5912148356437683,
               "z": 1.2792531251907349
            },
            "pixel_2d": {
               "x": 57,
               "y": 141
            }
         },
         "19": {
            "global_3d": {
               "x": 0.13383635878562927,
               "y": 0.6006963849067688,
               "z": 1.2863128185272217
            },
            "pixel_2d": {
               "x": 54,
               "y": 146
            }
         },
         "20": {
            "global_3d": {
               "x": 0.12540730834007263,
               "y": 0.6087498068809509,
               "z": 1.2902666330337524
            },
            "pixel_2d": {
               "x": 52,
               "y": 152
            }
         },
         "21": {
            "global_3d": {
               "x": 0.11557897925376892,
               "y": 0.6156366467475891,
               "z": 1.2920866012573242
            },
            "pixel_2d": {
               "x": 51,
               "y": 158
            }
         },
         "22": {
            "global_3d": {
               "x": 0.10331149399280548,
               "y": 0.6221514940261841,
               "z": 1.2905646562576294
            },
            "pixel_2d": {
               "x": 52,
               "y": 165
            }
         },
         "23": {
            "global_3d": {
               "x": 0.06304451823234558,
               "y": 0.6258421540260315,
               "z": 1.2941529750823975
            },
            "pixel_2d": {
               "x": 53,
               "y": 181
            }
         },
         "24": {
            "global_3d": {
               "x": 0.0502547025680542,
               "y": 0.6215731501579285,
               "z": 1.298024296760559
            },
            "pixel_2d": {
               "x": 53,
               "y": 185
            }
         },
         "25": {
            "global_3d": {
               "x": 0.03937937319278717,
               "y": 0.6165885329246521,
               "z": 1.2985472679138184
            },
            "pixel_2d": {
               "x": 54,
               "y": 188
            }
         },
         "26": {
            "global_3d": {
               "x": 0.029180509969592094,
               "y": 0.6098262071609497,
               "z": 1.296744465827942
            },
            "pixel_2d": {
               "x": 56,
               "y": 190
            }
         },
         "27": {
            "global_3d": {
               "x": 0.02019783854484558,
               "y": 0.6015577912330627,
               "z": 1.2912249565124512
            },
            "pixel_2d": {
               "x": 59,
               "y": 191
            }
         },
         "28": {
            "global_3d": {
               "x": 0.08169130980968475,
               "y": 0.6233729720115662,
               "z": 1.2759455442428589
            },
            "pixel_2d": {
               "x": 61,
               "y": 173
            }
         },
         "29": {
            "global_3d": {
               "x": 0.08077938854694366,
               "y": 0.6297208070755005,