{
   "hands": {
      "right": {
         "finger": {
            "thumb": {
               "ip": {
                  "global_3d": {
                     "x": 0.1438785887190274,
                     "y": 1.1624278128147125,
                     "z": 1.0145247067723955
                  },
                  "pixel_2d": {
                     "x": 198,
                     "y": 384
                  }
               },
               "cmc": {
                  "global_3d": {
                     "x": 0.157924123108387,
                     "y": 1.1381542831659317,
                     "z": 0.9939466640353203
                  },
                  "pixel_2d": {
                     "x": 214,
                     "y": 360
                  }
               },
               "tip": {
                  "global_3d": {
                     "x": 0.13621080418427786,
                     "y": 1.183849920829137,
                     "z": 1.0268626643551722
                  },
                  "pixel_2d": {
                     "x": 188,
                     "y": 403
                  }
               },
               "mcp": {
                  "global_3d": {
                     "x": 0.15265943482518196,
                     "y": 1.1480418294668198,
                     "z": 1.0031990930438042
                  },
                  "pixel_2d": {
                     "x": 207,
                     "y": 370
                  }
               }
            },
            "middle": {
               "mcp": {
                  "global_3d": {
                     "x": 0.21484708537658057,
                     "y": 1.186813493569692,
                     "z": 0.992550494770209
                  },
                  "pixel_2d": {
                     "x": 223,
                     "y": 369
                  }
               },
               "pip": {
                  "global_3d": {
                     "x": 0.2027804298060281,
                     "y": 1.2169689238071442,
                     "z": 0.990412678037371
                  },
                  "pixel_2d": {
                     "x": 226,
                     "y": 400
                  }
               },
               "dip": {
                  "global_3d": {
                     "x": 0.1844900314296995,
                     "y": 1.2196370192936488,
                     "z": 0.9766145603997367
                  },
                  "pixel_2d": {
                     "x": 238,
                     "y": 411
                  }
               },
               "tip": {
                  "global_3d": {
                     "x": 0.17101835873391893,
                     "y": 1.2111921972698636,
                     "z": 0.9639703085025152
                  },
                  "pixel_2d": {
                     "x": 247,
                     "y": 410
                  }
               }
            },
            "ring": {
               "mcp": {
                  "global_3d": {
                     "x": 0.22876089811325073,
                     "y": 1.183636059363683,
                     "z": 0.9768880605697632
                  },
                  "pixel_2d": {
                     "x": 238,
                     "y": 359
                  }
               },
               "pip": {
                  "global_3d": {
                     "x": 0.21618962287902832,
                     "y": 1.2060428985527583,
                     "z": 0.9728921140943255
                  },
                  "pixel_2d": {
                     "x": 243,
                     "y": 384
                  }
               },
               "dip": {
                  "global_3d": {
                     "x": 0.19799618422985077,
                     "y": 1.2121439831597465,
                     "z": 0.9629548447472709
                  },
                  "pixel_2d": {
                     "x": 251,
                     "y": 399
                  }
               },
               "tip": {
                  "global_3d": {
                     "x": 0.18217856685320535,
                     "y": 1.2062741849157546,
                     "z": 0.9541626671950022
                  },
                  "pixel_2d": {
                     "x": 257,
                     "y": 401
                  }
               }
            },
            "index": {
               "mcp": {
                  "global_3d": {
                     "x": 0.19451106091340384,
                     "y": 1.1831110417842865,
                     "z": 1.002688338359197
                  },
                  "pixel_2d": {
                     "x": 212,
                     "y": 376
                  }
               },
               "pip": {
                  "global_3d": {
                     "x": 0.1878726099218641,
                     "y": 1.213752955198288,
                     "z": 1.0070498372827257
                  },
                  "pixel_2d": {
                     "x": 209,
                     "y": 404
                  }
               },
               "dip": {
                  "global_3d": {
                     "x": 0.17249943954604013,
                     "y": 1.2227830844266074,
                     "z": 0.9944929161242076
                  },
                  "pixel_2d": {
                     "x": 221,
                     "y": 419
                  }
               },
               "tip": {
                  "global_3d": {
                     "x": 0.16218411260181004,
                     "y": 1.2218041916688283,
                     "z": 0.9798847155438529
                  },
                  "pixel_2d": {
                     "x": 233,
                     "y": 423
                  }
               }
            },
            "pinky": {
               "mcp": {
                  "global_3d": {
                     "x": 0.24226946632067362,
                     "y": 1.1740350772937138,
                     "z": 0.9600095599889755
                  },
                  "pixel_2d": {
                     "x": 255,
                     "y": 344
                  }
               },
               "pip": {
                  "global_3d": {
                     "x": 0.22958008093493326,
                     "y": 1.1895555002348763,
                     "z": 0.9580115505627224
                  },
                  "pixel_2d": {
                     "x": 257,
                     "y": 364
                  }
               },
               "dip": {
                  "global_3d": {
                     "x": 0.2179688960313797,
                     "y": 1.1994223424366541,
                     "z": 0.9515591838530132
                  },
                  "pixel_2d": {
                     "x": 263,
                     "y": 378
                  }
               },
               "tip": {
                  "global_3d": {
                     "x": 0.20120991269747415,
                     "y": 1.1976823773649004,
                     "z": 0.9434292763471603
                  },
                  "pixel_2d": {
                     "x": 268,
                     "y": 385
                  }
               }
            }
         },
         "wrist": {
            "global_3d": {
               "x": 0.1993542400499185,
               "y": 1.0876238842805226,
               "z": 0.9436996728181839
            },
            "pixel_2d": {
               "x": 254,
               "y": 307
            }
         }
      },
      "left": {
         "finger": {
            "thumb": {
               "ip": {
                  "global_3d": {
                     "x": -0.026429863912718638,
                     "y": 1.1644472905567713,
                     "z": 0.9875360003539494
                  },
                  "pixel_2d": {
                     "x": 211,
                     "y": 448
                  }
               },
               "cmc": {
                  "global_3d": {
                     "x": -0.048476877311865486,