{
   "facial_hair_included": false,
   "identity_id": "2f4e13f0-631e-4a24-8ebd-c82478433e81",
   "face_expression": {
      "intensity_level": 5,
      "name": "happiness"
   },
   "identity_label": {
      "age": "old",
      "ethnicity": "southeast_asian",
      "gender": "male"
   },
   "head_metadata": {
      "head_root_location": {
         "x": 0.0,
         "y": 0.0,
         "z": 0.0
      },
      "head_rotation": {
         "pitch": -11.720667794991703,
         "yaw": 21.437038776157966,
         "roll": 0.0
      },
      "head_six_dof": {
         "location": {
            "x": 0.025821270421147346,
            "y": -0.013698635622859001,
            "z": 0.20111387968063354
         },
         "look_at_vector": {
            "x": 0.35792994197060557,
            "y": -0.9113982242896314,
            "z": 0.20307494528529596
         }
      }
   },
   "apex_of_cornea_point": {
      "2d": {
         "camera_1": {
            "right_eye": {
               "x": 178,
               "y": 501
            },
            "left_eye": {
               "x": 182,
               "y": 747
            }
         }
      },
      "3d": {
         "right_eye": {
            "x": -0.002359617967158556,
            "y": -0.01897975243628025,
            "z": 0.1921778917312622
         },
         "left_eye": {
            "x": 0.051377326250076294,
            "y": 0.0006708595319651067,
            "z": 0.19218546152114868
         }
      }
   },
   "center_of_rotation_point": {
      "2d": {
         "camera_1": {
            "right_eye": {
               "x": 190,
               "y": 485
            },
            "left_eye": {
               "x": 193,
               "y": 725
            }
         }
      },
      "3d": {
         "right_eye": {
            "x": -0.005821438506245613,
            "y": -0.009105298668146133,
            "z": 0.19007165729999542
         },
         "left_eye": {
            "x": 0.04681142792105675,
            "y": 0.010331439785659313,
            "z": 0.19010521471500397
         }
      }
   },
   "iris_circle": {
      "2d": {
         "camera_1": {
            "right_eye": [
               {
                  "x": 155,
                  "y": 496
               },
               {
                  "x": 159,
                  "y": 509
               },
               {
                  "x": 168,
                  "y": 519
               },
               {
                  "x": 181,
                  "y": 524
               },
               {
                  "x": 193,
                  "y": 521
               },
               {
                  "x": 203,
                  "y": 512
               },
               {
                  "x": 206,
                  "y": 500
               },
               {
                  "x": 202,
                  "y": 487
               },
               {
                  "x": 192,
                  "y": 477
               },
               {
                  "x": 180,
                  "y": 473
               },
               {
                  "x": 168,
                  "y": 475
               },
               {
                  "x": 159,
                  "y": 484
               }
            ],
            "left_eye": [
               {
                  "x": 159,
                  "y": 741
               },
               {
                  "x": 163,
                  "y": 753
               },
               {
                  "x": 172,
                  "y": 762
               },
               {
                  "x": 185,
                  "y": 766
               },
               {
                  "x": 197,
                  "y": 764
               },
               {
                  "x": 207,
                  "y": 756
               },
               {
                  "x": 210,
                  "y": 745
               },
               {
                  "x": 206,
                  "y": 733
               },
               {
                  "x": 196,
                  "y": 723
               },
               {
                  "x": 183,
                  "y": 719
               },
               {
                  "x": 171,
                  "y": 721
               },
               {
                  "x": 161,
                  "y": 729
               }
            ]
         }
      },
      "3d": {
         "right_eye": [
            {
               "x": -0.0034670450259000063,
               "y": -0.015948785468935966,
               "z": 0.19714421033859253
            },
            {
               "x": -0.000585736648645252,
               "y": -0.015069227665662766,
               "z": 0.19642655551433563
            },
            {
               "x": 0.0015975091373547912,
               "y": -0.01469170767813921,
               "z": 0.19448205828666687
            },
            {
               "x": 0.0025292036589235067,
               "y": -0.014891965314745903,
               "z": 0.1917571872472763
            },
            {
               "x": 0.001982020679861307,
               "y": -0.01572098396718502,
               "z": 0.1890401691198349
            },
            {
               "x": 8.310054545290768e-05,
               "y": -0.01690954528748989,
               "z": 0.18690551817417145
            },
            {
               "x": -0.002698097378015518,
               "y": -0.018015800043940544,
               "z": 0.1861192286014557
            },
            {
               "x": -0.0054623158648610115,
               "y": -0.01887102983891964,
               "z": 0.1868850141763687
            },
            {
               "x": -0.007551951799541712,
               "y": -0.019147003069519997,
               "z": 0.18901625275611877
            },
            {
               "x": -0.008447525091469288,
               "y": -0.018881097435951233,
               "z": 0.19175536930561066
            },
            {
               "x": -0.007944338954985142,
               "y": -0.018159030005335808,
               "z": 0.19442446529865265
            },
            {
               "x": -0.006132396869361401,
               "y": -0.017076343297958374,
               "z": 0.1963787078857422
            }
         ],
         "left_eye": [
            {
               "x": 0.05007156729698181,
               "y": 0.0036046295426785946,
               "z": 0.19737811386585236
            },
            {
               "x": 0.052721451967954636,
               "y": 0.004683671519160271,
               "z": 0.19659657776355743
            },
            {
               "x": 0.054742127656936646,
               "y": 0.005211056210100651,
               "z": 0.19446128606796265
            },
            {
               "x": 0.055647317320108414,
               "y": 0.005039743147790432,
               "z": 0.19169169664382935
            },
            {
               "x": 0.05516313388943672,
               "y": 0.004208519123494625,
               "z": 0.1889609694480896
            },
            {
               "x": 0.053375642746686935,
               "y": 0.0029185388702899218,
               "z": 0.18687526881694794
            },
            {
               "x": 0.05087556689977646,
               "y": 0.0015273907920345664,
               "z": 0.1861179620027542
            },
            {
               "x": 0.04824714735150337,
               "y": 0.0004323024186305702,
               "z": 0.1869346648454666
            },
            {
               "x": 0.0460766963660717,
               "y": -0.00010527495760470629,
               "z": 0.18901853263378143
            },
            {
               "x": 0.04512916877865791,
               "y": 9.004632011055946e-05,
               "z": 0.19187909364700317
            },
            {
               "x": 0.04565964266657829,
               "y": 0.0009741693502292037,