{
   "feet": {
      "right": {
         "heel": {
            "global_3d": {
               "x": 0.12579627335071564,
               "y": 1.2615731954574585,
               "z": 0.18517522513866425
            },
            "pixel_2d": {
               "x": 1018,
               "y": 489
            }
         },
         "index": {
            "global_3d": {
               "x": 0.1810978390276432,
               "y": 1.4631752504242792,
               "z": 0.34080075638161766
            },
            "pixel_2d": {
               "x": 1251,
               "y": 771
            }
         },
         "pinky": {
            "global_3d": {
               "x": 0.22253593636883628,
               "y": 1.4322584768136342,
               "z": 0.27388322353363037
            },
            "pixel_2d": {
               "x": 1389,
               "y": 707
            }
         }
      },
      "left": {
         "heel": {
            "global_3d": {
               "x": -0.18015219271183014,
               "y": 1.306628704071045,
               "z": 0.1557292640209198
            },
            "pixel_2d": {
               "x": 813,
               "y": 608
            }
         },
         "pinky": {
            "global_3d": {
               "x": -0.1764148341284858,
               "y": 1.4605827099747128,
               "z": 0.3089807513687346
            },
            "pixel_2d": {
               "x": 803,
               "y": 764
            }
         },
         "index": {
            "global_3d": {
               "x": -0.10361393706666099,
               "y": 1.4671401348378923,
               "z": 0.35070371048318016
            },
            "pixel_2d": {
               "x": 830,
               "y": 771
            }
         }
      }
   }
}