{
   "keypoints_3d_coordinates": {
      "1": [
         -0.054204247891902924,
         0.00038987770676612854,
         0.1324748992919922
      ],
      "2": [
         -0.05357319489121437,
         -0.003891371190547943,
         0.11578905582427979
      ],
      "3": [
         -0.05212854593992233,
         -0.0027913786470890045,
         0.09849667549133301
      ],
      "4": [
         -0.048495981842279434,
         -0.002377055585384369,
         0.08098459243774414
      ],
      "5": [
         -0.042899519205093384,
         -0.007484076544642448,
         0.06844794750213623
      ],
      "6": [
         -0.037364937365055084,
         -0.01863912306725979,
         0.05830657482147217
      ],
      "7": [
         -0.02956172078847885,
         -0.026894189417362213,
         0.048143863677978516
      ],
      "8": [
         -0.01963421329855919,
         -0.03512945398688316,
         0.039324402809143066
      ],
      "9": [
         0.0030225683003664017,
         -0.039041753858327866,
         0.029364347457885742
      ],
      "10": [
         0.025562675669789314,
         -0.03462710604071617,
         0.038541316986083984
      ],
      "11": [
         0.034968577325344086,
         -0.025953907519578934,
         0.046391963958740234
      ],
      "12": [
         0.04380389302968979,
         -0.01809113100171089,
         0.05537009239196777
      ],
      "13": [
         0.04997206851840019,
         -0.007026219740509987,
         0.06525444984436035
      ],
      "14": [
         0.05623840168118477,
         -0.0021711736917495728,
         0.07842421531677246
      ],
      "15": [
         0.060878146439790726,
         -0.0023451969027519226,
         0.09643542766571045
      ],
      "16": [
         0.06342306733131409,
         -0.0033575333654880524,
         0.11361229419708252
      ],
      "17": [
         0.06526082009077072,
         0.0008541382849216461,
         0.1300499439239502
      ],
      "18": [
         -0.03519776463508606,
         -0.04546952247619629,
         0.15442800521850586
      ],
      "19": [
         -0.031905416399240494,
         -0.04943034425377846,
         0.157248854637146
      ],
      "20": [
         -0.024125713855028152,
         -0.055873192846775055,
         0.16105711460113525
      ],
      "21": [
         -0.014364266768097878,
         -0.06172444298863411,
         0.16158175468444824
      ],
      "22": [
         -0.0021118163131177425,
         -0.0658678412437439,
         0.16144371032714844
      ],
      "23": [
         0.01623903587460518,
         -0.0653921440243721,
         0.16176140308380127
      ],
      "24": [
         0.028501935303211212,
         -0.06129284203052521,
         0.16173315048217773
      ],
      "25": [
         0.03805498406291008,
         -0.055363044142723083,
         0.16064345836639404
      ],
      "26": [
         0.045493386685848236,
         -0.048981841653585434,
         0.1562032699584961
      ],
      "27": [
         0.04847223311662674,
         -0.04518934339284897,
         0.1530700922012329
      ],
      "28": [
         0.006681709084659815,
         -0.06486807018518448,
         0.143438458442688
      ],
      "29": [
         0.006315384525805712,
         -0.07013162970542908,
         0.12987232208251953
      ],
      "30": [
         0.0062538678757846355,
         -0.07508029043674469,
         0.12212193012237549
      ],
      "31": [
         0.006057246588170528,
         -0.08261570334434509,
         0.10964298248291016
      ],
      "32": [
         -0.007180332206189632,
         -0.06351643055677414,
         0.09631383419036865
      ],
      "33": [
         -0.0013324925675988197,
         -0.06821483373641968,
         0.09397554397583008
      ],
      "34": [
         0.005784211214631796,
         -0.07112585753202438,
         0.09404921531677246
      ],
      "35": [
         0.01235207635909319,
         -0.06809499859809875,
         0.09401631355285645
      ],
      "36": [
         0.01825029030442238,
         -0.06270083785057068,
         0.09651529788970947
      ],
      "37": [
         -0.031154658645391464,
         -0.04920273646712303,
         0.13602781295776367
      ],
      "38": [
         -0.023776110261678696,
         -0.057783402502536774,
         0.14318835735321045
      ],
      "39": [
         -0.01385713554918766,
         -0.057829342782497406,
         0.1423407793045044
      ],
      "40": [
         -0.007056075148284435,
         -0.05529478192329407,
         0.13484573364257812
      ],
      "41": [
         -0.013856787234544754,
         -0.05736309662461281,
         0.1326061487197876
      ],
      "42": [
         -0.024871470406651497,
         -0.05611196905374527,
         0.13192534446716309
      ],
      "43": [
         0.019880957901477814,
         -0.05531970411539078,
         0.13486897945404053
      ],
      "44": [
         0.027704233303666115,
         -0.057760149240493774,
         0.14241254329681396
      ],
      "45": [
         0.03691663220524788,
         -0.05634099245071411,
         0.1424093246459961
      ],
      "46": [
         0.043416477739810944,
         -0.049487438052892685,
         0.13564515113830566
      ],
      "47": [
         0.03655598312616348,
         -0.05616125836968422,
         0.13181447982788086
      ],
      "48": [
         0.026458706706762314,
         -0.05687609314918518,
         0.13254070281982422
      ],
      "49": [
         -0.01626795344054699,
         -0.05410225689411163,
         0.06823742389678955
      ],
      "50": [
         -0.013834314420819283,
         -0.06148869916796684,
         0.07803070545196533
      ],
      "51": [
         -0.005028526298701763,
         -0.06837620586156845,
         0.08178317546844482
      ],
      "52": [
         0.004800727125257254,
         -0.0704902932047844,
         0.08132767677307129
      ],
      "53": [
         0.014883287250995636,
         -0.06813494116067886,
         0.08155429363250732
      ],
      "54": [
         0.022839991375803947,
         -0.06126471608877182,
         0.07737994194030762
      ],
      "55": [
         0.024582449346780777,
         -0.05396702140569687,
         0.067665696144104
      ],
      "56": [
         0.02237318642437458,
         -0.055235087871551514,
         0.060338616371154785
      ],
      "57": [
         0.014780258759856224,
         -0.05959434434771538,
         0.05550956726074219
      ],
      "58": [
         0.004142717458307743,
         -0.06192608177661896,
         0.05378711223602295
      ],
      "59": [
         -0.007040795870125294,
         -0.059531304985284805,
         0.05566680431365967
      ],
      "60": [
         -0.014310721307992935,
         -0.05572482943534851,
         0.06070601940155029
      ],
      "61": [
         -0.015489256009459496,
         -0.05001410096883774,
         0.06967389583587646
      ],
      "62": [
         -0.004370811395347118,
         -0.06333045661449432,
         0.07588696479797363
      ],
      "63": [
         0.004244686104357243,
         -0.06453539431095123,
         0.07597923278808594
      ],
      "64": [
         0.01249365322291851,
         -0.0636252760887146,
         0.07608234882354736
      ],
      "65": [
         0.023739507421851158,
         -0.04944157227873802,
         0.06941080093383789
      ],
      "66": [
         0.012429499998688698,
         -0.059937845915555954,
         0.06300103664398193
      ],
      "67": [
         0.003946219105273485,
         -0.06128145754337311,
         0.06197547912597656
      ],
      "68": [
         -0.004555338062345982,
         -0.05989471822977066,
         0.06277978420257568
      ]
   },
   "keypoints_2d_coordinates": {
      "1": [
         57,
         33
      ],
      "2": [
         66,
         33
      ],
      "3": [
         76,
         34
      ],