{
   "version": "1.0.0",
   "facial_hair_included": false,
   "eye_gaze": {
      "axis_directions": {
         "right_eye": {
            "axis_directions": {
               "visual_axis_direction": {
                  "x": -0.08297691056017682,
                  "y": -0.9653642683242485,
                  "z": 0.24735937774152977
               },
               "optical_axis_direction": {
                  "x": -0.14654091305293274,
                  "y": -0.958137503935969,
                  "z": 0.24596398995170804
               }
            }
         },
         "left_eye": {
            "axis_directions": {
               "visual_axis_direction": {
                  "x": -0.34979483818941276,
                  "y": -0.9043895313145046,
                  "z": 0.24438319669071587
               },
               "optical_axis_direction": {
                  "x": -0.08423189287788278,
                  "y": -0.964698814478602,
                  "z": 0.24952191399912887
               }
            }
         }
      },
      "target_point": {
         "right_eye": {
            "x": -0.12312591820955276,
            "y": -1.057393193244934,
            "z": 0.4227338135242462
         },
         "left_eye": {
            "x": -0.12312591820955276,
            "y": -1.057393193244934,
            "z": 0.4227338135242462
         }
      },
      "eye_gaze_direction_type": "custom"
   },
   "center_of_iris_point": {
      "2d": {
         "camera": {
            "right_eye": {
               "x": 36.686340493376186,
               "y": 43.98809047791732
            },
            "left_eye": {
               "x": 36.55030298544866,
               "y": 82.07494589179042
            }
         }
      },
      "3d": {
         "right_eye": {
            "x": -0.03368503600358963,
            "y": -0.059418123215436935,
            "z": 0.16597570478916168
         },
         "left_eye": {
            "x": 0.030414046719670296,
            "y": -0.059954676777124405,
            "z": 0.16618859767913818
         }
      }
   },
   "center_of_rotation_point": {
      "2d": {
         "camera": {
            "right_eye": {
               "x": 38.3227136410041,
               "y": 44.98622035263782
            },
            "left_eye": {
               "x": 38.211105863617554,
               "y": 82.46268325726199
            }
         }
      },
      "3d": {
         "right_eye": {
            "x": -0.03220565989613533,
            "y": -0.04975605010986328,
            "z": 0.163492351770401
         },
         "left_eye": {
            "x": 0.031262945383787155,
            "y": -0.05021528899669647,
            "z": 0.1636684536933899
         }
      }
   },
   "identity_id": "13f736e5-9f15-428e-b88b-cd183134aa2e",
   "pupil_circle": {
      "2d": {
         "camera": {
            "right_eye": [
               {
                  "x": 35.16993657409011,
                  "y": 44.050906442031255
               },
               {
                  "x": 35.35635850489693,
                  "y": 44.854093087434954
               },
               {
                  "x": 35.91585932606042,
                  "y": 45.43554145699452
               },
               {
                  "x": 36.69770576087643,
                  "y": 45.63931133217034
               },
               {
                  "x": 37.492894762445964,
                  "y": 45.4103850618142
               },
               {
                  "x": 38.08903087594733,
                  "y": 44.80998207627913
               },
               {
                  "x": 38.32544886085343,
                  "y": 43.999411658331056
               },
               {
                  "x": 38.1381975366009,
                  "y": 43.195402201446825
               },
               {
                  "x": 37.578304929084865,
                  "y": 42.614350582315765
               },
               {
                  "x": 36.79618494815121,
                  "y": 42.411906281845496
               },
               {
                  "x": 36.000944383397915,
                  "y": 42.64105886023683
               },
               {
                  "x": 35.40591815720148,
                  "y": 43.24081410933668
               }
            ],
            "left_eye": [
               {
                  "x": 35.036826815779044,
                  "y": 82.11280090184923
               },
               {
                  "x": 35.24415751488159,
                  "y": 82.9262979406993
               },
               {
                  "x": 35.817813912790236,
                  "y": 83.51607722796723
               },
               {
                  "x": 36.60446986547237,
                  "y": 83.72380239817525
               },
               {
                  "x": 37.39385189507131,
                  "y": 83.49345005082868
               },
               {
                  "x": 37.97397961144639,
                  "y": 82.8866708109324
               },
               {
                  "x": 38.188719520071025,
                  "y": 82.06624885473659
               },
               {
                  "x": 37.98112752896804,
                  "y": 81.2518983550499
               },
               {
                  "x": 37.40661598295774,
                  "y": 80.662203134164
               },
               {
                  "x": 36.6196610379038,
                  "y": 80.455167732245
               },
               {
                  "x": 35.831111946844054,
                  "y": 80.68619395535298
               },
               {
                  "x": 35.251825371735876,
                  "y": 81.29287662963232
               }
            ]
         }
      },
      "3d": {
         "right_eye": [
            {
               "x": -0.03360198065638542,
               "y": -0.05837760865688324,
               "z": 0.1685609668493271
            },
            {
               "x": -0.0322430245578289,
               "y": -0.05866822972893715,
               "z": 0.1682378649711609
            },
            {
               "x": -0.03125579282641411,
               "y": -0.05906424671411514,
               "z": 0.16728347539901733
            },
            {
               "x": -0.030904795974493027,
               "y": -0.05945916846394539,
               "z": 0.1659553498029709
            },
            {
               "x": -0.03128427267074585,
               "y": -0.05974733829498291,
               "z": 0.16460853815078735
            },
            {
               "x": -0.03229249641299248,
               "y": -0.05985170602798462,
               "z": 0.16360235214233398
            },
            {
               "x": -0.033658843487501144,
               "y": -0.05974467843770981,
               "z": 0.1632075160741806
            },
            {
               "x": -0.03501851484179497,
               "y": -0.059453900903463364,
               "z": 0.1635308563709259
            },
            {
               "x": -0.036005791276693344,
               "y": -0.05905827134847641,
               "z": 0.16448469460010529
            },
            {
               "x": -0.03635595738887787,
               "y": -0.05866304785013199,
               "z": 0.16581325232982635
            },
            {
               "x": -0.035976774990558624,
               "y": -0.05837476626038551,
               "z": 0.16716131567955017
            },
            {
               "x": -0.034968920052051544,
               "y": -0.05827043205499649,
               "z": 0.16816683113574982
            }
         ],
         "left_eye": [
            {
               "x": 0.030498458072543144,
               "y": -0.05890798941254616,
               "z": 0.16876839101314545
            },
            {
               "x": 0.031863875687122345,
               "y": -0.05911855399608612,