{
   "version": "1.0.0",
   "datapoints": [
      {
         "human": {
            "id": "13f736e5-9f15-428e-b88b-cd183134aa2e",
            "head": {
               "eyes": {
                  "id": "b971cb70-4348-4ae9-b3d2-7cf364e09f3a",
                  "target_of_gaze": {
                     "distance": 1.0275667461363156,
                     "direction": {
                        "z": 0.252201085956856,
                        "x": -0.11936407874843691,
                        "y": -0.990113302224292
                     }
                  },
                  "eyelid_closure": 0.10866695291122282
               },
               "location": {
                  "z": 0.0,
                  "x": 0.0,
                  "y": 0.0
               },
               "rotation": {
                  "pitch": 0.0,
                  "yaw": 0.0,
                  "roll": 0.0
               },
               "expression": {
                  "intensity": 0.7199306173826265,
                  "name": "contempt"
               },
               "eyebrows": {
                  "id": "91d84930-022c-46e5-8cf2-95796c26fa44",
                  "color_settings": {
                     "index_of_refraction": 1.635028289368552,
                     "melanin": 0.9221684821298781,
                     "redness": 0.15946493797331984,
                     "roughness": 0.21563286167984436,
                     "whiteness": 0.06614626029710424
                  }
               },
               "hair": {
                  "id": "e98da6b0-32f9-4a45-95aa-8d04c133b9e8",
                  "color_settings": {
                     "index_of_refraction": 1.635028289368552,
                     "melanin": 0.9221684821298781,
                     "redness": 0.15946493797331984,
                     "roughness": 0.21563286167984436,
                     "whiteness": 0.06614626029710424
                  }
               },
               "facial_hair": null
            }
         },
         "camera": {
            "name": "camera",
            "intrinsic_params": {
               "projection": "perspective",
               "resolution_width": 128,
               "resolution_height": 128,
               "fov_horizontal": 8.0,
               "fov_vertical": 8.0,
               "sensor_width": 15.0,
               "wavelength": "visible"
            },
            "extrinsic_params": {
               "location": {
                  "z": 0.12,
                  "x": 0.0,
                  "y": -1.6
               },
               "rotation": {
                  "pitch": 0.0,
                  "yaw": 0.0,
                  "roll": 0.0
               }
            }
         },
         "accessories": {
            "mask": null,
            "glasses": null
         },
         "background": {
            "id": "f3fe77a6-2f44-4ecf-8154-62382620f7c8",
            "transparent": false,
            "rotation": 309.8826510025284
         },
         "lights": []
      }
   ]
}