{
   "keypoints_3d_coordinates": {
      "1": [
         -0.07541932910680771,
         0.02567005157470703,
         0.14277589321136475
      ],
      "2": [
         -0.07419805973768234,
         0.021338433027267456,
         0.1236412525177002
      ],
      "3": [
         -0.0736592635512352,
         0.02094879001379013,
         0.10469949245452881
      ],
      "4": [
         -0.06996691226959229,
         0.017758652567863464,
         0.08277535438537598
      ],
      "5": [
         -0.06274965405464172,
         0.00826227106153965,
         0.06732797622680664
      ],
      "6": [
         -0.05475037544965744,
         -0.009961341507732868,
         0.05922532081604004
      ],
      "7": [
         -0.04405274987220764,
         -0.02297496795654297,
         0.05193281173706055
      ],
      "8": [
         -0.0318344309926033,
         -0.03906763345003128,
         0.0477757453918457
      ],
      "9": [
         -0.0057714637368917465,
         -0.05222132429480553,
         0.04533588886260986
      ],
      "10": [
         0.019875653088092804,
         -0.03948409482836723,
         0.05025327205657959
      ],
      "11": [
         0.03268982097506523,
         -0.024225112050771713,
         0.055187344551086426
      ],
      "12": [
         0.043148674070835114,
         -0.011410634964704514,
         0.06338846683502197
      ],
      "13": [
         0.051877379417419434,
         0.006116289645433426,
         0.07157754898071289
      ],
      "14": [
         0.05810344219207764,
         0.01502532884478569,
         0.08627700805664062
      ],
      "15": [
         0.059747114777565,
         0.018322870135307312,
         0.10701620578765869
      ],
      "16": [
         0.05803990364074707,
         0.01827019825577736,
         0.12512147426605225
      ],
      "17": [
         0.057918012142181396,
         0.022041872143745422,
         0.1451270580291748
      ],
      "18": [
         -0.05303136259317398,
         -0.04016842320561409,
         0.15386128425598145
      ],
      "19": [
         -0.050824761390686035,
         -0.04197482392191887,
         0.1574763059616089
      ],
      "20": [
         -0.04373826086521149,
         -0.04743052273988724,
         0.15902578830718994
      ],
      "21": [
         -0.03599746152758598,
         -0.051776520907878876,
         0.15891683101654053
      ],
      "22": [
         -0.02536856196820736,
         -0.05361752212047577,
         0.15800178050994873
      ],
      "23": [
         0.004218538291752338,
         -0.05433512106537819,
         0.15816974639892578
      ],
      "24": [
         0.014467939734458923,
         -0.05256672576069832,
         0.15922820568084717
      ],
      "25": [
         0.022430337965488434,
         -0.04843362420797348,
         0.1596447229385376
      ],
      "26": [
         0.030069537460803986,
         -0.04350002110004425,
         0.15840530395507812
      ],
      "27": [
         0.03236393630504608,
         -0.04208842292428017,
         0.1547527313232422
      ],
      "28": [
         -0.009720772504806519,
         -0.055234480649232864,
         0.15055930614471436
      ],
      "29": [
         -0.00901685282588005,
         -0.06089472025632858,
         0.1410694122314453
      ],
      "30": [
         -0.008414014242589474,
         -0.06821542978286743,
         0.1319218873977661
      ],
      "31": [
         -0.007679258473217487,
         -0.07696118950843811,
         0.1187293529510498
      ],
      "32": [
         -0.023983266204595566,
         -0.05392267182469368,
         0.10586297512054443
      ],
      "33": [
         -0.01709602028131485,
         -0.059335675090551376,
         0.10431826114654541
      ],
      "34": [
         -0.00805641245096922,
         -0.06357040256261826,
         0.10317087173461914
      ],
      "35": [
         0.0009863367304205894,
         -0.0595785528421402,
         0.10396730899810791
      ],
      "36": [
         0.00804230384528637,
         -0.05471305921673775,
         0.10608553886413574
      ],
      "37": [
         -0.048475977033376694,
         -0.034094806760549545,
         0.14186561107635498
      ],
      "38": [
         -0.04257921874523163,
         -0.0419732891023159,
         0.1403135061264038
      ],
      "39": [
         -0.03244554251432419,
         -0.04265620559453964,
         0.14138579368591309
      ],
      "40": [
         -0.024822166189551353,
         -0.0381489023566246,
         0.14259850978851318
      ],
      "41": [
         -0.03212461993098259,
         -0.041319169104099274,
         0.13964176177978516
      ],
      "42": [
         -0.04221967235207558,
         -0.04039917141199112,
         0.1384967565536499
      ],
      "43": [
         0.005503810942173004,
         -0.03823375701904297,
         0.1425185203552246
      ],
      "44": [
         0.013676201924681664,
         -0.04245350509881973,
         0.14178013801574707
      ],
      "45": [
         0.024113643914461136,
         -0.04219824820756912,
         0.14134347438812256
      ],
      "46": [
         0.02952834591269493,
         -0.034505657851696014,
         0.14284098148345947
      ],
      "47": [
         0.024281654506921768,
         -0.040679678320884705,
         0.13960909843444824
      ],
      "48": [
         0.013359608128666878,
         -0.04179411381483078,
         0.13997697830200195
      ],
      "49": [
         -0.03658401966094971,
         -0.04186191409826279,
         0.08048844337463379
      ],
      "50": [
         -0.028707511723041534,
         -0.054209280759096146,
         0.08547604084014893
      ],
      "51": [
         -0.019419115036725998,
         -0.06038105860352516,
         0.08874380588531494
      ],
      "52": [
         -0.007941337302327156,
         -0.06337229162454605,
         0.08780825138092041
      ],
      "53": [
         0.0039327265694737434,
         -0.06043914332985878,
         0.0883796215057373
      ],
      "54": [
         0.014025973156094551,
         -0.05293932929635048,
         0.08586776256561279
      ],
      "55": [
         0.0212241280823946,
         -0.04079204797744751,
         0.08150148391723633
      ],
      "56": [
         0.014500744640827179,
         -0.05020514875650406,
         0.078765869140625
      ],
      "57": [
         0.005415830761194229,
         -0.05744272097945213,
         0.07816159725189209
      ],
      "58": [
         -0.00756202545017004,
         -0.06065526232123375,
         0.07828032970428467
      ],
      "59": [
         -0.01940847560763359,
         -0.05875519663095474,
         0.07784163951873779
      ],
      "60": [
         -0.029157694429159164,
         -0.05105464905500412,
         0.07825279235839844
      ],
      "61": [
         -0.033442527055740356,
         -0.04180940240621567,
         0.08195602893829346
      ],
      "62": [
         -0.017231062054634094,
         -0.05648462101817131,
         0.08508503437042236
      ],
      "63": [
         -0.007761319167912006,
         -0.05830501392483711,
         0.08531785011291504
      ],
      "64": [
         0.0027070939540863037,
         -0.056349143385887146,
         0.08485579490661621
      ],
      "65": [
         0.018293913453817368,
         -0.04094451665878296,
         0.08211660385131836
      ],
      "66": [
         0.0033494941890239716,
         -0.055004578083753586,
         0.08445680141448975
      ],
      "67": [
         -0.007761060725897551,
         -0.057260796427726746,
         0.0845264196395874
      ],
      "68": [
         -0.017848581075668335,
         -0.055562060326337814,
         0.0844109058380127
      ]
   },
   "keypoints_2d_coordinates": {
      "1": [
         51,
         22
      ],
      "2": [
         62,
         22
      ],
      "3": [
         73,
         22
      ],