{
   "version": "1.0.0",
   "datapoints": [
      {
         "human": {
            "id": "f8fcfeca-3f9d-46e5-9718-31140404bc8e",
            "head": {
               "eyes": {
                  "id": "93edf514-1bf4-4aa2-8a63-841038b9e0d3",
                  "target_of_gaze": {
                     "direction": {
                        "x": -0.3235207835447447,
                        "z": -0.3981571047048079,
                        "y": -0.9240476816845385
                     },
                     "distance": 2.1465094307240915
                  },
                  "eyelid_closure": 0.6164066005032096
               },
               "location": {
                  "x": 0.0,
                  "z": 0.0,
                  "y": 0.0
               },
               "rotation": {
                  "roll": 0.0,
                  "yaw": 0.0,
                  "pitch": 0.0
               },
               "expression": {
                  "name": "mouth_open",
                  "intensity": 0.46464300206380327
               },
               "eyebrows": {
                  "id": "91d84930-022c-46e5-8cf2-95796c26fa44",
                  "color_settings": {
                     "index_of_refraction": 1.557311699802448,
                     "melanin": 0.1555713661706596,
                     "redness": 0.05285176410048753,
                     "roughness": 0.3110590508278753,
                     "whiteness": 0.3448610487595192
                  }
               },
               "hair": {
                  "id": "fed0f0c2-253e-42a0-9e00-6dff6ea87b22",
                  "color_settings": {
                     "index_of_refraction": 1.557311699802448,
                     "melanin": 0.1555713661706596,
                     "redness": 0.05285176410048753,
                     "roughness": 0.3110590508278753,
                     "whiteness": 0.3448610487595192
                  }
               },
               "facial_hair": null
            }
         },
         "camera": {
            "name": "camera",
            "intrinsic_params": {
               "projection": "perspective",
               "resolution_width": 128,
               "resolution_height": 128,
               "fov_horizontal": 8.0,
               "fov_vertical": 8.0,
               "sensor_width": 15.0,
               "wavelength": "visible"
            },
            "extrinsic_params": {
               "rotation": {
                  "roll": 0.0,
                  "yaw": 0.0,
                  "pitch": 0.0
               },
               "location": {
                  "x": 0.0,
                  "z": 0.12,
                  "y": -1.6
               }
            }
         },
         "accessories": {
            "glasses": null,
            "mask": null
         },
         "background": {
            "id": "08613ebc-6f68-42ff-9906-2d445ae884fd",
            "transparent": false,
            "rotation": 317.4384660784956
         },
         "lights": []
      }
   ]
}