{
   "keypoints_3d_coordinates": {
      "1": [
         -0.07078972458839417,
         0.03133045509457588,
         0.14813315868377686
      ],
      "2": [
         -0.0677974745631218,
         0.02537398785352707,
         0.12850332260131836
      ],
      "3": [
         -0.0637880265712738,
         0.02347765862941742,
         0.11004424095153809
      ],
      "4": [
         -0.05898618325591087,
         0.019073382019996643,
         0.08887338638305664
      ],
      "5": [
         -0.05364334210753441,
         0.00969088077545166,
         0.07431602478027344
      ],
      "6": [
         -0.04795164614915848,
         -0.0072144996374845505,
         0.0663764476776123
      ],
      "7": [
         -0.03876722231507301,
         -0.020486289635300636,
         0.05841958522796631
      ],
      "8": [
         -0.028224218636751175,
         -0.03698898106813431,
         0.052263617515563965
      ],
      "9": [
         -0.001630087848752737,
         -0.048515982925891876,
         0.049129605293273926
      ],
      "10": [
         0.024769671261310577,
         -0.03631003946065903,
         0.053072214126586914
      ],
      "11": [
         0.03640243038535118,
         -0.020604640245437622,
         0.05863535404205322
      ],
      "12": [
         0.04698490351438522,
         -0.0075052762404084206,
         0.06667625904083252
      ],
      "13": [
         0.05328982695937157,
         0.009149095043540001,
         0.07452738285064697
      ],
      "14": [
         0.05826845020055771,
         0.01866864413022995,
         0.08973884582519531
      ],
      "15": [
         0.06362303346395493,
         0.02331697568297386,
         0.11074662208557129
      ],
      "16": [
         0.06757863610982895,
         0.025641266256570816,
         0.12959706783294678
      ],
      "17": [
         0.06977151334285736,
         0.03158922865986824,
         0.14910459518432617
      ],
      "18": [
         -0.04762914776802063,
         -0.031398139894008636,
         0.17116796970367432
      ],
      "19": [
         -0.044864244759082794,
         -0.032897789031267166,
         0.17528045177459717
      ],
      "20": [
         -0.0363587960600853,
         -0.0379711389541626,
         0.1770402193069458
      ],
      "21": [
         -0.027655895799398422,
         -0.042380936443805695,
         0.1759856939315796
      ],
      "22": [
         -0.016715094447135925,
         -0.04574614018201828,
         0.17348825931549072
      ],
      "23": [
         0.017124105244874954,
         -0.04564053937792778,
         0.17404711246490479
      ],
      "24": [
         0.028380805626511574,
         -0.04207663983106613,
         0.1765913963317871
      ],
      "25": [
         0.03730935603380203,
         -0.03744963929057121,
         0.178114652633667
      ],
      "26": [
         0.04545195400714874,
         -0.031965289264917374,
         0.17659497261047363
      ],
      "27": [
         0.047971755266189575,
         -0.030425388365983963,
         0.17218375205993652
      ],
      "28": [
         -0.00018634933803696185,
         -0.0472424253821373,
         0.16431856155395508
      ],
      "29": [
         -0.00024134956765919924,
         -0.05397917330265045,
         0.15330374240875244
      ],
      "30": [
         -0.0004738861753139645,
         -0.062290385365486145,
         0.1444319486618042
      ],
      "31": [
         -0.0004986628191545606,
         -0.07410308718681335,
         0.13015782833099365
      ],
      "32": [
         -0.014988034963607788,
         -0.05128880590200424,
         0.11372840404510498
      ],
      "33": [
         -0.00893973559141159,
         -0.05604244023561478,
         0.11237931251525879
      ],
      "34": [
         -0.0007255294476635754,
         -0.05988919734954834,
         0.11184215545654297
      ],
      "35": [
         0.0075136288069188595,
         -0.05667112022638321,
         0.11182785034179688
      ],
      "36": [
         0.013876654207706451,
         -0.05137636512517929,
         0.11321389675140381
      ],
      "37": [
         -0.044322386384010315,
         -0.025611307471990585,
         0.15676307678222656
      ],
      "38": [
         -0.03716539964079857,
         -0.03329335153102875,
         0.16133975982666016
      ],
      "39": [
         -0.027671275660395622,
         -0.033080875873565674,
         0.16119182109832764
      ],
      "40": [
         -0.019489195197820663,
         -0.0307873897254467,
         0.15574264526367188
      ],
      "41": [
         -0.02768133021891117,
         -0.033727534115314484,
         0.1547013521194458
      ],
      "42": [
         -0.037138067185878754,
         -0.03279120475053787,
         0.15362882614135742
      ],
      "43": [
         0.019834140315651894,
         -0.03107447922229767,
         0.15582239627838135
      ],
      "44": [
         0.028351204469799995,
         -0.03331735357642174,
         0.1613905429840088
      ],
      "45": [
         0.03781135380268097,
         -0.03289075195789337,
         0.1620173454284668
      ],
      "46": [
         0.04433593153953552,
         -0.025567281991243362,
         0.15698778629302979
      ],
      "47": [
         0.03769524395465851,
         -0.03235255181789398,
         0.15439677238464355
      ],
      "48": [
         0.028594164177775383,
         -0.033399973064661026,
         0.15491116046905518
      ],
      "49": [
         -0.027995724231004715,
         -0.04180113971233368,
         0.08715403079986572
      ],
      "50": [
         -0.021228007972240448,
         -0.051205188035964966,
         0.09230661392211914
      ],
      "51": [
         -0.012157359160482883,
         -0.057679370045661926,
         0.09528648853302002
      ],
      "52": [
         -0.0014035741332918406,
         -0.06036895141005516,
         0.09407007694244385
      ],
      "53": [
         0.009096147492527962,
         -0.05818731337785721,
         0.09441769123077393
      ],
      "54": [
         0.018350057303905487,
         -0.051572754979133606,
         0.09120583534240723
      ],
      "55": [
         0.025115257129073143,
         -0.04056260734796524,
         0.08661341667175293
      ],
      "56": [
         0.01843877322971821,
         -0.04759234935045242,
         0.08428728580474854
      ],
      "57": [
         0.009808322414755821,
         -0.05473964661359787,
         0.08255302906036377
      ],
      "58": [
         -0.0016145415138453245,
         -0.05749836191534996,
         0.08216536045074463
      ],
      "59": [
         -0.013197267428040504,
         -0.0554756298661232,
         0.08274269104003906
      ],
      "60": [
         -0.021978890523314476,
         -0.048602089285850525,
         0.0844869613647461
      ],
      "61": [
         -0.026017144322395325,
         -0.04117079824209213,
         0.08785486221313477
      ],
      "62": [
         -0.010569672100245953,
         -0.052158523350954056,
         0.09048116207122803
      ],
      "63": [
         -0.0012708557769656181,
         -0.05376838147640228,
         0.09042072296142578
      ],
      "64": [
         0.007710748352110386,
         -0.052609629929065704,
         0.090157151222229
      ],
      "65": [
         0.022692186757922173,
         -0.03998546674847603,
         0.08757352828979492
      ],
      "66": [
         0.008016163483262062,
         -0.05184651166200638,
         0.08908224105834961
      ],
      "67": [
         -0.0013762081507593393,
         -0.053239043802022934,
         0.08914995193481445
      ],
      "68": [
         -0.011148246936500072,
         -0.05176016688346863,
         0.08956122398376465
      ]
   },
   "keypoints_2d_coordinates": {
      "1": [
         48,
         24
      ],
      "2": [
         59,
         26
      ],
      "3": [
         70,
         28
      ],