{
   "keypoints_3d_coordinates": {
      "1": [
         -0.07693683356046677,
         0.040024638175964355,
         0.15510010719299316
      ],
      "2": [
         -0.07557351142168045,
         0.034966785460710526,
         0.13472986221313477
      ],
      "3": [
         -0.0745130106806755,
         0.032796021550893784,
         0.11611557006835938
      ],
      "4": [
         -0.07131436467170715,
         0.026963260024785995,
         0.09323978424072266
      ],
      "5": [
         -0.0643499419093132,
         0.015888992697000504,
         0.07575881481170654
      ],
      "6": [
         -0.05414777249097824,
         -0.003257475793361664,
         0.06721484661102295
      ],
      "7": [
         -0.04215705767273903,
         -0.01726800575852394,
         0.05927538871765137
      ],
      "8": [
         -0.028598450124263763,
         -0.03433168679475784,
         0.05447494983673096
      ],
      "9": [
         -0.0016598330112174153,
         -0.045028720051050186,
         0.05152440071105957
      ],
      "10": [
         0.02406398393213749,
         -0.03344620764255524,
         0.05642735958099365
      ],
      "11": [
         0.03694351390004158,
         -0.016948070377111435,
         0.061634182929992676
      ],
      "12": [
         0.048159871250391006,
         -0.002754267305135727,
         0.06969618797302246
      ],
      "13": [
         0.05777142569422722,
         0.015864737331867218,
         0.07800769805908203
      ],
      "14": [
         0.06397188454866409,
         0.02662092074751854,
         0.09533870220184326
      ],
      "15": [
         0.06595834344625473,
         0.03150453418493271,
         0.11752855777740479
      ],
      "16": [
         0.0656232014298439,
         0.03392435237765312,
         0.13560521602630615
      ],
      "17": [
         0.0667061060667038,
         0.03941098228096962,
         0.15523529052734375
      ],
      "18": [
         -0.05360253155231476,
         -0.02798672392964363,
         0.17103469371795654
      ],
      "19": [
         -0.050734031945466995,
         -0.02940872311592102,
         0.17570459842681885
      ],
      "20": [
         -0.042240630835294724,
         -0.03492022305727005,
         0.1773146390914917
      ],
      "21": [
         -0.03226233273744583,
         -0.0388922244310379,
         0.17633461952209473
      ],
      "22": [
         -0.02103373222053051,
         -0.04123372584581375,
         0.1737346649169922
      ],
      "23": [
         0.010366967879235744,
         -0.041093625128269196,
         0.17419469356536865
      ],
      "24": [
         0.021848667412996292,
         -0.03861432522535324,
         0.17704463005065918
      ],
      "25": [
         0.031622566282749176,
         -0.03424942493438721,
         0.17849469184875488
      ],
      "26": [
         0.04008936882019043,
         -0.029009923338890076,
         0.17700469493865967
      ],
      "27": [
         0.043322768062353134,
         -0.02773982286453247,
         0.172554612159729
      ],
      "28": [
         -0.005012398585677147,
         -0.04151163995265961,
         0.16551315784454346
      ],
      "29": [
         -0.00455316249281168,
         -0.0461692251265049,
         0.15431177616119385
      ],
      "30": [
         -0.004353683907538652,
         -0.05472906306385994,
         0.14464974403381348
      ],
      "31": [
         -0.003954216837882996,
         -0.06551074236631393,
         0.132338285446167
      ],
      "32": [
         -0.02162877283990383,
         -0.04574662074446678,
         0.11675190925598145
      ],
      "33": [
         -0.013324866071343422,
         -0.05133533850312233,
         0.1160273551940918
      ],
      "34": [
         -0.003677735570818186,
         -0.05356147885322571,
         0.11627674102783203
      ],
      "35": [
         0.006087281741201878,
         -0.05055851861834526,
         0.11643350124359131
      ],
      "36": [
         0.013847079128026962,
         -0.04445413500070572,
         0.1179971694946289
      ],
      "37": [
         -0.04845769330859184,
         -0.020433658733963966,
         0.15410065650939941
      ],
      "38": [
         -0.040995948016643524,
         -0.02807721495628357,
         0.1518845558166504
      ],
      "39": [
         -0.029697347432374954,
         -0.028599372133612633,
         0.15339159965515137
      ],
      "40": [
         -0.020633023232221603,
         -0.025686096400022507,
         0.15504539012908936
      ],
      "41": [
         -0.029259059578180313,
         -0.02859201841056347,
         0.1532289981842041
      ],
      "42": [
         -0.040708862245082855,
         -0.02735515683889389,
         0.15184783935546875
      ],
      "43": [
         0.010840289294719696,
         -0.026620788499712944,
         0.1551724672317505
      ],
      "44": [
         0.02053588628768921,
         -0.028745055198669434,
         0.15378594398498535
      ],
      "45": [
         0.03181895241141319,
         -0.027909796684980392,
         0.15334510803222656
      ],
      "46": [
         0.03874772787094116,
         -0.019384408369660378,
         0.15571880340576172
      ],
      "47": [
         0.031264469027519226,
         -0.026820577681064606,
         0.1535484790802002
      ],
      "48": [
         0.020061317831277847,
         -0.02846759371459484,
         0.15357327461242676
      ],
      "49": [
         -0.02884128876030445,
         -0.04232781007885933,
         0.09074485301971436
      ],
      "50": [
         -0.021908223628997803,
         -0.05236508324742317,
         0.096671462059021
      ],
      "51": [
         -0.013042985461652279,
         -0.05758538097143173,
         0.10173153877258301
      ],
      "52": [
         -0.0021599475294351578,
         -0.05943833664059639,
         0.10206317901611328
      ],
      "53": [
         0.00867373775690794,
         -0.0560605525970459,
         0.1024007797241211
      ],
      "54": [
         0.016867993399500847,
         -0.04993634298443794,
         0.09828305244445801
      ],
      "55": [
         0.022306028753519058,
         -0.04091663286089897,
         0.09301459789276123
      ],
      "56": [
         0.017175089567899704,
         -0.04746927693486214,
         0.08967423439025879
      ],
      "57": [
         0.009301279671490192,
         -0.05410376936197281,
         0.08606266975402832
      ],
      "58": [
         -0.0016085695242509246,
         -0.05650804936885834,
         0.08421432971954346
      ],
      "59": [
         -0.012273269705474377,
         -0.055786702781915665,
         0.08484160900115967
      ],
      "60": [
         -0.022121211513876915,
         -0.04948075860738754,
         0.08758997917175293
      ],
      "61": [
         -0.02591230534017086,
         -0.042534708976745605,
         0.09194016456604004
      ],
      "62": [
         -0.010943638160824776,
         -0.05445360764861107,
         0.09417855739593506
      ],
      "63": [
         -0.002081116195768118,
         -0.054958801716566086,
         0.09429454803466797
      ],
      "64": [
         0.007144738920032978,
         -0.052787359803915024,
         0.09488165378570557
      ],
      "65": [
         0.019893772900104523,
         -0.040754035115242004,
         0.09414553642272949
      ],
      "66": [
         0.007181868888437748,
         -0.05203276872634888,
         0.09345340728759766
      ],
      "67": [
         -0.0020653456449508667,
         -0.05377030000090599,
         0.0928947925567627
      ],
      "68": [
         -0.011076354421675205,
         -0.053327929228544235,
         0.09263694286346436
      ]
   },
   "keypoints_2d_coordinates": {
      "1": [
         44,
         21
      ],
      "2": [
         56,
         22
      ],
      "3": [
         66,
         22
      ],