{
   "keypoints_3d_coordinates": {
      "1": [
         -0.07052505016326904,
         0.014494597911834717,
         0.14632713794708252
      ],
      "2": [
         -0.06908326596021652,
         0.010402634739875793,
         0.12659215927124023
      ],
      "3": [
         -0.06910531222820282,
         0.009808916598558426,
         0.10725116729736328
      ],
      "4": [
         -0.06582599133253098,
         0.00712449848651886,
         0.08615684509277344
      ],
      "5": [
         -0.058342475444078445,
         -0.002055032178759575,
         0.07136225700378418
      ],
      "6": [
         -0.05075197294354439,
         -0.020028984174132347,
         0.06244087219238281
      ],
      "7": [
         -0.03958461806178093,
         -0.032521069049835205,
         0.05415821075439453
      ],
      "8": [
         -0.0258511733263731,
         -0.04763107746839523,
         0.04962325096130371
      ],
      "9": [
         0.0008324396330863237,
         -0.05909073352813721,
         0.046247124671936035
      ],
      "10": [
         0.02770805172622204,
         -0.04743392765522003,
         0.04884076118469238
      ],
      "11": [
         0.04152492433786392,
         -0.032532818615436554,
         0.053058505058288574
      ],
      "12": [
         0.05315010994672775,
         -0.02015966735780239,
         0.0613713264465332
      ],
      "13": [
         0.06142241507768631,
         -0.0026382505893707275,
         0.07040703296661377
      ],
      "14": [
         0.06944606453180313,
         0.006024513393640518,
         0.08580076694488525
      ],
      "15": [
         0.0740339532494545,
         0.008687615394592285,
         0.10789322853088379
      ],
      "16": [
         0.0739300325512886,
         0.009104542434215546,
         0.12690401077270508
      ],
      "17": [
         0.07419860363006592,
         0.013412412256002426,
         0.14678406715393066
      ],
      "18": [
         -0.04202393814921379,
         -0.049513839185237885,
         0.16167402267456055
      ],
      "19": [
         -0.03799968957901001,
         -0.051344938576221466,
         0.16544568538665771
      ],
      "20": [
         -0.029547739773988724,
         -0.05583178997039795,
         0.16553330421447754
      ],
      "21": [
         -0.021485887467861176,
         -0.06051439046859741,
         0.1645057201385498
      ],
      "22": [
         -0.01068783923983574,
         -0.061547644436359406,
         0.16127252578735352
      ],
      "23": [
         0.0155768608674407,
         -0.061761341989040375,
         0.16099870204925537
      ],
      "24": [
         0.02668726071715355,
         -0.060483939945697784,
         0.16468524932861328
      ],
      "25": [
         0.034787461161613464,
         -0.055741991847753525,
         0.16634869575500488
      ],
      "26": [
         0.04330875724554062,
         -0.05091584473848343,
         0.1662425994873047
      ],
      "27": [
         0.046974312514066696,
         -0.04896578937768936,
         0.16244816780090332
      ],
      "28": [
         0.0029227021150290966,
         -0.060698315501213074,
         0.1562044620513916
      ],
      "29": [
         0.0028411238454282284,
         -0.06483592838048935,
         0.14742350578308105
      ],
      "30": [
         0.0028099087066948414,
         -0.07190559059381485,
         0.13998055458068848
      ],
      "31": [
         0.002540852641686797,
         -0.08036766201257706,
         0.12548601627349854
      ],
      "32": [
         -0.017035186290740967,
         -0.058106835931539536,
         0.11737847328186035
      ],
      "33": [
         -0.008139336481690407,
         -0.06463408470153809,
         0.11265718936920166
      ],
      "34": [
         0.002594998572021723,
         -0.06810365617275238,
         0.11045598983764648
      ],
      "35": [
         0.0129084512591362,
         -0.06566610932350159,
         0.11268258094787598
      ],
      "36": [
         0.02109636925160885,
         -0.05924184247851372,
         0.11720466613769531
      ],
      "37": [
         -0.039271168410778046,
         -0.04320817440748215,
         0.14941668510437012
      ],
      "38": [
         -0.03275635838508606,
         -0.051210928708314896,
         0.15359139442443848
      ],
      "39": [
         -0.022347768768668175,
         -0.05022449791431427,
         0.15432417392730713
      ],
      "40": [
         -0.01396818459033966,
         -0.04645077884197235,
         0.15069782733917236
      ],
      "41": [
         -0.02077092044055462,
         -0.048758991062641144,
         0.15038645267486572
      ],
      "42": [
         -0.030755285173654556,
         -0.04966086149215698,
         0.1490175724029541
      ],
      "43": [
         0.019932178780436516,
         -0.047322165220975876,
         0.1508321762084961
      ],
      "44": [
         0.027659229934215546,
         -0.05026853829622269,
         0.15470731258392334
      ],
      "45": [
         0.037542443722486496,
         -0.05079886317253113,
         0.15462768077850342
      ],
      "46": [
         0.04454721137881279,
         -0.042566657066345215,
         0.1502460241317749
      ],
      "47": [
         0.036320123821496964,
         -0.04926487058401108,
         0.14934039115905762
      ],
      "48": [
         0.026776356622576714,
         -0.048691753298044205,
         0.15074372291564941
      ],
      "49": [
         -0.027014030143618584,
         -0.053357746452093124,
         0.08291161060333252
      ],
      "50": [
         -0.021963100880384445,
         -0.05980665981769562,
         0.09312796592712402
      ],
      "51": [
         -0.01115972176194191,
         -0.06797181069850922,
         0.09865438938140869
      ],
      "52": [
         0.001963940681889653,
         -0.07128295302391052,
         0.09662878513336182
      ],
      "53": [
         0.014795275405049324,
         -0.06897526979446411,
         0.09859037399291992
      ],
      "54": [
         0.025809891521930695,
         -0.06156740337610245,
         0.09395074844360352
      ],
      "55": [
         0.031045421957969666,
         -0.054257117211818695,
         0.08316683769226074
      ],
      "56": [
         0.024882109835743904,
         -0.05949828773736954,
         0.08123517036437988
      ],
      "57": [
         0.0140083534643054,
         -0.06660391390323639,
         0.07818770408630371
      ],
      "58": [
         0.0015084095066413283,
         -0.06852924823760986,
         0.07754480838775635
      ],
      "59": [
         -0.011810263618826866,
         -0.06600850820541382,
         0.07807862758636475
      ],
      "60": [
         -0.022507319226861,
         -0.05854850262403488,
         0.0809546709060669
      ],
      "61": [
         -0.025028901174664497,
         -0.05136394500732422,
         0.08391344547271729
      ],
      "62": [
         -0.009442275390028954,
         -0.0645265132188797,
         0.09070682525634766
      ],
      "63": [
         0.001592795248143375,
         -0.06713941693305969,
         0.09027743339538574
      ],
      "64": [
         0.012473066337406635,
         -0.06565120071172714,
         0.09086644649505615
      ],
      "65": [
         0.028602054342627525,
         -0.05279901623725891,
         0.08362948894500732
      ],
      "66": [
         0.012203354388475418,
         -0.06398636102676392,
         0.08539676666259766
      ],
      "67": [
         0.001387458061799407,
         -0.06580812484025955,
         0.08494830131530762
      ],
      "68": [
         -0.009699351154267788,
         -0.06328170746564865,
         0.08558046817779541
      ]
   },
   "keypoints_2d_coordinates": {
      "1": [
         49,
         24
      ],
      "2": [
         60,
         25
      ],
      "3": [
         71,
         25
      ],