{
   "keypoints_3d_coordinates": {
      "1": [
         -0.06159704551100731,
         0.02291935682296753,
         0.14202022552490234
      ],
      "2": [
         -0.061494261026382446,
         0.015564631670713425,
         0.12498950958251953
      ],
      "3": [
         -0.061485689133405685,
         0.013296276330947876,
         0.10806715488433838
      ],
      "4": [
         -0.058608200401067734,
         0.00967901200056076,
         0.08701932430267334
      ],
      "5": [
         -0.05354096740484238,
         0.00033631548285484314,
         0.0713810920715332
      ],
      "6": [
         -0.0445459820330143,
         -0.017658594995737076,
         0.06385970115661621
      ],
      "7": [
         -0.035277485847473145,
         -0.03155587613582611,
         0.05543684959411621
      ],
      "8": [
         -0.02450666017830372,
         -0.04848580062389374,
         0.049220919609069824
      ],
      "9": [
         0.0012590729165822268,
         -0.05920190364122391,
         0.04302501678466797
      ],
      "10": [
         0.026059813797473907,
         -0.047721996903419495,
         0.04972529411315918
      ],
      "11": [
         0.03682546317577362,
         -0.0311402790248394,
         0.0554882287979126
      ],
      "12": [
         0.045356836169958115,
         -0.017038941383361816,
         0.06389832496643066
      ],
      "13": [
         0.05335753783583641,
         0.0007862672209739685,
         0.07158160209655762
      ],
      "14": [
         0.059223659336566925,
         0.009633325040340424,
         0.0870969295501709
      ],
      "15": [
         0.06153946369886398,
         0.012304700911045074,
         0.10842907428741455
      ],
      "16": [
         0.06192336976528168,
         0.014629986137151718,
         0.12496495246887207
      ],
      "17": [
         0.061551857739686966,
         0.022294439375400543,
         0.14200317859649658
      ],
      "18": [
         -0.042638786137104034,
         -0.04168897867202759,
         0.16183984279632568
      ],
      "19": [
         -0.04005918279290199,
         -0.04294770956039429,
         0.16645872592926025
      ],
      "20": [
         -0.032169584184885025,
         -0.048546209931373596,
         0.16781878471374512
      ],
      "21": [
         -0.02310408651828766,
         -0.053400009870529175,
         0.16728484630584717
      ],
      "22": [
         -0.012786786071956158,
         -0.05523870885372162,
         0.16413486003875732
      ],
      "23": [
         0.012923014350235462,
         -0.05499720573425293,
         0.16080284118652344
      ],
      "24": [
         0.024339213967323303,
         -0.05330880731344223,
         0.16382575035095215
      ],
      "25": [
         0.032939713448286057,
         -0.049708910286426544,
         0.1652747392654419
      ],
      "26": [
         0.04010671377182007,
         -0.04423290863633156,
         0.16361868381500244
      ],
      "27": [
         0.042536113411188126,
         -0.04312526807188988,
         0.15924179553985596
      ],
      "28": [
         0.0007914151647128165,
         -0.05441974848508835,
         0.15451383590698242
      ],
      "29": [
         0.0012406355235725641,
         -0.06038784980773926,
         0.14244699478149414
      ],
      "30": [
         0.0015519221778959036,
         -0.06703673303127289,
         0.13462090492248535
      ],
      "31": [
         0.0018652938306331635,
         -0.0772099569439888,
         0.1235891580581665
      ],
      "32": [
         -0.016149817034602165,
         -0.0631568655371666,
         0.1081153154373169
      ],
      "33": [
         -0.008483398705720901,
         -0.06814812123775482,
         0.10715758800506592
      ],
      "34": [
         0.0012068920768797398,
         -0.06965824961662292,
         0.10716736316680908
      ],
      "35": [
         0.011313756927847862,
         -0.06712763011455536,
         0.10917937755584717
      ],
      "36": [
         0.019793212413787842,
         -0.06179333105683327,
         0.11198604106903076
      ],
      "37": [
         -0.038197580724954605,
         -0.04049185290932655,
         0.14564168453216553
      ],
      "38": [
         -0.03230031207203865,
         -0.04968498647212982,
         0.14903473854064941
      ],
      "39": [
         -0.021415669471025467,
         -0.049613118171691895,
         0.14926612377166748
      ],
      "40": [
         -0.013274993747472763,
         -0.04552728682756424,
         0.1449042558670044
      ],
      "41": [
         -0.020571570843458176,
         -0.04825863987207413,
         0.1427164077758789
      ],
      "42": [
         -0.031450990587472916,
         -0.04797591269016266,
         0.14182579517364502
      ],
      "43": [
         0.014376386068761349,
         -0.04591796547174454,
         0.1446380615234375
      ],
      "44": [
         0.02214805595576763,
         -0.04953742027282715,
         0.14926397800445557
      ],
      "45": [
         0.03328055888414383,
         -0.04921392351388931,
         0.15002751350402832
      ],
      "46": [
         0.039926014840602875,
         -0.04061292111873627,
         0.14581584930419922
      ],
      "47": [
         0.03365456685423851,
         -0.04760974645614624,
         0.14220142364501953
      ],
      "48": [
         0.022636588662862778,
         -0.04818784072995186,
         0.14265739917755127
      ],
      "49": [
         -0.02521432191133499,
         -0.06039968505501747,
         0.08508002758026123
      ],
      "50": [
         -0.021730616688728333,
         -0.07161828875541687,
         0.09048831462860107
      ],
      "51": [
         -0.011121443472802639,
         -0.07543344050645828,
         0.09504508972167969
      ],
      "52": [
         0.0025601910892874002,
         -0.07755674421787262,
         0.0957106351852417
      ],
      "53": [
         0.01667984388768673,
         -0.07327619194984436,
         0.09579062461853027
      ],
      "54": [
         0.026198456063866615,
         -0.06657946854829788,
         0.09229111671447754
      ],
      "55": [
         0.030037282034754753,
         -0.05782794579863548,
         0.08885371685028076
      ],
      "56": [
         0.024282416328787804,
         -0.0650145411491394,
         0.08453917503356934
      ],
      "57": [
         0.015853559598326683,
         -0.07248073816299438,
         0.07958352565765381
      ],
      "58": [
         0.0028376702684909105,
         -0.07673265039920807,
         0.07777869701385498
      ],
      "59": [
         -0.011532861739397049,
         -0.07528124749660492,
         0.07818567752838135
      ],
      "60": [
         -0.021221037954092026,
         -0.06957472115755081,
         0.08145463466644287
      ],
      "61": [
         -0.021528061479330063,
         -0.05932365357875824,
         0.08539891242980957
      ],
      "62": [
         -0.008970965631306171,
         -0.07135790586471558,
         0.08680534362792969
      ],
      "63": [
         0.0021676362957805395,
         -0.07376708090305328,
         0.08673429489135742
      ],
      "64": [
         0.014405699446797371,
         -0.07079247385263443,
         0.08774268627166748
      ],
      "65": [
         0.027179917320609093,
         -0.057787492871284485,
         0.088692307472229
      ],
      "66": [
         0.013914326205849648,
         -0.07040736824274063,
         0.08647596836090088
      ],
      "67": [
         0.002511435654014349,
         -0.07306519895792007,
         0.08605730533599854
      ],
      "68": [
         -0.008202813565731049,
         -0.07055911421775818,
         0.08658945560455322
      ]
   },
   "keypoints_2d_coordinates": {
      "1": [
         52,
         29
      ],
      "2": [
         61,
         29
      ],
      "3": [
         71,
         29
      ],