{
   "version": "1.0.0",
   "head_metadata": {
      "head_root_location": {
         "x": 0.0,
         "y": 0.0,
         "z": 0.0
      },
      "head_six_dof": {
         "location": {
            "x": -0.0010113716125488281,
            "y": -0.07664895057678223,
            "z": 0.16727495193481445
         },
         "look_at_vector": {
            "x": 8.74227803627227e-08,
            "y": -0.9999999999999962,
            "z": 9.553428304548457e-16
         }
      },
      "head_rotation": {
         "roll": 0.0,
         "yaw": 0.0,
         "pitch": 0.0
      }
   },
   "eye_gaze": {
      "axis_directions": {
         "right_eye": {
            "axis_directions": {
               "visual_axis_direction": {
                  "x": 0.20012086383536304,
                  "y": -0.9249725295325083,
                  "z": -0.3230750059475681
               },
               "optical_axis_direction": {
                  "x": 0.13725269771712945,
                  "y": -0.9357227712978022,
                  "z": -0.3249378282750889
               }
            }
         },
         "left_eye": {
            "axis_directions": {
               "visual_axis_direction": {
                  "x": 0.519283788675856,
                  "y": -0.8045974326763385,
                  "z": -0.28804048005288024
               },
               "optical_axis_direction": {
                  "x": 0.2680415308023785,
                  "y": -0.9091050052764824,
                  "z": -0.3188758804713276
               }
            }
         }
      },
      "target_point": {
         "right_eye": {
            "x": 0.34455031156539917,
            "y": -1.5919626951217651,
            "z": -0.37568122148513794
         },
         "left_eye": {
            "x": 0.34455031156539917,
            "y": -1.5919626951217651,
            "z": -0.37568122148513794
         }
      },
      "eye_gaze_direction_type": "custom"
   },
   "accessories": [],
   "center_of_iris_point": {
      "2d": {
         "camera": {
            "right_eye": {
               "x": 41.882304755756245,
               "y": 44.94741522493778
            },
            "left_eye": {
               "x": 41.629719702643406,
               "y": 84.65672688064825
            }
         }
      },
      "3d": {
         "right_eye": {
            "x": -0.031986087560653687,
            "y": -0.06346124410629272,
            "z": 0.15713189542293549
         },
         "left_eye": {
            "x": 0.03469408303499222,
            "y": -0.06280060112476349,
            "z": 0.15757209062576294
         }
      }
   },
   "facial_hair_included": false,
   "face_expression": {
      "name": "sadness",
      "intensity_level": 4.519510064884354
   },
   "eyelid_closure_intensity_level": 2,
   "apex_of_cornea_point": {
      "2d": {
         "camera": {
            "right_eye": {
               "x": 42.418676640982135,
               "y": 45.15659954758362
            },
            "left_eye": {
               "x": 42.141932590125506,
               "y": 85.15503507780274
            }
         }
      },
      "3d": {
         "right_eye": {
            "x": -0.031577616930007935,
            "y": -0.06624364852905273,
            "z": 0.15616580843925476
         },
         "left_eye": {
            "x": 0.03547017276287079,
            "y": -0.06543300300836563,
            "z": 0.1566489338874817
         }
      }
   },
   "iris_circle": {
      "2d": {
         "camera": {
            "right_eye": [
               {
                  "x": 37.725648922327586,
                  "y": 45.071955208634726
               },
               {
                  "x": 38.26527745447248,
                  "y": 47.22542157008525
               },
               {
                  "x": 39.77925410137081,
                  "y": 48.76781068378749
               },
               {
                  "x": 41.85979218876584,
                  "y": 49.2870525576808
               },
               {
                  "x": 43.9492595379045,
                  "y": 48.64649339636689
               },
               {
                  "x": 45.48902370451957,
                  "y": 47.01948914096196
               },
               {
                  "x": 46.06973852423224,
                  "y": 44.84078539245705
               },
               {
                  "x": 45.53594429124,
                  "y": 42.691300467199525
               },
               {
                  "x": 44.02832777954069,
                  "y": 41.14571791715376
               },
               {
                  "x": 41.948274810839905,
                  "y": 40.619186415125725
               },
               {
                  "x": 39.85348648138712,
                  "y": 41.255533568587175
               },
               {
                  "x": 38.30704611509652,
                  "y": 42.885807111433365
               }
            ],
            "left_eye": [
               {
                  "x": 37.54267757483113,
                  "y": 84.82843687819091
               },
               {
                  "x": 37.979271241357324,
                  "y": 86.86446346327035
               },
               {
                  "x": 39.39819590941939,
                  "y": 88.31050414222827
               },
               {
                  "x": 41.41662086577226,
                  "y": 88.78098758504969
               },
               {
                  "x": 43.494704817042155,
                  "y": 88.15288153127382
               },
               {
                  "x": 45.07768174149239,
                  "y": 86.59530809488044
               },
               {
                  "x": 45.74412532543022,
                  "y": 84.52376162576279
               },
               {
                  "x": 45.314856022494844,
                  "y": 82.49045802449277
               },
               {
                  "x": 43.90239050357652,
                  "y": 81.03940828508024
               },
               {
                  "x": 41.88308180169451,
                  "y": 80.56115781935186
               },
               {
                  "x": 39.79808090844181,
                  "y": 81.18640882834467
               },
               {
                  "x": 38.20823584884696,
                  "y": 82.7490488515481
               }
            ]
         }
      },
      "3d": {
         "right_eye": [
            {
               "x": -0.03172554820775986,
               "y": -0.06594941765069962,
               "z": 0.1640387922525406
            },
            {
               "x": -0.02813134901225567,
               "y": -0.06511711329221725,
               "z": 0.16315771639347076
            },
            {
               "x": -0.02556547150015831,
               "y": -0.06387068331241608,
               "z": 0.16065172851085663
            },
            {
               "x": -0.024715296924114227,
               "y": -0.06254487484693527,
               "z": 0.15719185769557953
            },
            {
               "x": -0.025808949023485184,
               "y": -0.06149454787373543,
               "z": 0.1537049114704132
            },
            {
               "x": -0.028553053736686707,
               "y": -0.06100180372595787,
               "z": 0.15112656354904175
            },
            {
               "x": -0.03221248835325241,
               "y": -0.061197537928819656,
               "z": 0.1501462459564209
            },
            {
               "x": -0.0358070433139801,
               "y": -0.06203017011284828,
               "z": 0.1510269194841385
            },
            {
               "x": -0.03837311267852783,
               "y": -0.06327645480632782,
               "z": 0.15353311598300934
            },
            {
               "x": -0.03922329843044281,
               "y": -0.06460262835025787,