{
   "keypoints_3d_coordinates": {
      "1": [
         -0.07485218346118927,
         0.01165458932518959,
         0.13333308696746826
      ],
      "2": [
         -0.07346027344465256,
         0.009432662278413773,
         0.11638319492340088
      ],
      "3": [
         -0.07160244137048721,
         0.01186281070113182,
         0.09955143928527832
      ],
      "4": [
         -0.06689666956663132,
         0.012567196041345596,
         0.07877278327941895
      ],
      "5": [
         -0.05979926511645317,
         0.005849828943610191,
         0.06254899501800537
      ],
      "6": [
         -0.05107462778687477,
         -0.008911493234336376,
         0.05160176753997803
      ],
      "7": [
         -0.041077081114053726,
         -0.01849442534148693,
         0.04159998893737793
      ],
      "8": [
         -0.029813556000590324,
         -0.029427340254187584,
         0.034128785133361816
      ],
      "9": [
         -0.005448675714433193,
         -0.03769993782043457,
         0.029013395309448242
      ],
      "10": [
         0.018537813797593117,
         -0.03309546411037445,
         0.03852212429046631
      ],
      "11": [
         0.029512397944927216,
         -0.022948700934648514,
         0.048354387283325195
      ],
      "12": [
         0.03871849179267883,
         -0.013594414107501507,
         0.05934154987335205
      ],
      "13": [
         0.04693847894668579,
         0.0004057716578245163,
         0.07119011878967285
      ],
      "14": [
         0.05156451463699341,
         0.005399812012910843,
         0.08803415298461914
      ],
      "15": [
         0.052649740129709244,
         0.0044622402638196945,
         0.10822701454162598
      ],
      "16": [
         0.05121835693717003,
         0.0023600514978170395,
         0.12450385093688965
      ],
      "17": [
         0.05026780813932419,
         0.004951464012265205,
         0.14228367805480957
      ],
      "18": [
         -0.0640152245759964,
         -0.0437362901866436,
         0.14078383147716522
      ],
      "19": [
         -0.06115789711475372,
         -0.0478140227496624,
         0.1425703763961792
      ],
      "20": [
         -0.05442022904753685,
         -0.05558628961443901,
         0.14437603950500488
      ],
      "21": [
         -0.046129219233989716,
         -0.06259442865848541,
         0.14445467293262482
      ],
      "22": [
         -0.03551075607538223,
         -0.06725552678108215,
         0.14165949821472168
      ],
      "23": [
         -0.0005821028025820851,
         -0.06944214552640915,
         0.14347313344478607
      ],
      "24": [
         0.009895955212414265,
         -0.06605444103479385,
         0.14794443547725677
      ],
      "25": [
         0.019271867349743843,
         -0.060513705015182495,
         0.14899523556232452
      ],
      "26": [
         0.02741364762187004,
         -0.0535648837685585,
         0.14836889505386353
      ],
      "27": [
         0.03114194981753826,
         -0.04963819310069084,
         0.14746104180812836
      ],
      "28": [
         -0.0163985937833786,
         -0.06540621817111969,
         0.12665462493896484
      ],
      "29": [
         -0.015295674093067646,
         -0.065833181142807,
         0.11185014247894287
      ],
      "30": [
         -0.014695960097014904,
         -0.07016848772764206,
         0.10389840602874756
      ],
      "31": [
         -0.014066562987864017,
         -0.0765245258808136,
         0.09350299835205078
      ],
      "32": [
         -0.0300302617251873,
         -0.05720946192741394,
         0.08411681652069092
      ],
      "33": [
         -0.022127604112029076,
         -0.06190831586718559,
         0.08193826675415039
      ],
      "34": [
         -0.012836333364248276,
         -0.06433592736721039,
         0.08143484592437744
      ],
      "35": [
         -0.003324424382299185,
         -0.06258916854858398,
         0.08368635177612305
      ],
      "36": [
         0.00506951566785574,
         -0.059478145092725754,
         0.08661985397338867
      ],
      "37": [
         -0.054775919765233994,
         -0.04725899174809456,
         0.11928021907806396
      ],
      "38": [
         -0.05016195774078369,
         -0.05789830908179283,
         0.12183129787445068
      ],
      "39": [
         -0.039596084505319595,
         -0.058822665363550186,
         0.12246048450469971
      ],
      "40": [
         -0.030629949644207954,
         -0.05418102443218231,
         0.11837780475616455
      ],
      "41": [
         -0.037188820540905,
         -0.05525275692343712,
         0.11471986770629883
      ],
      "42": [
         -0.0486680269241333,
         -0.05383089929819107,
         0.11370790004730225
      ],
      "43": [
         -0.00016736378893256187,
         -0.055068694055080414,
         0.11993634700775146
      ],
      "44": [
         0.00619527418166399,
         -0.060600847005844116,
         0.1253659725189209
      ],
      "45": [
         0.01744581200182438,
         -0.06141481176018715,
         0.12730944156646729
      ],
      "46": [
         0.02469855174422264,
         -0.05234670639038086,
         0.12465310096740723
      ],
      "47": [
         0.01955825835466385,
         -0.05719880014657974,
         0.1185154914855957
      ],
      "48": [
         0.007457423955202103,
         -0.057465385645627975,
         0.11768567562103271
      ],
      "49": [
         -0.03380635380744934,
         -0.05053731054067612,
         0.06046736240386963
      ],
      "50": [
         -0.030066585168242455,
         -0.06033104658126831,
         0.06518208980560303
      ],
      "51": [
         -0.022357497364282608,
         -0.06658484041690826,
         0.07013487815856934
      ],
      "52": [
         -0.011560329236090183,
         -0.07024028897285461,
         0.07094848155975342
      ],
      "53": [
         0.0001870105043053627,
         -0.06769353151321411,
         0.0724179744720459
      ],
      "54": [
         0.008997241035103798,
         -0.062415000051259995,
         0.06957840919494629
      ],
      "55": [
         0.013761863112449646,
         -0.053104303777217865,
         0.06544232368469238
      ],
      "56": [
         0.010516736656427383,
         -0.058505743741989136,
         0.05799400806427002
      ],
      "57": [
         0.002343608532100916,
         -0.062677301466465,
         0.052137136459350586
      ],
      "58": [
         -0.0092697162181139,
         -0.06395293027162552,
         0.04936850070953369
      ],
      "59": [
         -0.0200670063495636,
         -0.061884209513664246,
         0.05003201961517334
      ],
      "60": [
         -0.028922254219651222,
         -0.055972982197999954,
         0.05452144145965576
      ],
      "61": [
         -0.03159824013710022,
         -0.04851651191711426,
         0.0604557991027832
      ],
      "62": [
         -0.019807394593954086,
         -0.06168178841471672,
         0.062188148498535156
      ],
      "63": [
         -0.010763900354504585,
         -0.06393653154373169,
         0.06251144409179688
      ],
      "64": [
         -0.00035592541098594666,
         -0.06283515691757202,
         0.06374609470367432
      ],
      "65": [
         0.01233004592359066,
         -0.051837898790836334,
         0.06484866142272949
      ],
      "66": [
         -0.00042639393359422684,
         -0.0628255158662796,
         0.06152844429016113
      ],
      "67": [
         -0.010542314499616623,
         -0.06370460987091064,
         0.05997645854949951
      ],
      "68": [
         -0.019478371366858482,
         -0.06138437241315842,
         0.06000983715057373
      ]
   },
   "keypoints_2d_coordinates": {
      "1": [
         451,
         172
      ],
      "2": [
         528,
         178
      ],
      "3": [
         605,
         187
      ],