{
   "keypoints_3d_coordinates": {
      "1": [
         -0.07642962038516998,
         0.04645966738462448,
         0.16115105152130127
      ],
      "2": [
         -0.07548635452985764,
         0.040270376950502396,
         0.14032840728759766
      ],
      "3": [
         -0.07618151605129242,
         0.03816934674978256,
         0.11910128593444824
      ],
      "4": [
         -0.07269340753555298,
         0.032760292291641235,
         0.09543800354003906
      ],
      "5": [
         -0.06553797423839569,
         0.020717468112707138,
         0.07880949974060059
      ],
      "6": [
         -0.05695062130689621,
         0.0008686482906341553,
         0.07023632526397705
      ],
      "7": [
         -0.045205552130937576,
         -0.013125954195857048,
         0.06250548362731934
      ],
      "8": [
         -0.030622409656643867,
         -0.028396226465702057,
         0.05975031852722168
      ],
      "9": [
         -0.003466202411800623,
         -0.04045747593045235,
         0.0583263635635376
      ],
      "10": [
         0.02472614124417305,
         -0.030650777742266655,
         0.06033480167388916
      ],
      "11": [
         0.039793822914361954,
         -0.015798836946487427,
         0.0634620189666748
      ],
      "12": [
         0.051880136132240295,
         -0.0024481583386659622,
         0.07129192352294922
      ],
      "13": [
         0.06182403117418289,
         0.016373801976442337,
         0.07954823970794678
      ],
      "14": [
         0.0697925016283989,
         0.02846216782927513,
         0.09587085247039795
      ],
      "15": [
         0.07265637069940567,
         0.03518051654100418,
         0.11945569515228271
      ],
      "16": [
         0.07212325930595398,
         0.037660639733076096,
         0.1401207447052002
      ],
      "17": [
         0.0730019360780716,
         0.04361308738589287,
         0.1613328456878662
      ],
      "18": [
         -0.04898003861308098,
         -0.021252021193504333,
         0.1756439208984375
      ],
      "19": [
         -0.04496888816356659,
         -0.022745821624994278,
         0.18002569675445557
      ],
      "20": [
         -0.03620273992419243,
         -0.028087370097637177,
         0.18027329444885254
      ],
      "21": [
         -0.027762189507484436,
         -0.033244770020246506,
         0.17823576927185059
      ],
      "22": [
         -0.01697123982012272,
         -0.03507402166724205,
         0.17436254024505615
      ],
      "23": [
         0.009408460929989815,
         -0.03596992418169975,
         0.17382872104644775
      ],
      "24": [
         0.021188760176301003,
         -0.03484282270073891,
         0.17794525623321533
      ],
      "25": [
         0.030102260410785675,
         -0.030033670365810394,
         0.17965877056121826
      ],
      "26": [
         0.039239659905433655,
         -0.025325823575258255,
         0.1798325777053833
      ],
      "27": [
         0.04371150955557823,
         -0.023867473006248474,
         0.17573821544647217
      ],
      "28": [
         -0.0036510713398456573,
         -0.03432431444525719,
         0.16832101345062256
      ],
      "29": [
         -0.0045081861317157745,
         -0.03982013463973999,
         0.15732479095458984
      ],
      "30": [
         -0.005229324568063021,
         -0.04644390568137169,
         0.14998257160186768
      ],
      "31": [
         -0.0062089888378977776,
         -0.055589500814676285,
         0.13486039638519287
      ],
      "32": [
         -0.024485411122441292,
         -0.034541692584753036,
         0.1240851879119873
      ],
      "33": [
         -0.0157882422208786,
         -0.0414203405380249,
         0.11950623989105225
      ],
      "34": [
         -0.005428144708275795,
         -0.04494054242968559,
         0.1176292896270752
      ],
      "35": [
         0.005099444650113583,
         -0.042951006442308426,
         0.11975693702697754
      ],
      "36": [
         0.014837890863418579,
         -0.036915168166160583,
         0.12412381172180176
      ],
      "37": [
         -0.04526397958397865,
         -0.01722850278019905,
         0.16184580326080322
      ],
      "38": [
         -0.03732365742325783,
         -0.024778371676802635,
         0.16119539737701416
      ],
      "39": [
         -0.026962030678987503,
         -0.024231212213635445,
         0.16121697425842285
      ],
      "40": [
         -0.01942870207130909,
         -0.021045811474323273,
         0.16078710556030273
      ],
      "41": [
         -0.026895856484770775,
         -0.023603226989507675,
         0.16113102436065674
      ],
      "42": [
         -0.036862146109342575,
         -0.023796120658516884,
         0.16094911098480225
      ],
      "43": [
         0.013208722695708275,
         -0.022316977381706238,
         0.16115915775299072
      ],
      "44": [
         0.02074369601905346,
         -0.026142939925193787,
         0.1610630750656128
      ],
      "45": [
         0.0321359783411026,
         -0.0266130268573761,
         0.1605212688446045
      ],
      "46": [
         0.03943207859992981,
         -0.018893452361226082,
         0.161903977394104
      ],
      "47": [
         0.031622305512428284,
         -0.025583483278751373,
         0.1604328155517578
      ],
      "48": [
         0.020799683406949043,
         -0.0253384280949831,
         0.16099202632904053
      ],
      "49": [
         -0.03182394057512283,
         -0.03117920458316803,
         0.09095573425292969
      ],
      "50": [
         -0.02700515277683735,
         -0.03721456229686737,
         0.10024511814117432
      ],
      "51": [
         -0.017262568697333336,
         -0.04516522213816643,
         0.10566401481628418
      ],
      "52": [
         -0.005394321866333485,
         -0.04828948527574539,
         0.10465455055236816
      ],
      "53": [
         0.006392608396708965,
         -0.04726269468665123,
         0.10649669170379639
      ],
      "54": [
         0.017851606011390686,
         -0.04057490453124046,
         0.10242366790771484
      ],
      "55": [
         0.02403976209461689,
         -0.03380201756954193,
         0.09211266040802002
      ],
      "56": [
         0.018095042556524277,
         -0.039516378194093704,
         0.0917733907699585
      ],
      "57": [
         0.0063277315348386765,
         -0.046211618930101395,
         0.089516282081604
      ],
      "58": [
         -0.005074719898402691,
         -0.04756705090403557,
         0.08893752098083496
      ],
      "59": [
         -0.016792189329862595,
         -0.0448223352432251,
         0.08948886394500732
      ],
      "60": [
         -0.027179870754480362,
         -0.03697881102561951,
         0.09110963344573975
      ],
      "61": [
         -0.030631067231297493,
         -0.028415458276867867,
         0.09191358089447021
      ],
      "62": [
         -0.015147887170314789,
         -0.04164911061525345,
         0.10006701946258545
      ],
      "63": [
         -0.0049008894711732864,
         -0.04480642080307007,
         0.09997367858886719
      ],
      "64": [
         0.0051401350647211075,
         -0.043117865920066833,
         0.10047638416290283
      ],
      "65": [
         0.022496288642287254,
         -0.03186235576868057,
         0.09256362915039062
      ],
      "66": [
         0.005122161470353603,
         -0.04216182231903076,
         0.09521484375
      ],
      "67": [
         -0.004784152843058109,
         -0.043725501745939255,
         0.09490513801574707
      ],
      "68": [
         -0.015133162960410118,
         -0.04079023748636246,
         0.09505629539489746
      ]
   },
   "keypoints_2d_coordinates": {
      "1": [
         41,
         22
      ],
      "2": [
         53,
         22
      ],
      "3": [
         65,
         21
      ],