{
   "keypoints_3d_coordinates": {
      "1": [
         -0.07808111608028412,
         0.01853242516517639,
         0.1544198989868164
      ],
      "2": [
         -0.07639046013355255,
         0.013979896903038025,
         0.133186936378479
      ],
      "3": [
         -0.07514641433954239,
         0.013239666819572449,
         0.11297357082366943
      ],
      "4": [
         -0.07112076878547668,
         0.00995633378624916,
         0.09044444561004639
      ],
      "5": [
         -0.0634232684969902,
         2.5752931833267212e-05,
         0.07479441165924072
      ],
      "6": [
         -0.055302128195762634,
         -0.019518177956342697,
         0.06565666198730469
      ],
      "7": [
         -0.04304146766662598,
         -0.033396948128938675,
         0.05727720260620117
      ],
      "8": [
         -0.02918488159775734,
         -0.05005793273448944,
         0.05253195762634277
      ],
      "9": [
         -0.001183418557047844,
         -0.06120035797357559,
         0.048712849617004395
      ],
      "10": [
         0.026645006611943245,
         -0.049398504197597504,
         0.052552103996276855
      ],
      "11": [
         0.04102557897567749,
         -0.033422261476516724,
         0.05755877494812012
      ],
      "12": [
         0.053365033119916916,
         -0.019967570900917053,
         0.0660165548324585
      ],
      "13": [
         0.06242042034864426,
         -0.0008920840919017792,
         0.07524573802947998
      ],
      "14": [
         0.07007979601621628,
         0.008666414767503738,
         0.09112906455993652
      ],
      "15": [
         0.07469652593135834,
         0.01214858889579773,
         0.11405766010284424
      ],
      "16": [
         0.075391985476017,
         0.01309412345290184,
         0.13449621200561523
      ],
      "17": [
         0.0769449844956398,
         0.018101971596479416,
         0.15539216995239258
      ],
      "18": [
         -0.051708970218896866,
         -0.051855891942977905,
         0.17132747173309326
      ],
      "19": [
         -0.04838796705007553,
         -0.05367103964090347,
         0.17593097686767578
      ],
      "20": [
         -0.039243318140506744,
         -0.059112489223480225,
         0.17720317840576172
      ],
      "21": [
         -0.02921617031097412,
         -0.06359139084815979,
         0.1759169101715088
      ],
      "22": [
         -0.01741066947579384,
         -0.06543473899364471,
         0.17284417152404785
      ],
      "23": [
         0.016949981451034546,
         -0.06564278900623322,
         0.17286264896392822
      ],
      "24": [
         0.02893013134598732,
         -0.06357458978891373,
         0.1758671998977661
      ],
      "25": [
         0.03908168151974678,
         -0.058924440294504166,
         0.17742347717285156
      ],
      "26": [
         0.04827342927455902,
         -0.053013090044260025,
         0.17622220516204834
      ],
      "27": [
         0.05167493224143982,
         -0.05107139050960541,
         0.1715984344482422
      ],
      "28": [
         -0.00023553826031275094,
         -0.06421741843223572,
         0.16326773166656494
      ],
      "29": [
         -0.000491601531393826,
         -0.06861299276351929,
         0.15085172653198242
      ],
      "30": [
         -0.0007538190111517906,
         -0.07578924298286438,
         0.14215457439422607
      ],
      "31": [
         -0.0010788703802973032,
         -0.08592819422483444,
         0.12886154651641846
      ],
      "32": [
         -0.020940884947776794,
         -0.06459413468837738,
         0.11667096614837646
      ],
      "33": [
         -0.011887059547007084,
         -0.0696508139371872,
         0.11460840702056885
      ],
      "34": [
         -0.0009606995154172182,
         -0.07294203341007233,
         0.11333346366882324
      ],
      "35": [
         0.010287567041814327,
         -0.0702073872089386,
         0.11422896385192871
      ],
      "36": [
         0.019017698243260384,
         -0.06504566967487335,
         0.11588430404663086
      ],
      "37": [
         -0.04798757657408714,
         -0.04675084725022316,
         0.15430080890655518
      ],
      "38": [
         -0.040823694318532944,
         -0.056324027478694916,
         0.154577374458313
      ],
      "39": [
         -0.029885541647672653,
         -0.05608191341161728,
         0.15529096126556396
      ],
      "40": [
         -0.021372543647885323,
         -0.0512910857796669,
         0.15394365787506104
      ],
      "41": [
         -0.029430724680423737,
         -0.05395238474011421,
         0.1520071029663086
      ],
      "42": [
         -0.03985118120908737,
         -0.05355518311262131,
         0.15059566497802734
      ],
      "43": [
         0.020816905423998833,
         -0.05136086791753769,
         0.15408682823181152
      ],
      "44": [
         0.029296256601810455,
         -0.05639142543077469,
         0.15531659126281738
      ],
      "45": [
         0.040860552340745926,
         -0.05661848559975624,
         0.15477383136749268
      ],
      "46": [
         0.04774414002895355,
         -0.04697510972619057,
         0.15421855449676514
      ],
      "47": [
         0.03993753716349602,
         -0.053279224783182144,
         0.151189923286438
      ],
      "48": [
         0.02883078344166279,
         -0.054016828536987305,
         0.15227735042572021
      ],
      "49": [
         -0.030214812606573105,
         -0.05869670212268829,
         0.0910956859588623
      ],
      "50": [
         -0.023598240688443184,
         -0.06907303631305695,
         0.09520411491394043
      ],
      "51": [
         -0.013646653853356838,
         -0.07519976794719696,
         0.09949719905853271
      ],
      "52": [
         -0.000950286106672138,
         -0.07746750861406326,
         0.0987539291381836
      ],
      "53": [
         0.012071110308170319,
         -0.07488536834716797,
         0.09912455081939697
      ],
      "54": [
         0.022240258753299713,
         -0.06832034885883331,
         0.09456086158752441
      ],
      "55": [
         0.028785841539502144,
         -0.0585390105843544,
         0.09062445163726807
      ],
      "56": [
         0.02210237644612789,
         -0.06463946402072906,
         0.08665728569030762
      ],
      "57": [
         0.012053173966705799,
         -0.07195965945720673,
         0.08375799655914307
      ],
      "58": [
         -0.0007962487870827317,
         -0.07469373941421509,
         0.08313632011413574
      ],
      "59": [
         -0.013518827967345715,
         -0.07280085980892181,
         0.08400189876556396
      ],
      "60": [
         -0.0237331110984087,
         -0.0660921037197113,
         0.0872342586517334
      ],
      "61": [
         -0.027386875823140144,
         -0.059151917695999146,
         0.09214484691619873
      ],
      "62": [
         -0.011139627546072006,
         -0.07153668254613876,
         0.09251832962036133
      ],
      "63": [
         -0.0008621917804703116,
         -0.07307980954647064,
         0.09212684631347656
      ],
      "64": [
         0.00998415146023035,
         -0.07107395678758621,
         0.09202086925506592
      ],
      "65": [
         0.02596048265695572,
         -0.05820440128445625,
         0.09161818027496338
      ],
      "66": [
         0.010085723362863064,
         -0.07027154415845871,
         0.09071886539459229
      ],
      "67": [
         -0.0006606777315028012,
         -0.07223355770111084,
         0.09067106246948242
      ],
      "68": [
         -0.011187083087861538,
         -0.07125449925661087,
         0.09116995334625244
      ]
   },
   "keypoints_2d_coordinates": {
      "1": [
         45,
         20
      ],
      "2": [
         57,
         21
      ],
      "3": [
         68,
         21
      ],