{
   "version": "1.0.0",
   "datapoints": [
      {
         "human": {
            "id": "4e15dd5d-38d9-4e44-9f12-6cb6e2067d54",
            "head": {
               "eyes": {
                  "id": "df803e69-bf2a-4d92-988b-9931f88e5168",
                  "target_of_gaze": {
                     "direction": {
                        "x": 0.4190500665884487,
                        "z": -0.24834796053118274,
                        "y": -0.9850756803332195
                     },
                     "distance": 1.8529303002194222
                  },
                  "eyelid_closure": 0.6759464637181234
               },
               "location": {
                  "x": 0.0,
                  "z": 0.0,
                  "y": 0.0
               },
               "rotation": {
                  "roll": 0.0,
                  "yaw": 0.0,
                  "pitch": 0.0
               },
               "expression": {
                  "name": "fear",
                  "intensity": 0.13629208475169952
               },
               "eyebrows": {
                  "id": "7b14ee11-4128-411e-8213-9402ec6a189d",
                  "color_settings": {
                     "index_of_refraction": 1.6374070474016211,
                     "melanin": 0.6089225394676725,
                     "redness": 0.3724766516264707,
                     "roughness": 0.1937145169982777,
                     "whiteness": 0.9338389633263766
                  }
               },
               "hair": {
                  "id": "16bc5541-72cd-441b-8037-a0162aac378a",
                  "color_settings": {
                     "index_of_refraction": 1.6374070474016211,
                     "melanin": 0.6089225394676725,
                     "redness": 0.3724766516264707,
                     "roughness": 0.1937145169982777,
                     "whiteness": 0.9338389633263766
                  }
               },
               "facial_hair": null
            }
         },
         "camera": {
            "name": "camera",
            "intrinsic_params": {
               "projection": "perspective",
               "resolution_width": 128,
               "resolution_height": 128,
               "fov_horizontal": 8.0,
               "fov_vertical": 8.0,
               "sensor_width": 15.0,
               "wavelength": "visible"
            },
            "extrinsic_params": {
               "location": {
                  "x": 0.0,
                  "z": 0.12,
                  "y": -1.6
               },
               "rotation": {
                  "roll": 0.0,
                  "yaw": 0.0,
                  "pitch": 0.0
               }
            }
         },
         "accessories": {
            "glasses": null,
            "mask": null
         },
         "background": {
            "id": "c4a99fb0-538a-4a77-9296-3b893c857652",
            "transparent": false,
            "rotation": 235.3509450238714
         },
         "lights": []
      }
   ]
}