{
   "keypoints_3d_coordinates": {
      "1": [
         -0.06445163488388062,
         0.006199117749929428,
         0.13176631927490234
      ],
      "2": [
         -0.06195392087101936,
         0.0021789781749248505,
         0.11522030830383301
      ],
      "3": [
         -0.05783895403146744,
         0.0027316883206367493,
         0.0988609790802002
      ],
      "4": [
         -0.05309576541185379,
         0.0022915303707122803,
         0.0800403356552124
      ],
      "5": [
         -0.048264551907777786,
         -0.00374801829457283,
         0.06523942947387695
      ],
      "6": [
         -0.04223502427339554,
         -0.01653553918004036,
         0.05612313747406006
      ],
      "7": [
         -0.03413740172982216,
         -0.025462215766310692,
         0.047637224197387695
      ],
      "8": [
         -0.02497382089495659,
         -0.03595171123743057,
         0.03975176811218262
      ],
      "9": [
         -0.0021723508834838867,
         -0.04291577637195587,
         0.033084750175476074
      ],
      "10": [
         0.020889710634946823,
         -0.03668585419654846,
         0.04091382026672363
      ],
      "11": [
         0.029769569635391235,
         -0.02581649087369442,
         0.04931461811065674
      ],
      "12": [
         0.03784560039639473,
         -0.01685677468776703,
         0.05787944793701172
      ],
      "13": [
         0.04446154087781906,
         -0.004101486876606941,
         0.06699728965759277
      ],
      "14": [
         0.04880400374531746,
         0.001770615577697754,
         0.08174824714660645
      ],
      "15": [
         0.05337624251842499,
         0.0029204674065113068,
         0.09970545768737793
      ],
      "16": [
         0.056529901921749115,
         0.002504635602235794,
         0.11594080924987793
      ],
      "17": [
         0.05918087810277939,
         0.0068984255194664,
         0.13268542289733887
      ],
      "18": [
         -0.05000028759241104,
         -0.04281715303659439,
         0.15165483951568604
      ],
      "19": [
         -0.04722088947892189,
         -0.0464448519051075,
         0.15418708324432373
      ],
      "20": [
         -0.0400162898004055,
         -0.05319530516862869,
         0.15678083896636963
      ],
      "21": [
         -0.03139923885464668,
         -0.059278704226017,
         0.15746033191680908
      ],
      "22": [
         -0.020801641047000885,
         -0.06363495439291,
         0.15414059162139893
      ],
      "23": [
         0.01414375938475132,
         -0.0638817548751831,
         0.15419256687164307
      ],
      "24": [
         0.024523111060261726,
         -0.05920490249991417,
         0.1576852798461914
      ],
      "25": [
         0.033458810299634933,
         -0.053501151502132416,
         0.15695464611053467
      ],
      "26": [
         0.04077836126089096,
         -0.04656975343823433,
         0.15451335906982422
      ],
      "27": [
         0.043745458126068115,
         -0.04272390156984329,
         0.15202319622039795
      ],
      "28": [
         -0.003285428276285529,
         -0.06419392675161362,
         0.13775324821472168
      ],
      "29": [
         -0.003399642650038004,
         -0.06758523732423782,
         0.12294876575469971
      ],
      "30": [
         -0.0034024734050035477,
         -0.07337869703769684,
         0.11472773551940918
      ],
      "31": [
         -0.003360230941325426,
         -0.08078355342149734,
         0.10357809066772461
      ],
      "32": [
         -0.018457895144820213,
         -0.061835527420043945,
         0.09152162075042725
      ],
      "33": [
         -0.011703661642968655,
         -0.06653156876564026,
         0.08987414836883545
      ],
      "34": [
         -0.0035225460305809975,
         -0.06958222389221191,
         0.08921587467193604
      ],
      "35": [
         0.0044669597409665585,
         -0.06691519916057587,
         0.0899500846862793
      ],
      "36": [
         0.01123387087136507,
         -0.062161751091480255,
         0.09167039394378662
      ],
      "37": [
         -0.04214981943368912,
         -0.0459572859108448,
         0.1291435956954956
      ],
      "38": [
         -0.036680810153484344,
         -0.055510230362415314,
         0.1287236213684082
      ],
      "39": [
         -0.02551339752972126,
         -0.05568605661392212,
         0.1287550926208496
      ],
      "40": [
         -0.017721425741910934,
         -0.05209851264953613,
         0.12680447101593018
      ],
      "41": [
         -0.025028223171830177,
         -0.0534442737698555,
         0.12461304664611816
      ],
      "42": [
         -0.03625965490937233,
         -0.052441179752349854,
         0.12412285804748535
      ],
      "43": [
         0.011647775769233704,
         -0.051415473222732544,
         0.12664079666137695
      ],
      "44": [
         0.01937367022037506,
         -0.055003821849823,
         0.12906944751739502
      ],
      "45": [
         0.030409682542085648,
         -0.055128298699855804,
         0.12925076484680176
      ],
      "46": [
         0.036043405532836914,
         -0.04622218757867813,
         0.1291360855102539
      ],
      "47": [
         0.030317317694425583,
         -0.05211819335818291,
         0.12468338012695312
      ],
      "48": [
         0.019239535555243492,
         -0.052924204617738724,
         0.12484610080718994
      ],
      "49": [
         -0.02580997347831726,
         -0.054173946380615234,
         0.06889569759368896
      ],
      "50": [
         -0.021216465160250664,
         -0.06391902267932892,
         0.07378864288330078
      ],
      "51": [
         -0.013219532556831837,
         -0.06988470256328583,
         0.07799685001373291
      ],
      "52": [
         -0.0033620044123381376,
         -0.07290567457675934,
         0.07781994342803955
      ],
      "53": [
         0.0064644403755664825,
         -0.07047151029109955,
         0.0784153938293457
      ],
      "54": [
         0.014697935432195663,
         -0.06483788788318634,
         0.0749216079711914
      ],
      "55": [
         0.019541075453162193,
         -0.0550658218562603,
         0.07011663913726807
      ],
      "56": [
         0.014435827732086182,
         -0.06016184389591217,
         0.06295144557952881
      ],
      "57": [
         0.006665084511041641,
         -0.06435561180114746,
         0.057628750801086426
      ],
      "58": [
         -0.0031442083418369293,
         -0.06554003059864044,
         0.05607736110687256
      ],
      "59": [
         -0.012645591981709003,
         -0.06426684558391571,
         0.057088255882263184
      ],
      "60": [
         -0.020655054599046707,
         -0.059094637632369995,
         0.06203722953796387
      ],
      "61": [
         -0.023358171805739403,
         -0.052348941564559937,
         0.06915760040283203
      ],
      "62": [
         -0.01144675724208355,
         -0.06523478776216507,
         0.07138681411743164
      ],
      "63": [
         -0.0034644831903278828,
         -0.06700839102268219,
         0.07125425338745117
      ],
      "64": [
         0.004969719797372818,
         -0.06604398787021637,
         0.07180726528167725
      ],
      "65": [
         0.01715930365025997,
         -0.053790003061294556,
         0.07026863098144531
      ],
      "66": [
         0.004496477078646421,
         -0.06353868544101715,
         0.06562185287475586
      ],
      "67": [
         -0.00357136782258749,
         -0.06414745002985,
         0.06483745574951172
      ],
      "68": [
         -0.011238591745495796,
         -0.06257575005292892,
         0.06531572341918945
      ]
   },
   "keypoints_2d_coordinates": {
      "1": [
         57,
         27
      ],
      "2": [
         67,
         29
      ],
      "3": [
         76,
         31
      ],