{
   "camera_name": "camera_1",
   "camera_type": "PERSP",
   "location": {
      "x": 0.0,
      "y": -1.5999999046325684,
      "z": 0.12000000476837158
   },
   "orientation": {
      "look_at_vector": {
         "x": 0.0,
         "y": 1.0,
         "z": 1.4901162614933128e-07
      },
      "up_vector": {
         "x": 0.0,
         "y": -1.4901162614933128e-07,
         "z": 1.0
      }
   },
   "aspect_px": {
      "x": 1.0,
      "y": 1.0
   },
   "resolution_px": {
      "x": 1024.0,
      "y": 1024.0
   },
   "fov": {
      "horizontal": 7.999999938029066,
      "vertical": 7.999999938029066
   },
   "sensor": {
      "sensor_width": 36.0,
      "sensor_height": 36.0
   },
   "intrinsic_matrix": [
      [
         7321.940972222222,
         0.0,
         512.0
      ],
      [
         0.0,
         7321.940972222222,
         512.0
      ],
      [
         0.0,
         0.0,
         1.0
      ]
   ],
   "extrinsic_matrix": [
      [
         1.0000000596046377,
         0.0,
         0.0,
         0.0
      ],
      [
         -0.0,
         -0.0,
         -1.0000001192092896,
         0.1200000190734869
      ],
      [
         0.0,
         0.9999999403953552,
         1.4901161193847656e-07,
         1.5999997913837483
      ]
   ]
}