{
   "version": "1.0.0",
   "datapoints": [
      {
         "human": {
            "id": "2afe723e-fd54-45b4-be52-5e2752b00382",
            "head": {
               "eyes": {
                  "id": "18c9d084-e4bd-4c72-a19a-2e85fac8b167",
                  "target_of_gaze": {
                     "distance": 0.36177434170467937,
                     "direction": {
                        "x": -0.42888011205477194,
                        "z": 0.21107086631220362,
                        "y": -0.9819305892388509
                     }
                  },
                  "eyelid_closure": 0.03056547768395328
               },
               "location": {
                  "x": 0.0,
                  "z": 0.0,
                  "y": 0.0
               },
               "rotation": {
                  "yaw": 0.0,
                  "roll": 0.0,
                  "pitch": 0.0
               },
               "expression": {
                  "intensity": 0.5052519644629572,
                  "name": "fear"
               },
               "eyebrows": {
                  "id": "1e787108-c3fe-4336-a5a3-b88133367306",
                  "color_settings": {
                     "index_of_refraction": 1.5963311290424562,
                     "melanin": 0.24608957357409955,
                     "redness": 0.1394575989082374,
                     "roughness": 0.2591613391875405,
                     "whiteness": 0.383125430044405
                  }
               },
               "hair": {
                  "id": "ef81ab5f-04c5-4298-b804-d7ecd96cc4b0",
                  "color_settings": {
                     "index_of_refraction": 1.5963311290424562,
                     "melanin": 0.24608957357409955,
                     "redness": 0.1394575989082374,
                     "roughness": 0.2591613391875405,
                     "whiteness": 0.383125430044405
                  }
               },
               "facial_hair": null
            }
         },
         "camera": {
            "name": "camera",
            "intrinsic_params": {
               "projection": "perspective",
               "resolution_width": 128,
               "resolution_height": 128,
               "fov_horizontal": 8.0,
               "fov_vertical": 8.0,
               "sensor_width": 15.0,
               "wavelength": "visible"
            },
            "extrinsic_params": {
               "rotation": {
                  "yaw": 0.0,
                  "roll": 0.0,
                  "pitch": 0.0
               },
               "location": {
                  "x": 0.0,
                  "z": 0.12,
                  "y": -1.6
               }
            }
         },
         "accessories": {
            "mask": null,
            "glasses": null
         },
         "background": {
            "id": "7ae141bf-97e4-43ef-b413-3c3f24a64180",
            "transparent": false,
            "rotation": 218.89139948870945
         },
         "lights": []
      }
   ]
}