{
   "identity_label": {
      "age": "young",
      "ethnicity": "mediterranean",
      "gender": "female"
   },
   "face_expression": {
      "intensity_level": 4,
      "name": "happiness"
   },
   "facial_hair_included": false,
   "identity_id": "730d1254-dfd4-462f-86ce-edbf97496f23",
   "head_metadata": {
      "head_root_location": {
         "x": 0.0,
         "y": 0.0,
         "z": 0.0
      },
      "head_rotation": {
         "pitch": 12.485471397114711,
         "yaw": 34.69461524761843,
         "roll": 0.0
      },
      "head_six_dof": {
         "location": {
            "x": 0.06027007848024368,
            "y": -0.06562665104866028,
            "z": 0.11740368604660034
         },
         "look_at_vector": {
            "x": 0.5556218722583877,
            "y": -0.8027905698921465,
            "z": -0.21635996847921468
         }
      }
   },
   "apex_of_cornea_point": {
      "2d": {
         "camera_1": {
            "right_eye": {
               "x": 540,
               "y": 679
            },
            "left_eye": {
               "x": 535,
               "y": 880
            }
         }
      },
      "3d": {
         "right_eye": {
            "x": 0.034694720059633255,
            "y": -0.07590892165899277,
            "z": 0.11412350833415985
         },
         "left_eye": {
            "x": 0.07821488380432129,
            "y": -0.04412981495261192,
            "z": 0.11501844227313995
         }
      }
   },
   "center_of_rotation_point": {
      "2d": {
         "camera_1": {
            "right_eye": {
               "x": 528,
               "y": 649
            },
            "left_eye": {
               "x": 524,
               "y": 846
            }
         }
      },
      "3d": {
         "right_eye": {
            "x": 0.028656303882598877,
            "y": -0.06601104140281677,
            "z": 0.11666660010814667
         },
         "left_eye": {
            "x": 0.07132210582494736,
            "y": -0.03497018665075302,
            "z": 0.11745429784059525
         }
      }
   },
   "iris_circle": {
      "2d": {
         "camera_1": {
            "right_eye": [
               {
                  "x": 509,
                  "y": 676
               },
               {
                  "x": 513,
                  "y": 688
               },
               {
                  "x": 524,
                  "y": 696
               },
               {
                  "x": 538,
                  "y": 697
               },
               {
                  "x": 553,
                  "y": 692
               },
               {
                  "x": 564,
                  "y": 681
               },
               {
                  "x": 568,
                  "y": 669
               },
               {
                  "x": 564,
                  "y": 657
               },
               {
                  "x": 553,
                  "y": 649
               },
               {
                  "x": 537,
                  "y": 647
               },
               {
                  "x": 523,
                  "y": 652
               },
               {
                  "x": 513,
                  "y": 663
               }
            ],
            "left_eye": [
               {
                  "x": 503,
                  "y": 877
               },
               {
                  "x": 507,
                  "y": 888
               },
               {
                  "x": 518,
                  "y": 895
               },
               {
                  "x": 533,
                  "y": 896
               },
               {
                  "x": 548,
                  "y": 890
               },
               {
                  "x": 559,
                  "y": 881
               },
               {
                  "x": 562,
                  "y": 869
               },
               {
                  "x": 559,
                  "y": 858
               },
               {
                  "x": 549,
                  "y": 852
               },
               {
                  "x": 534,
                  "y": 851
               },
               {
                  "x": 519,
                  "y": 856
               },
               {
                  "x": 508,
                  "y": 865
               }
            ]
         }
      },
      "3d": {
         "right_eye": [
            {
               "x": 0.03417074680328369,
               "y": -0.07495588064193726,
               "z": 0.12055224925279617
            },
            {
               "x": 0.036666031926870346,
               "y": -0.0732392743229866,
               "z": 0.1197017952799797
            },
            {
               "x": 0.03832444176077843,
               "y": -0.07171998918056488,
               "z": 0.11756222695112228
            },
            {
               "x": 0.03862379863858223,
               "y": -0.07076480984687805,
               "z": 0.11452828347682953
            },
            {
               "x": 0.03755274415016174,
               "y": -0.07062666863203049,
               "z": 0.11138545721769333
            },
            {
               "x": 0.03536154329776764,
               "y": -0.07137095928192139,
               "z": 0.10921979695558548
            },
            {
               "x": 0.03270050138235092,
               "y": -0.07280249148607254,
               "z": 0.10841576009988785
            },
            {
               "x": 0.030138935893774033,
               "y": -0.07453739643096924,
               "z": 0.10925238579511642
            },
            {
               "x": 0.02846146747469902,
               "y": -0.07612986117601395,
               "z": 0.11155866831541061
            },
            {
               "x": 0.028113873675465584,
               "y": -0.07713600248098373,
               "z": 0.11479401588439941
            },
            {
               "x": 0.02918652445077896,
               "y": -0.07723847776651382,
               "z": 0.1177520677447319
            },
            {
               "x": 0.03140360116958618,
               "y": -0.07638896256685257,
               "z": 0.11977105587720871
            }
         ],
         "left_eye": [
            {
               "x": 0.07759007811546326,
               "y": -0.04335011914372444,
               "z": 0.12181854993104935
            },
            {
               "x": 0.07996385544538498,
               "y": -0.04134732857346535,
               "z": 0.12098146975040436
            },
            {
               "x": 0.08153113722801208,
               "y": -0.03955955430865288,
               "z": 0.11871232092380524
            },
            {
               "x": 0.08181814849376678,
               "y": -0.03851030021905899,
               "z": 0.11552594602108002
            },
            {
               "x": 0.08071748912334442,
               "y": -0.0384596511721611,
               "z": 0.11229307949542999
            },
            {
               "x": 0.07857579737901688,
               "y": -0.03942846134305,
               "z": 0.11005677282810211
            },
            {
               "x": 0.07600053399801254,
               "y": -0.04111248627305031,
               "z": 0.10931257158517838
            },
            {
               "x": 0.0736299604177475,
               "y": -0.04309890791773796,
               "z": 0.11002087593078613
            },
            {
               "x": 0.07215642929077148,
               "y": -0.044885292649269104,
               "z": 0.1122022196650505
            },
            {
               "x": 0.07188627868890762,
               "y": -0.04596061632037163,
               "z": 0.11542975157499313
            },
            {
               "x": 0.07294116914272308,
               "y": -0.04601501300930977,
               "z": 0.11860962212085724
            },
            {
               "x": 0.07505404949188232,