{
   "keypoints_3d_coordinates": {
      "1": [
         -0.06400126218795776,
         0.02448451519012451,
         0.15002667903900146
      ],
      "2": [
         -0.062164075672626495,
         0.01854311302304268,
         0.13079822063446045
      ],
      "3": [
         -0.06210196763277054,
         0.016642224043607712,
         0.11156296730041504
      ],
      "4": [
         -0.05924123525619507,
         0.013104569166898727,
         0.09020578861236572
      ],
      "5": [
         -0.054578498005867004,
         0.003380054607987404,
         0.07442641258239746
      ],
      "6": [
         -0.04549403861165047,
         -0.014902828261256218,
         0.06629431247711182
      ],
      "7": [
         -0.03489097207784653,
         -0.028511865064501762,
         0.058376312255859375
      ],
      "8": [
         -0.02137833461165428,
         -0.044110871851444244,
         0.05471515655517578
      ],
      "9": [
         0.0032554049976170063,
         -0.05458814278244972,
         0.05132567882537842
      ],
      "10": [
         0.02771427482366562,
         -0.044025786221027374,
         0.05402839183807373
      ],
      "11": [
         0.0403379425406456,
         -0.02790670096874237,
         0.057193756103515625
      ],
      "12": [
         0.050744473934173584,
         -0.014339927583932877,
         0.06457221508026123
      ],
      "13": [
         0.059333980083465576,
         0.004210330545902252,
         0.07175183296203613
      ],
      "14": [
         0.06525778770446777,
         0.013791479170322418,
         0.08733320236206055
      ],
      "15": [
         0.06851734966039658,
         0.01709558442234993,
         0.10945868492126465
      ],
      "16": [
         0.06953158974647522,
         0.019013293087482452,
         0.12874162197113037
      ],
      "17": [
         0.07167261093854904,
         0.02594100683927536,
         0.14839887619018555
      ],
      "18": [
         -0.03850703686475754,
         -0.04032933712005615,
         0.16616475582122803
      ],
      "19": [
         -0.036083634942770004,
         -0.04198433458805084,
         0.17076480388641357
      ],
      "20": [
         -0.027913235127925873,
         -0.046880535781383514,
         0.17157471179962158
      ],
      "21": [
         -0.018649335950613022,
         -0.05087783560156822,
         0.17026472091674805
      ],
      "22": [
         -0.008834036067128181,
         -0.05347443372011185,
         0.1672147512435913
      ],
      "23": [
         0.0180064644664526,
         -0.053955335170030594,
         0.16712474822998047
      ],
      "24": [
         0.028245164081454277,
         -0.05134783685207367,
         0.17029476165771484
      ],
      "25": [
         0.03744496405124664,
         -0.047147735953330994,
         0.17129480838775635
      ],
      "26": [
         0.04562036320567131,
         -0.04176023602485657,
         0.16989481449127197
      ],
      "27": [
         0.04830116406083107,
         -0.03987743705511093,
         0.1654747724533081
      ],
      "28": [
         0.00418253056704998,
         -0.053431469947099686,
         0.15919923782348633
      ],
      "29": [
         0.0034072312992066145,
         -0.059453170746564865,
         0.147874116897583
      ],
      "30": [
         0.0029651953373104334,
         -0.06542719155550003,
         0.13910388946533203
      ],
      "31": [
         0.0022776457481086254,
         -0.07567106187343597,
         0.1256784200668335
      ],
      "32": [
         -0.009350286796689034,
         -0.05408383160829544,
         0.11053407192230225
      ],
      "33": [
         -0.004209013655781746,
         -0.05989836901426315,
         0.1095736026763916
      ],
      "34": [
         0.0026732832193374634,
         -0.06290028244256973,
         0.10972833633422852
      ],
      "35": [
         0.009243807755410671,
         -0.059546273201704025,
         0.11029207706451416
      ],
      "36": [
         0.014974016696214676,
         -0.05326080694794655,
         0.11155521869659424
      ],
      "37": [
         -0.03283742815256119,
         -0.03392539173364639,
         0.151353120803833
      ],
      "38": [
         -0.025740940123796463,
         -0.04223300889134407,
         0.15314245223999023
      ],
      "39": [
         -0.016313333064317703,
         -0.042034782469272614,
         0.1532878875732422
      ],
      "40": [
         -0.008293449878692627,
         -0.038357365876436234,
         0.14980065822601318
      ],
      "41": [
         -0.016148461028933525,
         -0.04114137962460518,
         0.14794349670410156
      ],
      "42": [
         -0.02581508457660675,
         -0.040648121386766434,
         0.14738011360168457
      ],
      "43": [
         0.01623605191707611,
         -0.03959723934531212,
         0.14976990222930908
      ],
      "44": [
         0.02538461610674858,
         -0.0430971160531044,
         0.15308821201324463
      ],
      "45": [
         0.03555282950401306,
         -0.042361024767160416,
         0.1530900001525879
      ],
      "46": [
         0.04223620519042015,
         -0.03410114347934723,
         0.15137958526611328
      ],
      "47": [
         0.03539007902145386,
         -0.04118283838033676,
         0.14737451076507568
      ],
      "48": [
         0.02495492994785309,
         -0.04210769385099411,
         0.14739525318145752
      ],
      "49": [
         -0.01724298857152462,
         -0.05286237597465515,
         0.0871354341506958
      ],
      "50": [
         -0.011173690669238567,
         -0.058923445641994476,
         0.09186840057373047
      ],
      "51": [
         -0.004728143103420734,
         -0.0630226656794548,
         0.09590959548950195
      ],
      "52": [
         0.0031239266972988844,
         -0.06450320035219193,
         0.09654021263122559
      ],
      "53": [
         0.01110580563545227,
         -0.06279392540454865,
         0.09693026542663574
      ],
      "54": [
         0.01727728545665741,
         -0.0591868981719017,
         0.09318888187408447
      ],
      "55": [
         0.023546045646071434,
         -0.052240267395973206,
         0.08835029602050781
      ],
      "56": [
         0.017926350235939026,
         -0.058656468987464905,
         0.08747434616088867
      ],
      "57": [
         0.010754771530628204,
         -0.06310167908668518,
         0.08559346199035645
      ],
      "58": [
         0.0037472364492714405,
         -0.0638614296913147,
         0.08522927761077881
      ],
      "59": [
         -0.003906814847141504,
         -0.06326562166213989,
         0.08604371547698975
      ],
      "60": [
         -0.01149046141654253,
         -0.05856231600046158,
         0.08704030513763428
      ],
      "61": [
         -0.01568957231938839,
         -0.05183995142579079,
         0.08804607391357422
      ],
      "62": [
         -0.00293184956535697,
         -0.05995927378535271,
         0.09196782112121582
      ],
      "63": [
         0.003212552983313799,
         -0.06121382489800453,
         0.09212183952331543
      ],
      "64": [
         0.009315256960690022,
         -0.059952512383461,
         0.0926046371459961
      ],
      "65": [
         0.02149447798728943,
         -0.05177412927150726,
         0.08927786350250244
      ],
      "66": [
         0.009440010413527489,
         -0.060331158339977264,
         0.09081089496612549
      ],
      "67": [
         0.003322772914543748,
         -0.060967136174440384,
         0.09073436260223389
      ],
      "68": [
         -0.002945855725556612,
         -0.05974535271525383,
         0.0906686782836914
      ]
   },
   "keypoints_2d_coordinates": {
      "1": [
         47,
         28
      ],
      "2": [
         58,
         29
      ],
      "3": [
         69,
         29
      ],