{
   "keypoints_3d_coordinates": {
      "1": [
         -0.05978958681225777,
         0.028317194432020187,
         0.1386204957962036
      ],
      "2": [
         -0.05847872048616409,
         0.02297254651784897,
         0.1218109130859375
      ],
      "3": [
         -0.055167362093925476,
         0.02269938588142395,
         0.10502088069915771
      ],
      "4": [
         -0.05135789141058922,
         0.01935570314526558,
         0.08491814136505127
      ],
      "5": [
         -0.04748483747243881,
         0.010193169116973877,
         0.06952881813049316
      ],
      "6": [
         -0.04157491400837898,
         -0.004526088014245033,
         0.06120932102203369
      ],
      "7": [
         -0.03350198641419411,
         -0.015185896307229996,
         0.05325460433959961
      ],
      "8": [
         -0.024173259735107422,
         -0.02602962590754032,
         0.046381473541259766
      ],
      "9": [
         -0.0007776378188282251,
         -0.03391703590750694,
         0.039981961250305176
      ],
      "10": [
         0.023590154945850372,
         -0.028214920312166214,
         0.04594278335571289
      ],
      "11": [
         0.03405381739139557,
         -0.01763567142188549,
         0.05297672748565674
      ],
      "12": [
         0.04226456582546234,
         -0.006887395866215229,
         0.0606076717376709
      ],
      "13": [
         0.04861839488148689,
         0.007545078173279762,
         0.06919288635253906
      ],
      "14": [
         0.05320734158158302,
         0.016658172011375427,
         0.084739089012146
      ],
      "15": [
         0.05652552470564842,
         0.01998189464211464,
         0.10479795932769775
      ],
      "16": [
         0.059305109083652496,
         0.020143993198871613,
         0.12150144577026367
      ],
      "17": [
         0.06061149388551712,
         0.024665720760822296,
         0.13811469078063965
      ],
      "18": [
         -0.04814562574028969,
         -0.01907631754875183,
         0.1573500633239746
      ],
      "19": [
         -0.045116327702999115,
         -0.02246916852891445,
         0.15965008735656738
      ],
      "20": [
         -0.038012824952602386,
         -0.029312197118997574,
         0.1624600887298584
      ],
      "21": [
         -0.02943732589483261,
         -0.0355633981525898,
         0.16252005100250244
      ],
      "22": [
         -0.01900392584502697,
         -0.039534397423267365,
         0.1591200828552246
      ],
      "23": [
         0.015487773343920708,
         -0.04038050025701523,
         0.1579301357269287
      ],
      "24": [
         0.026219673454761505,
         -0.03683149814605713,
         0.16112005710601807
      ],
      "25": [
         0.03542877361178398,
         -0.03193749859929085,
         0.16123008728027344
      ],
      "26": [
         0.043197572231292725,
         -0.025623047724366188,
         0.15866005420684814
      ],
      "27": [
         0.04642757400870323,
         -0.022088337689638138,
         0.15642011165618896
      ],
      "28": [
         -0.0016756958793848753,
         -0.039461780339479446,
         0.14145684242248535
      ],
      "29": [
         -0.0015958951553329825,
         -0.043227650225162506,
         0.12640106678009033
      ],
      "30": [
         -0.0017940779216587543,
         -0.04844866320490837,
         0.12018167972564697
      ],
      "31": [
         -0.0020666499622166157,
         -0.057288601994514465,
         0.11131143569946289
      ],
      "32": [
         -0.017709653824567795,
         -0.043896328657865524,
         0.09747874736785889
      ],
      "33": [
         -0.010095730423927307,
         -0.04791838675737381,
         0.09571969509124756
      ],
      "34": [
         -0.001844666083343327,
         -0.04999030753970146,
         0.09492754936218262
      ],
      "35": [
         0.006766470614820719,
         -0.04852110892534256,
         0.09541547298431396
      ],
      "36": [
         0.014922622591257095,
         -0.045197855681180954,
         0.09694826602935791
      ],
      "37": [
         -0.042736995965242386,
         -0.025364918634295464,
         0.13682043552398682
      ],
      "38": [
         -0.036830343306064606,
         -0.03497733920812607,
         0.1356503963470459
      ],
      "39": [
         -0.026720143854618073,
         -0.03538285195827484,
         0.13497352600097656
      ],
      "40": [
         -0.018750345334410667,
         -0.033482685685157776,
         0.13261377811431885
      ],
      "41": [
         -0.02641150914132595,
         -0.034909941256046295,
         0.13250219821929932
      ],
      "42": [
         -0.03654785454273224,
         -0.033518314361572266,
         0.13285934925079346
      ],
      "43": [
         0.016524938866496086,
         -0.03372049331665039,
         0.13143634796142578
      ],
      "44": [
         0.024320486932992935,
         -0.03675828129053116,
         0.133963942527771
      ],
      "45": [
         0.03421587124466896,
         -0.03622071072459221,
         0.13522827625274658
      ],
      "46": [
         0.040044039487838745,
         -0.028114212676882744,
         0.13571202754974365
      ],
      "47": [
         0.03428047150373459,
         -0.03495346009731293,
         0.1320512294769287
      ],
      "48": [
         0.024307798594236374,
         -0.035931047052145004,
         0.13139522075653076
      ],
      "49": [
         -0.02289394475519657,
         -0.04287533462047577,
         0.07541012763977051
      ],
      "50": [
         -0.019463051110506058,
         -0.050446584820747375,
         0.08026266098022461
      ],
      "51": [
         -0.011550198309123516,
         -0.05531150847673416,
         0.08578073978424072
      ],
      "52": [
         -0.0014093414647504687,
         -0.05810481309890747,
         0.08640873432159424
      ],
      "53": [
         0.008370720781385899,
         -0.0567040741443634,
         0.08576381206512451
      ],
      "54": [
         0.01706407591700554,
         -0.0530099980533123,
         0.08049869537353516
      ],
      "55": [
         0.020710870623588562,
         -0.04522174224257469,
         0.07522749900817871
      ],
      "56": [
         0.01689821109175682,
         -0.04990936815738678,
         0.0697941780090332
      ],
      "57": [
         0.008838815614581108,
         -0.05506042018532753,
         0.06612920761108398
      ],
      "58": [
         -0.0009694029577076435,
         -0.05677512660622597,
         0.06471610069274902
      ],
      "59": [
         -0.010748411528766155,
         -0.05456777662038803,
         0.06608700752258301
      ],
      "60": [
         -0.018318552523851395,
         -0.04795345664024353,
         0.07006311416625977
      ],
      "61": [
         -0.020575067028403282,
         -0.040418580174446106,
         0.07539045810699463
      ],
      "62": [
         -0.008950939401984215,
         -0.05124356970191002,
         0.07683157920837402
      ],
      "63": [
         -0.000911103212274611,
         -0.05350387468934059,
         0.07629251480102539
      ],
      "64": [
         0.0071564931422472,
         -0.05263233557343483,
         0.076568603515625
      ],
      "65": [
         0.0192909836769104,
         -0.043399449437856674,
         0.07513570785522461
      ],
      "66": [
         0.006972734350711107,
         -0.052416034042835236,
         0.07559633255004883
      ],
      "67": [
         -0.0008069117902778089,
         -0.05325346812605858,
         0.07529425621032715
      ],
      "68": [
         -0.00893328431993723,
         -0.051399216055870056,
         0.07576072216033936
      ]
   },
   "keypoints_2d_coordinates": {
      "1": [
         54,
         30
      ],
      "2": [
         63,
         31
      ],
      "3": [
         72,
         33
      ],