{
   "keypoints_3d_coordinates": {
      "1": [
         -0.0522882416844368,
         0.012086194008588791,
         0.11929011344909668
      ],
      "2": [
         -0.051062844693660736,
         0.005531191825866699,
         0.10496819019317627
      ],
      "3": [
         -0.050490882247686386,
         0.0051865242421627045,
         0.08956098556518555
      ],
      "4": [
         -0.047102607786655426,
         0.003336232155561447,
         0.0731126070022583
      ],
      "5": [
         -0.042089398950338364,
         -0.004010841250419617,
         0.06158280372619629
      ],
      "6": [
         -0.037043262273073196,
         -0.017721470445394516,
         0.0544964075088501
      ],
      "7": [
         -0.029698893427848816,
         -0.02701207436621189,
         0.047859787940979004
      ],
      "8": [
         -0.019865870475769043,
         -0.03544645756483078,
         0.04311370849609375
      ],
      "9": [
         0.0005998606793582439,
         -0.041450805962085724,
         0.03588151931762695
      ],
      "10": [
         0.02145521529018879,
         -0.03598509356379509,
         0.042203307151794434
      ],
      "11": [
         0.03153476119041443,
         -0.027720719575881958,
         0.046700119972229004
      ],
      "12": [
         0.039030175656080246,
         -0.018696218729019165,
         0.053070783615112305
      ],
      "13": [
         0.043600067496299744,
         -0.0048323944211006165,
         0.06063497066497803
      ],
      "14": [
         0.04922885820269585,
         0.002522500231862068,
         0.07246530055999756
      ],
      "15": [
         0.05309155583381653,
         0.004401234909892082,
         0.0892031192779541
      ],
      "16": [
         0.05480401962995529,
         0.003838377073407173,
         0.10445702075958252
      ],
      "17": [
         0.05503901094198227,
         0.010082092136144638,
         0.1186075210571289
      ],
      "18": [
         -0.04021000489592552,
         -0.03167862072587013,
         0.14337468147277832
      ],
      "19": [
         -0.03736960515379906,
         -0.03459734097123146,
         0.14577925205230713
      ],
      "20": [
         -0.030612356960773468,
         -0.04028214141726494,
         0.14954161643981934
      ],
      "21": [
         -0.022546755149960518,
         -0.04559259116649628,
         0.15086519718170166
      ],
      "22": [
         -0.013039055280387402,
         -0.049080394208431244,
         0.14862799644470215
      ],
      "23": [
         0.016344495117664337,
         -0.04935069382190704,
         0.1455925703048706
      ],
      "24": [
         0.02664049342274666,
         -0.04647944122552872,
         0.1477372646331787
      ],
      "25": [
         0.033619195222854614,
         -0.04174449294805527,
         0.14670884609222412
      ],
      "26": [
         0.03980599343776703,
         -0.03623339161276817,
         0.14283132553100586
      ],
      "27": [
         0.0421210415661335,
         -0.03312588110566139,
         0.1403590440750122
      ],
      "28": [
         0.0018482711166143417,
         -0.05079153552651405,
         0.1324378252029419
      ],
      "29": [
         0.002344561507925391,
         -0.05477923899888992,
         0.11829328536987305
      ],
      "30": [
         0.0028210170567035675,
         -0.059190716594457626,
         0.11074280738830566
      ],
      "31": [
         0.0033529731445014477,
         -0.06494799256324768,
         0.10040032863616943
      ],
      "32": [
         -0.010676370933651924,
         -0.05273132026195526,
         0.08959639072418213
      ],
      "33": [
         -0.004510842729359865,
         -0.055628374218940735,
         0.08745336532592773
      ],
      "34": [
         0.002460847608745098,
         -0.056756239384412766,
         0.08694887161254883
      ],
      "35": [
         0.00966910645365715,
         -0.05562271922826767,
         0.08809614181518555
      ],
      "36": [
         0.016065310686826706,
         -0.05259660258889198,
         0.0918194055557251
      ],
      "37": [
         -0.034721869975328445,
         -0.04323238134384155,
         0.1248924732208252
      ],
      "38": [
         -0.02896636351943016,
         -0.05218406394124031,
         0.12380814552307129
      ],
      "39": [
         -0.01826123520731926,
         -0.05163825303316116,
         0.12365281581878662
      ],
      "40": [
         -0.012577456422150135,
         -0.04725939780473709,
         0.12326455116271973
      ],
      "41": [
         -0.01784343272447586,
         -0.0504467636346817,
         0.12208712100982666
      ],
      "42": [
         -0.02840498276054859,
         -0.050125040113925934,
         0.1218118667602539
      ],
      "43": [
         0.01617288589477539,
         -0.04759518429636955,
         0.12289118766784668
      ],
      "44": [
         0.02248041145503521,
         -0.05115988850593567,
         0.12353456020355225
      ],
      "45": [
         0.03181619197130203,
         -0.05106092244386673,
         0.12300252914428711
      ],
      "46": [
         0.03725941479206085,
         -0.04344867169857025,
         0.12412238121032715
      ],
      "47": [
         0.03189907595515251,
         -0.04984859377145767,
         0.12061011791229248
      ],
      "48": [
         0.022047584876418114,
         -0.050383009016513824,
         0.12180376052856445
      ],
      "49": [
         -0.01694295182824135,
         -0.047252193093299866,
         0.06992089748382568
      ],
      "50": [
         -0.014825357124209404,
         -0.05548454448580742,
         0.07261145114898682
      ],
      "51": [
         -0.007379980757832527,
         -0.059422481805086136,
         0.07525396347045898
      ],
      "52": [
         0.0028438165318220854,
         -0.061583299189805984,
         0.0754479169845581
      ],
      "53": [
         0.013114083558321,
         -0.058983996510505676,
         0.07504844665527344
      ],
      "54": [
         0.019808191806077957,
         -0.054229073226451874,
         0.07309615612030029
      ],
      "55": [
         0.022646205499768257,
         -0.04749363660812378,
         0.07138776779174805
      ],
      "56": [
         0.018242251127958298,
         -0.052412401884794235,
         0.06754148006439209
      ],
      "57": [
         0.011378919705748558,
         -0.0568484365940094,
         0.06412398815155029
      ],
      "58": [
         0.0019358019344508648,
         -0.05965409427881241,
         0.062029242515563965
      ],
      "59": [
         -0.008686101995408535,
         -0.05754838511347771,
         0.06329190731048584
      ],
      "60": [
         -0.014927275478839874,
         -0.053316861391067505,
         0.06634914875030518
      ],
      "61": [
         -0.015193145722150803,
         -0.04447976499795914,
         0.06956374645233154
      ],
      "62": [
         -0.006079312413930893,
         -0.053235746920108795,
         0.07026660442352295
      ],
      "63": [
         0.0021623712964355946,
         -0.05613556131720543,
         0.06959247589111328
      ],
      "64": [
         0.010533260181546211,
         -0.05457966774702072,
         0.07058835029602051
      ],
      "65": [
         0.021433237940073013,
         -0.04607374221086502,
         0.07090234756469727
      ],
      "66": [
         0.009638266637921333,
         -0.054516494274139404,
         0.06905615329742432
      ],
      "67": [
         0.002030617091804743,
         -0.056228503584861755,
         0.06851577758789062
      ],
      "68": [
         -0.00508100213482976,
         -0.05305538326501846,
         0.06932199001312256
      ]
   },
   "keypoints_2d_coordinates": {
      "1": [
         64,
         34
      ],
      "2": [
         73,
         35
      ],
      "3": [
         81,
         35
      ],