{
   "version": "1.0.0",
   "datapoints": [
      {
         "human": {
            "id": "5b26d26d-40cc-4e26-8c1b-4ba3b87221c6",
            "head": {
               "eyes": {
                  "id": "06f5f9ae-3ef5-4217-9c02-7a679a0de9b0",
                  "target_of_gaze": {
                     "distance": 2.7027269514248724,
                     "direction": {
                        "x": 0.07667194816995904,
                        "z": 0.17359839595982196,
                        "y": -0.8511534855972148
                     }
                  },
                  "eyelid_closure": 0.30301773794621434
               },
               "location": {
                  "x": 0.0,
                  "z": 0.0,
                  "y": 0.0
               },
               "rotation": {
                  "pitch": 0.0,
                  "roll": 0.0,
                  "yaw": 0.0
               },
               "expression": {
                  "name": "none",
                  "intensity": 0.6016132709652091
               },
               "eyebrows": {
                  "id": "cb0d740e-2004-48d0-80cd-aed1834a3100",
                  "color_settings": {
                     "index_of_refraction": 1.5516781179544172,
                     "melanin": 0.9559092911169661,
                     "redness": 0.8623244547781309,
                     "roughness": 0.35063978215037117,
                     "whiteness": 0.6826007326968833
                  }
               },
               "hair": {
                  "id": "9e594b14-fede-4286-a28a-d602647b5a54",
                  "color_settings": {
                     "index_of_refraction": 1.5516781179544172,
                     "melanin": 0.9559092911169661,
                     "redness": 0.8623244547781309,
                     "roughness": 0.35063978215037117,
                     "whiteness": 0.6826007326968833
                  }
               },
               "facial_hair": null
            }
         },
         "camera": {
            "name": "camera",
            "intrinsic_params": {
               "projection": "perspective",
               "resolution_width": 128,
               "resolution_height": 128,
               "fov_horizontal": 8.0,
               "fov_vertical": 8.0,
               "sensor_width": 15.0,
               "wavelength": "visible"
            },
            "extrinsic_params": {
               "rotation": {
                  "pitch": 0.0,
                  "roll": 0.0,
                  "yaw": 0.0
               },
               "location": {
                  "x": 0.0,
                  "z": 0.12,
                  "y": -1.6
               }
            }
         },
         "accessories": {
            "mask": null,
            "glasses": null
         },
         "background": {
            "id": "34d35ce3-b73a-4680-b191-694fb365f242",
            "transparent": false,
            "rotation": 126.29911847631583
         },
         "lights": []
      }
   ]
}