{
   "keypoints_3d_coordinates": {
      "1": [
         -0.07731859385967255,
         0.018848855048418045,
         0.14770007133483887
      ],
      "2": [
         -0.0754787027835846,
         0.014813192188739777,
         0.1288515329360962
      ],
      "3": [
         -0.07308285683393478,
         0.014677058905363083,
         0.10890984535217285
      ],
      "4": [
         -0.06749124825000763,
         0.01264939084649086,
         0.08677685260772705
      ],
      "5": [
         -0.05869447812438011,
         0.0036900751292705536,
         0.07264065742492676
      ],
      "6": [
         -0.05286518484354019,
         -0.01288524828851223,
         0.06466901302337646
      ],
      "7": [
         -0.042062003165483475,
         -0.02402532659471035,
         0.05866396427154541
      ],
      "8": [
         -0.029532261192798615,
         -0.03499321639537811,
         0.05646324157714844
      ],
      "9": [
         -0.004195858724415302,
         -0.044276174157857895,
         0.054291367530822754
      ],
      "10": [
         0.021265864372253418,
         -0.03486030921339989,
         0.05781376361846924
      ],
      "11": [
         0.03431728482246399,
         -0.02394956722855568,
         0.06077003479003906
      ],
      "12": [
         0.04513794556260109,
         -0.013056637719273567,
         0.06741523742675781
      ],
      "13": [
         0.05158328264951706,
         0.0039024055004119873,
         0.0756685733795166
      ],
      "14": [
         0.058875806629657745,
         0.013102605938911438,
         0.09003114700317383
      ],
      "15": [
         0.06373672187328339,
         0.016210179775953293,
         0.11129522323608398
      ],
      "16": [
         0.0651727095246315,
         0.016067635267972946,
         0.13146460056304932
      ],
      "17": [
         0.06636355817317963,
         0.020722340792417526,
         0.149696946144104
      ],
      "18": [
         -0.05660626292228699,
         -0.034951042383909225,
         0.17107510566711426
      ],
      "19": [
         -0.05209656059741974,
         -0.03844714164733887,
         0.17325806617736816
      ],
      "20": [
         -0.042318060994148254,
         -0.04476194083690643,
         0.1748131513595581
      ],
      "21": [
         -0.03315246105194092,
         -0.04934554547071457,
         0.1744600534439087
      ],
      "22": [
         -0.022278061136603355,
         -0.05367274209856987,
         0.17162013053894043
      ],
      "23": [
         0.010764136910438538,
         -0.05336504429578781,
         0.17176306247711182
      ],
      "24": [
         0.022101936861872673,
         -0.04825354367494583,
         0.17567813396453857
      ],
      "25": [
         0.03139014169573784,
         -0.043464843183755875,
         0.17662203311920166
      ],
      "26": [
         0.04126143828034401,
         -0.03694084286689758,
         0.17564499378204346
      ],
      "27": [
         0.045574337244033813,
         -0.0330609455704689,
         0.17339301109313965
      ],
      "28": [
         -0.00567812891677022,
         -0.052048955112695694,
         0.16216909885406494
      ],
      "29": [
         -0.0056838965974748135,
         -0.05660240724682808,
         0.15159499645233154
      ],
      "30": [
         -0.005801307503134012,
         -0.06202823668718338,
         0.1449834108352661
      ],
      "31": [
         -0.0058439443819224834,
         -0.06896423548460007,
         0.1298884153366089
      ],
      "32": [
         -0.02260594815015793,
         -0.045260101556777954,
         0.12210333347320557
      ],
      "33": [
         -0.01449614204466343,
         -0.05073734372854233,
         0.1163630485534668
      ],
      "34": [
         -0.005738250911235809,
         -0.05454057455062866,
         0.11382603645324707
      ],
      "35": [
         0.0033828886225819588,
         -0.051385458558797836,
         0.11621284484863281
      ],
      "36": [
         0.01189412921667099,
         -0.046045295894145966,
         0.12282800674438477
      ],
      "37": [
         -0.05107516795396805,
         -0.03949747979640961,
         0.15306425094604492
      ],
      "38": [
         -0.04357528313994408,
         -0.04805000126361847,
         0.15487468242645264
      ],
      "39": [
         -0.03208557516336441,
         -0.04678142070770264,
         0.1559993028640747
      ],
      "40": [
         -0.024244092404842377,
         -0.04111636430025101,
         0.15451431274414062
      ],
      "41": [
         -0.031080394983291626,
         -0.04472608119249344,
         0.15416455268859863
      ],
      "42": [
         -0.04163670167326927,
         -0.0458194874227047,
         0.15245985984802246
      ],
      "43": [
         0.013121221214532852,
         -0.04104536026716232,
         0.15510249137878418
      ],
      "44": [
         0.02160150557756424,
         -0.0471319817006588,
         0.15662288665771484
      ],
      "45": [
         0.033892713487148285,
         -0.04774835705757141,
         0.15569305419921875
      ],
      "46": [
         0.039881546050310135,
         -0.037959471344947815,
         0.15377509593963623
      ],
      "47": [
         0.03248123452067375,
         -0.044729433953762054,
         0.15274453163146973
      ],
      "48": [
         0.020601911470294,
         -0.044785160571336746,
         0.15453588962554932
      ],
      "49": [
         -0.03270842134952545,
         -0.04085194319486618,
         0.08683395385742188
      ],
      "50": [
         -0.027330493554472923,
         -0.04599394649267197,
         0.09763193130493164
      ],
      "51": [
         -0.01744155026972294,
         -0.05319471284747124,
         0.10242104530334473
      ],
      "52": [
         -0.005645201541483402,
         -0.055667199194431305,
         0.10089421272277832
      ],
      "53": [
         0.006315425969660282,
         -0.05385274067521095,
         0.10306894779205322
      ],
      "54": [
         0.017961403355002403,
         -0.04683572053909302,
         0.09972012042999268
      ],
      "55": [
         0.02196694165468216,
         -0.04195448011159897,
         0.0882805585861206
      ],
      "56": [
         0.01766391098499298,
         -0.046724192798137665,
         0.08716440200805664
      ],
      "57": [
         0.006660926155745983,
         -0.053026970475912094,
         0.08455526828765869
      ],
      "58": [
         -0.00565295061096549,
         -0.055098675191402435,
         0.08327245712280273
      ],
      "59": [
         -0.01732068695127964,
         -0.05251011252403259,
         0.08375239372253418
      ],
      "60": [
         -0.02796379290521145,
         -0.04641130939126015,
         0.08623671531677246
      ],
      "61": [
         -0.03147060424089432,
         -0.037584491074085236,
         0.08645713329315186
      ],
      "62": [
         -0.015646906569600105,
         -0.049670472741127014,
         0.09571182727813721
      ],
      "63": [
         -0.00531955249607563,
         -0.051460810005664825,
         0.09545290470123291
      ],
      "64": [
         0.00487662386149168,
         -0.04965311288833618,
         0.096396803855896
      ],
      "65": [
         0.021384157240390778,
         -0.03891369700431824,
         0.08763659000396729
      ],
      "66": [
         0.005086340941488743,
         -0.04884953051805496,
         0.08955264091491699
      ],
      "67": [
         -0.005405964329838753,
         -0.05090046674013138,
         0.08876931667327881
      ],
      "68": [
         -0.015583938919007778,
         -0.04895910620689392,
         0.08924007415771484
      ]
   },
   "keypoints_2d_coordinates": {
      "1": [
         48,
         20
      ],
      "2": [
         59,
         21
      ],
      "3": [
         70,
         23
      ],