{
   "keypoints_3d_coordinates": {
      "1": [
         -0.07049810141324997,
         0.01967305690050125,
         0.13914763927459717
      ],
      "2": [
         -0.0675308108329773,
         0.015315286815166473,
         0.12054193019866943
      ],
      "3": [
         -0.06418664753437042,
         0.01496533676981926,
         0.10247838497161865
      ],
      "4": [
         -0.060034431517124176,
         0.01120295375585556,
         0.08198392391204834
      ],
      "5": [
         -0.055095355957746506,
         0.0023116115480661392,
         0.0665128231048584
      ],
      "6": [
         -0.04720482975244522,
         -0.014681478030979633,
         0.058902621269226074
      ],
      "7": [
         -0.037530943751335144,
         -0.0278253722935915,
         0.05106699466705322
      ],
      "8": [
         -0.026427166536450386,
         -0.044081911444664,
         0.04483938217163086
      ],
      "9": [
         -0.001671190606430173,
         -0.0538766011595726,
         0.040911078453063965
      ],
      "10": [
         0.022370196878910065,
         -0.04341963306069374,
         0.04636883735656738
      ],
      "11": [
         0.03347650170326233,
         -0.02783217653632164,
         0.05283629894256592
      ],
      "12": [
         0.04262920469045639,
         -0.01459924690425396,
         0.06075465679168701
      ],
      "13": [
         0.050071679055690765,
         0.0019904151558876038,
         0.06848371028900146
      ],
      "14": [
         0.05484236404299736,
         0.010335899889469147,
         0.08315980434417725
      ],
      "15": [
         0.05783773958683014,
         0.013315461575984955,
         0.10295820236206055
      ],
      "16": [
         0.06000731885433197,
         0.013999488204717636,
         0.12017571926116943
      ],
      "17": [
         0.06253034621477127,
         0.01822769269347191,
         0.13906288146972656
      ],
      "18": [
         -0.048227518796920776,
         -0.04388926178216934,
         0.15495610237121582
      ],
      "19": [
         -0.04567242041230202,
         -0.04553801566362381,
         0.1588432788848877
      ],
      "20": [
         -0.03806927055120468,
         -0.050682760775089264,
         0.15990328788757324
      ],
      "21": [
         -0.029151171445846558,
         -0.05401391535997391,
         0.1588822603225708
      ],
      "22": [
         -0.01901797205209732,
         -0.05605706572532654,
         0.155464768409729
      ],
      "23": [
         0.009035378694534302,
         -0.05643586441874504,
         0.15405917167663574
      ],
      "24": [
         0.019460979849100113,
         -0.054736360907554626,
         0.15721499919891357
      ],
      "25": [
         0.028257425874471664,
         -0.051334016025066376,
         0.1586897373199463
      ],
      "26": [
         0.03618527948856354,
         -0.046536464244127274,
         0.15787076950073242
      ],
      "27": [
         0.03865102678537369,
         -0.04464416205883026,
         0.1541764736175537
      ],
      "28": [
         -0.0045587774366140366,
         -0.05555138736963272,
         0.1468045711517334
      ],
      "29": [
         -0.00400551175698638,
         -0.06003917381167412,
         0.1353515386581421
      ],
      "30": [
         -0.003518166486173868,
         -0.06666356325149536,
         0.12595033645629883
      ],
      "31": [
         -0.002976049901917577,
         -0.07483676075935364,
         0.11409103870391846
      ],
      "32": [
         -0.018910972401499748,
         -0.059637900441884995,
         0.10070276260375977
      ],
      "33": [
         -0.01176021620631218,
         -0.06404301524162292,
         0.09974265098571777
      ],
      "34": [
         -0.003328918945044279,
         -0.06646152585744858,
         0.09947013854980469
      ],
      "35": [
         0.005020320415496826,
         -0.06319639831781387,
         0.10017502307891846
      ],
      "36": [
         0.011832729913294315,
         -0.05851341784000397,
         0.10201704502105713
      ],
      "37": [
         -0.04406319558620453,
         -0.03949371352791786,
         0.1407625675201416
      ],
      "38": [
         -0.03736254945397377,
         -0.047531843185424805,
         0.14055442810058594
      ],
      "39": [
         -0.029150519520044327,
         -0.047889482229948044,
         0.14058136940002441
      ],
      "40": [
         -0.021439481526613235,
         -0.045108094811439514,
         0.1390146017074585
      ],
      "41": [
         -0.028935888782143593,
         -0.046622615307569504,
         0.1371316909790039
      ],
      "42": [
         -0.037595540285110474,
         -0.045766618102788925,
         0.1368405818939209
      ],
      "43": [
         0.011686691083014011,
         -0.04485316574573517,
         0.13855409622192383
      ],
      "44": [
         0.01988339237868786,
         -0.0477781668305397,
         0.1401151418685913
      ],
      "45": [
         0.02867792919278145,
         -0.04726502671837807,
         0.14025497436523438
      ],
      "46": [
         0.03546624630689621,
         -0.039368558675050735,
         0.14015376567840576
      ],
      "47": [
         0.02905670553445816,
         -0.04523775726556778,
         0.1366657018661499
      ],
      "48": [
         0.019921232014894485,
         -0.04660999774932861,
         0.1365797519683838
      ],
      "49": [
         -0.025824179872870445,
         -0.05495825409889221,
         0.07850289344787598
      ],
      "50": [
         -0.01984112523496151,
         -0.06425440311431885,
         0.08308756351470947
      ],
      "51": [
         -0.011699113063514233,
         -0.06845591962337494,
         0.0873720645904541
      ],
      "52": [
         -0.0020230752415955067,
         -0.07016510516405106,
         0.08690869808197021
      ],
      "53": [
         0.00759689137339592,
         -0.06714946031570435,
         0.08791255950927734
      ],
      "54": [
         0.015460830181837082,
         -0.061463821679353714,
         0.08430767059326172
      ],
      "55": [
         0.020035848021507263,
         -0.05303073301911354,
         0.08059287071228027
      ],
      "56": [
         0.01462068036198616,
         -0.058156486600637436,
         0.07700526714324951
      ],
      "57": [
         0.007885742001235485,
         -0.06413131952285767,
         0.0741264820098877
      ],
      "58": [
         -0.001393682206980884,
         -0.06697598099708557,
         0.07316935062408447
      ],
      "59": [
         -0.010927489958703518,
         -0.06659935414791107,
         0.07363247871398926
      ],
      "60": [
         -0.019421489909291267,
         -0.061399541795253754,
         0.07565522193908691
      ],
      "61": [
         -0.023130659013986588,
         -0.05404714494943619,
         0.07953751087188721
      ],
      "62": [
         -0.009588775224983692,
         -0.06433628499507904,
         0.08191573619842529
      ],
      "63": [
         -0.002102103317156434,
         -0.06555004417896271,
         0.08159959316253662
      ],
      "64": [
         0.0060042282566428185,
         -0.06305480003356934,
         0.08210504055023193
      ],
      "65": [
         0.01820959337055683,
         -0.052224576473236084,
         0.08099949359893799
      ],
      "66": [
         0.0061003901064395905,
         -0.06195835769176483,
         0.08070254325866699
      ],
      "67": [
         -0.0017638264689594507,
         -0.06421318650245667,
         0.08046329021453857
      ],
      "68": [
         -0.009436430409550667,
         -0.06301815807819366,
         0.08066308498382568
      ]
   },
   "keypoints_2d_coordinates": {
      "1": [
         53,
         24
      ],
      "2": [
         64,
         26
      ],
      "3": [
         74,
         28
      ],