{
   "keypoints_3d_coordinates": {
      "1": [
         -0.07318370044231415,
         0.047946538776159286,
         0.1618046760559082
      ],
      "2": [
         -0.07122956216335297,
         0.04211309924721718,
         0.14102435111999512
      ],
      "3": [
         -0.06798724085092545,
         0.03935891389846802,
         0.12091004848480225
      ],
      "4": [
         -0.06422530859708786,
         0.033086810261011124,
         0.0971909761428833
      ],
      "5": [
         -0.0571548230946064,
         0.0218565221875906,
         0.08134567737579346
      ],
      "6": [
         -0.04913244768977165,
         0.004757601767778397,
         0.07464134693145752
      ],
      "7": [
         -0.03782525286078453,
         -0.007426036521792412,
         0.06739318370819092
      ],
      "8": [
         -0.025853347033262253,
         -0.02175682783126831,
         0.06252479553222656
      ],
      "9": [
         0.0013738925335928798,
         -0.03439280018210411,
         0.059563279151916504
      ],
      "10": [
         0.02853805013000965,
         -0.02206207811832428,
         0.062462687492370605
      ],
      "11": [
         0.04017866775393486,
         -0.007652593776583672,
         0.06718266010284424
      ],
      "12": [
         0.05251959338784218,
         0.004555536899715662,
         0.07385098934173584
      ],
      "13": [
         0.061267755925655365,
         0.02075803279876709,
         0.0802927017211914
      ],
      "14": [
         0.06838678568601608,
         0.03138825297355652,
         0.09625518321990967
      ],
      "15": [
         0.07268277555704117,
         0.037271540611982346,
         0.11964678764343262
      ],
      "16": [
         0.07520942389965057,
         0.039830029010772705,
         0.139837384223938
      ],
      "17": [
         0.07762826234102249,
         0.044616829603910446,
         0.16061699390411377
      ],
      "18": [
         -0.04456273466348648,
         -0.01674729399383068,
         0.18180453777313232
      ],
      "19": [
         -0.042179033160209656,
         -0.01823534443974495,
         0.18553197383880615
      ],
      "20": [
         -0.03469548374414444,
         -0.023430896922945976,
         0.18768107891082764
      ],
      "21": [
         -0.026924485340714455,
         -0.026983093470335007,
         0.18795764446258545
      ],
      "22": [
         -0.015683583915233612,
         -0.029681194573640823,
         0.18653523921966553
      ],
      "23": [
         0.017479514703154564,
         -0.030205493792891502,
         0.18611228466033936
      ],
      "24": [
         0.028605014085769653,
         -0.027921995148062706,
         0.18704497814178467
      ],
      "25": [
         0.03677896410226822,
         -0.02429579384624958,
         0.1871248483657837
      ],
      "26": [
         0.04469176381826401,
         -0.019315743818879128,
         0.18486547470092773
      ],
      "27": [
         0.046804867684841156,
         -0.018135542050004005,
         0.18075180053710938
      ],
      "28": [
         0.0010524739045649767,
         -0.03048354759812355,
         0.17560851573944092
      ],
      "29": [
         0.0010607526637613773,
         -0.035631533712148666,
         0.16322052478790283
      ],
      "30": [
         0.0011258034501224756,
         -0.043692510575056076,
         0.15332889556884766
      ],
      "31": [
         0.0011584265157580376,
         -0.05303467437624931,
         0.13966822624206543
      ],
      "32": [
         -0.01715480163693428,
         -0.034282851964235306,
         0.12364387512207031
      ],
      "33": [
         -0.008561293594539165,
         -0.03872795030474663,
         0.12241661548614502
      ],
      "34": [
         0.001250385888852179,
         -0.04294705018401146,
         0.12171852588653564
      ],
      "35": [
         0.01115349866449833,
         -0.03902151808142662,
         0.12246084213256836
      ],
      "36": [
         0.020058976486325264,
         -0.03510674089193344,
         0.1232672929763794
      ],
      "37": [
         -0.04272622615098953,
         -0.01265750266611576,
         0.16789472103118896
      ],
      "38": [
         -0.035722967237234116,
         -0.021797269582748413,
         0.16861164569854736
      ],
      "39": [
         -0.026541048660874367,
         -0.022451123222708702,
         0.16875219345092773
      ],
      "40": [
         -0.017935598269104958,
         -0.019244389608502388,
         0.16691875457763672
      ],
      "41": [
         -0.026167405769228935,
         -0.021423550322651863,
         0.16508996486663818
      ],
      "42": [
         -0.03595123812556267,
         -0.02032463438808918,
         0.16446352005004883
      ],
      "43": [
         0.020664837211370468,
         -0.019465725868940353,
         0.16653728485107422
      ],
      "44": [
         0.028930936008691788,
         -0.023016540333628654,
         0.16799509525299072
      ],
      "45": [
         0.038034822791814804,
         -0.022449305281043053,
         0.16775941848754883
      ],
      "46": [
         0.04451015591621399,
         -0.014683647081255913,
         0.16633808612823486
      ],
      "47": [
         0.038245975971221924,
         -0.020907491445541382,
         0.16388416290283203
      ],
      "48": [
         0.02860548533499241,
         -0.02204289473593235,
         0.16444456577301025
      ],
      "49": [
         -0.02908059023320675,
         -0.023893749341368675,
         0.0962362289428711
      ],
      "50": [
         -0.021170469000935555,
         -0.03513951227068901,
         0.10217094421386719
      ],
      "51": [
         -0.010456482879817486,
         -0.04121949523687363,
         0.106231689453125
      ],
      "52": [
         0.0015190817648544908,
         -0.0443657748401165,
         0.10567963123321533
      ],
      "53": [
         0.013596157543361187,
         -0.041474249213933945,
         0.10601842403411865
      ],
      "54": [
         0.024787945672869682,
         -0.034805528819561005,
         0.10226011276245117
      ],
      "55": [
         0.03209466487169266,
         -0.02167893759906292,
         0.09638440608978271
      ],
      "56": [
         0.025495940819382668,
         -0.029916228726506233,
         0.09349274635314941
      ],
      "57": [
         0.015550979413092136,
         -0.03741837292909622,
         0.0918886661529541
      ],
      "58": [
         0.0023491543252021074,
         -0.041301146149635315,
         0.09162008762359619
      ],
      "59": [
         -0.011041749268770218,
         -0.0388413667678833,
         0.09156274795532227
      ],
      "60": [
         -0.021863244473934174,
         -0.031371213495731354,
         0.09238660335540771
      ],
      "61": [
         -0.027128687128424644,
         -0.023044615983963013,
         0.09754014015197754
      ],
      "62": [
         -0.008360529318451881,
         -0.03754002973437309,
         0.10035228729248047
      ],
      "63": [
         0.0017845190595835447,
         -0.038699790835380554,
         0.10030221939086914
      ],
      "64": [
         0.012475073337554932,
         -0.03740936517715454,
         0.1001739501953125
      ],
      "65": [
         0.029943294823169708,
         -0.02061653882265091,
         0.09769999980926514
      ],
      "66": [
         0.013368702493607998,
         -0.035710930824279785,
         0.10074186325073242
      ],
      "67": [
         0.0016193377086892724,
         -0.03782763332128525,
         0.10040009021759033
      ],
      "68": [
         -0.00946684367954731,
         -0.03664340078830719,
         0.10060739517211914
      ]
   },
   "keypoints_2d_coordinates": {
      "1": [
         41,
         23
      ],
      "2": [
         52,
         24
      ],
      "3": [
         63,
         26
      ],