{
   "version": "1.0.0",
   "eyelid_closure_intensity_level": 1,
   "identity_id": "be5b4bba-2a96-43be-96c9-8869c0a0926e",
   "facial_hair_included": false,
   "center_of_pupil_point": {
      "2d": {
         "camera": {
            "right_eye": {
               "x": 41.565454872298474,
               "y": 40.93722789830131
            },
            "left_eye": {
               "x": 40.84626301209966,
               "y": 81.14654750393079
            }
         }
      },
      "3d": {
         "right_eye": {
            "x": -0.038504064083099365,
            "y": -0.0719718188047409,
            "z": 0.1574552208185196
         },
         "left_eye": {
            "x": 0.02863321267068386,
            "y": -0.07162582129240036,
            "z": 0.15866468846797943
         }
      }
   },
   "face_expression": {
      "intensity_level": 4.930253123662457,
      "name": "sadness"
   },
   "center_of_iris_point": {
      "2d": {
         "camera": {
            "right_eye": {
               "x": 41.625944348065104,
               "y": 40.85660112334156
            },
            "left_eye": {
               "x": 40.90548330758872,
               "y": 81.09872282642726
            }
         }
      },
      "3d": {
         "right_eye": {
            "x": -0.038629043847322464,
            "y": -0.07235262542963028,
            "z": 0.15734492242336273
         },
         "left_eye": {
            "x": 0.028546229004859924,
            "y": -0.07200697064399719,
            "z": 0.15855617821216583
         }
      }
   },
   "apex_of_cornea_point": {
      "2d": {
         "camera": {
            "right_eye": {
               "x": 42.07861292505305,
               "y": 40.253826646720626
            },
            "left_eye": {
               "x": 41.3433200069704,
               "y": 80.745847192296
            }
         }
      },
      "3d": {
         "right_eye": {
            "x": -0.03956133872270584,
            "y": -0.07519732415676117,
            "z": 0.15652123093605042
         },
         "left_eye": {
            "x": 0.027905795723199844,
            "y": -0.07481127232313156,
            "z": 0.1577557921409607
         }
      }
   },
   "eye_gaze": {
      "axis_directions": {
         "right_eye": {
            "axis_directions": {
               "visual_axis_direction": {
                  "x": -0.23871139453427656,
                  "y": -0.9335722972148646,
                  "z": -0.2673193520725005
               },
               "optical_axis_direction": {
                  "x": -0.3003178638669598,
                  "y": -0.9162017520544325,
                  "z": -0.26529894491832107
               }
            }
         },
         "left_eye": {
            "axis_directions": {
               "visual_axis_direction": {
                  "x": -0.1735087681462582,
                  "y": -0.9567625680961114,
                  "z": -0.23345255549361996
               },
               "optical_axis_direction": {
                  "x": -0.21448186377491477,
                  "y": -0.9392432722361941,
                  "z": -0.26799180149901136
               }
            }
         }
      },
      "target_point": {
         "right_eye": {
            "x": -1.2180206775665283,
            "y": -4.313637733459473,
            "z": -1.0295205116271973
         },
         "left_eye": {
            "x": -1.2180206775665283,
            "y": -4.313637733459473,
            "z": -1.0295205116271973
         }
      },
      "eye_gaze_direction_type": "custom"
   },
   "identity_label": {
      "age": "adult",
      "ethnicity": "north_european",
      "gender": "female"
   },
   "center_of_rotation_point": {
      "2d": {
         "camera": {
            "right_eye": {
               "x": 40.00496782026782,
               "y": 43.02106383918746
            },
            "left_eye": {
               "x": 39.30754275878758,
               "y": 82.38811180168764
            }
         }
      },
      "3d": {
         "right_eye": {
            "x": -0.035252440720796585,
            "y": -0.06205066293478012,
            "z": 0.16032060980796814
         },
         "left_eye": {
            "x": 0.030906377360224724,
            "y": -0.06167794391512871,
            "z": 0.16150259971618652
         }
      }
   },
   "accessories": [],
   "iris_circle": {
      "2d": {
         "camera": {
            "right_eye": [
               {
                  "x": 37.21713142946088,
                  "y": 40.637737159044434
               },
               {
                  "x": 37.89928061076298,
                  "y": 42.82638031291985
               },
               {
                  "x": 39.5876617671072,
                  "y": 44.48103678189686
               },
               {
                  "x": 41.827252163178,
                  "y": 45.15593780087941
               },
               {
                  "x": 44.014829901966465,
                  "y": 44.670511321196415
               },
               {
                  "x": 45.56320683526522,
                  "y": 43.158015994022364
               },
               {
                  "x": 46.059986509311116,
                  "y": 41.026028151826864
               },
               {
                  "x": 45.37512941838675,
                  "y": 38.84532133147983
               },
               {
                  "x": 43.69325338669318,
                  "y": 37.197221477175376
               },
               {
                  "x": 41.462425888978004,
                  "y": 36.52087497146747
               },
               {
                  "x": 39.27754009626594,
                  "y": 36.99835190582475
               },
               {
                  "x": 37.72267377100079,
                  "y": 38.50424652151227
               }
            ],
            "left_eye": [
               {
                  "x": 36.60209134632989,
                  "y": 80.93925698745483
               },
               {
                  "x": 37.216913167884606,
                  "y": 83.14164668324042
               },
               {
                  "x": 38.82643502528871,
                  "y": 84.79267487857922
               },
               {
                  "x": 40.99679584172909,
                  "y": 85.44820926830937
               },
               {
                  "x": 43.1445393835295,
                  "y": 84.93361787058242
               },
               {
                  "x": 44.69401400467927,
                  "y": 83.38927712397786
               },
               {
                  "x": 45.23181722249156,
                  "y": 81.23068133966923
               },
               {
                  "x": 44.61666539179255,
                  "y": 79.035434208868
               },
               {
                  "x": 43.013137848598475,
                  "y": 77.3891163928342
               },
               {
                  "x": 40.848871327185925,
                  "y": 76.73093517530188
               },
               {
                  "x": 38.70188753947677,
                  "y": 77.23865924960357
               },
               {
                  "x": 37.14671485454492,
                  "y": 78.7782863305221
               }
            ]
         }
      },
      "3d": {
         "right_eye": [
            {
               "x": -0.03893961384892464,
               "y": -0.07449711114168167,
               "z": 0.16464099287986755
            },
            {
               "x": -0.035271573811769485,
               "y": -0.07536449283361435,
               "z": 0.1634792685508728
            },
            {
               "x": -0.032513249665498734,
               "y": -0.07545610517263412,
               "z": 0.16066427528858185
            },
            {
               "x": -0.03140364587306976,
               "y": -0.07474716007709503,