{
   "keypoints_3d_coordinates": {
      "1": [
         -0.06745383888483047,
         0.006121087819337845,
         0.13271045684814453
      ],
      "2": [
         -0.06675515323877335,
         0.004359474405646324,
         0.11550641059875488
      ],
      "3": [
         -0.06614726781845093,
         0.006094828248023987,
         0.09813845157623291
      ],
      "4": [
         -0.06268445402383804,
         0.0048025548458099365,
         0.07831072807312012
      ],
      "5": [
         -0.05579910799860954,
         -0.002883218228816986,
         0.06344711780548096
      ],
      "6": [
         -0.049489159137010574,
         -0.017697256058454514,
         0.05418050289154053
      ],
      "7": [
         -0.03983845189213753,
         -0.027427922934293747,
         0.0473179817199707
      ],
      "8": [
         -0.028645969927310944,
         -0.03747280687093735,
         0.04343438148498535
      ],
      "9": [
         -0.005969819612801075,
         -0.045577965676784515,
         0.0387190580368042
      ],
      "10": [
         0.016238009557127953,
         -0.03751643747091293,
         0.04582357406616211
      ],
      "11": [
         0.028276558965444565,
         -0.02806818298995495,
         0.050423622131347656
      ],
      "12": [
         0.03714393079280853,
         -0.01820315420627594,
         0.058359622955322266
      ],
      "13": [
         0.043175142258405685,
         -0.0029563792049884796,
         0.06785595417022705
      ],
      "14": [
         0.04874242842197418,
         0.005321534350514412,
         0.08227753639221191
      ],
      "15": [
         0.05100938305258751,
         0.006980419158935547,
         0.10090053081512451
      ],
      "16": [
         0.050805844366550446,
         0.004855833947658539,
         0.11762142181396484
      ],
      "17": [
         0.05013579875230789,
         0.006780438125133514,
         0.1350390911102295
      ],
      "18": [
         -0.052335165441036224,
         -0.041044436395168304,
         0.14702367782592773
      ],
      "19": [
         -0.04944436252117157,
         -0.04429793730378151,
         0.14873886108398438
      ],
      "20": [
         -0.042463310062885284,
         -0.04968643933534622,
         0.15107190608978271
      ],
      "21": [
         -0.03468576446175575,
         -0.054402586072683334,
         0.15203464031219482
      ],
      "22": [
         -0.02494681440293789,
         -0.056896038353443146,
         0.15060043334960938
      ],
      "23": [
         0.0068422360345721245,
         -0.05641033500432968,
         0.15140986442565918
      ],
      "24": [
         0.016765836626291275,
         -0.05313163995742798,
         0.1528257131576538
      ],
      "25": [
         0.02443663775920868,
         -0.04868528991937637,
         0.15233469009399414
      ],
      "26": [
         0.031536687165498734,
         -0.04329663887619972,
         0.15013444423675537
      ],
      "27": [
         0.03437948599457741,
         -0.04000403732061386,
         0.14837491512298584
      ],
      "28": [
         -0.008871777914464474,
         -0.057124871760606766,
         0.1380929946899414
      ],
      "29": [
         -0.00864965096116066,
         -0.06157425045967102,
         0.12641704082489014
      ],
      "30": [
         -0.008329453878104687,
         -0.0663461685180664,
         0.11910867691040039
      ],
      "31": [
         -0.00783153809607029,
         -0.07290028035640717,
         0.10716784000396729
      ],
      "32": [
         -0.020907513797283173,
         -0.052942901849746704,
         0.09557271003723145
      ],
      "33": [
         -0.014921904541552067,
         -0.056777019053697586,
         0.09360194206237793
      ],
      "34": [
         -0.008122519589960575,
         -0.05921340733766556,
         0.09327042102813721
      ],
      "35": [
         -0.0011917585507035255,
         -0.0563851073384285,
         0.09357750415802002
      ],
      "36": [
         0.004814464598894119,
         -0.05298298969864845,
         0.0962456464767456
      ],
      "37": [
         -0.04512137919664383,
         -0.0419124960899353,
         0.13070249557495117
      ],
      "38": [
         -0.03902271389961243,
         -0.04984913021326065,
         0.1334606409072876
      ],
      "39": [
         -0.030390171334147453,
         -0.04953538626432419,
         0.13418984413146973
      ],
      "40": [
         -0.023455144837498665,
         -0.04522242024540901,
         0.1310492753982544
      ],
      "41": [
         -0.029978139325976372,
         -0.04809466749429703,
         0.1285092830657959
      ],
      "42": [
         -0.0389675572514534,
         -0.04697331786155701,
         0.12800085544586182
      ],
      "43": [
         0.005489298142492771,
         -0.04550883173942566,
         0.13163185119628906
      ],
      "44": [
         0.013004360720515251,
         -0.049410130828619,
         0.13526642322540283
      ],
      "45": [
         0.021891070529818535,
         -0.049773529171943665,
         0.13529229164123535
      ],
      "46": [
         0.027427971363067627,
         -0.04174456745386124,
         0.1319441795349121
      ],
      "47": [
         0.022287068888545036,
         -0.047056857496500015,
         0.12910878658294678
      ],
      "48": [
         0.0127324890345335,
         -0.048278458416461945,
         0.12963831424713135
      ],
      "49": [
         -0.029353708028793335,
         -0.047480881214141846,
         0.07204091548919678
      ],
      "50": [
         -0.023701684549450874,
         -0.05534393712878227,
         0.07698237895965576
      ],
      "51": [
         -0.016512617468833923,
         -0.059785906225442886,
         0.08064877986907959
      ],
      "52": [
         -0.007640893571078777,
         -0.06168204918503761,
         0.08120286464691162
      ],
      "53": [
         0.0012764530256390572,
         -0.05935072898864746,
         0.0808190107345581
      ],
      "54": [
         0.008273471146821976,
         -0.05498106777667999,
         0.07791316509246826
      ],
      "55": [
         0.013044934719800949,
         -0.04741915315389633,
         0.07315921783447266
      ],
      "56": [
         0.008573334664106369,
         -0.053691718727350235,
         0.07033872604370117
      ],
      "57": [
         0.0019718538969755173,
         -0.05810041353106499,
         0.06894266605377197
      ],
      "58": [
         -0.007283929269760847,
         -0.060649532824754715,
         0.0677182674407959
      ],
      "59": [
         -0.01637810468673706,
         -0.058916542679071426,
         0.06832778453826904
      ],
      "60": [
         -0.02411719039082527,
         -0.053174398839473724,
         0.06944155693054199
      ],
      "61": [
         -0.027830926701426506,
         -0.045590125024318695,
         0.0722951889038086
      ],
      "62": [
         -0.01466657780110836,
         -0.055977076292037964,
         0.07594060897827148
      ],
      "63": [
         -0.0075395070016384125,
         -0.056813064962625504,
         0.07598364353179932
      ],
      "64": [
         -0.00033774692565202713,
         -0.055313561111688614,
         0.07613050937652588
      ],
      "65": [
         0.01153072714805603,
         -0.04625292867422104,
         0.07323956489562988
      ],
      "66": [
         -9.793834760785103e-05,
         -0.054306983947753906,
         0.0746002197265625
      ],
      "67": [
         -0.007568379398435354,
         -0.05628921091556549,
         0.07428908348083496
      ],
      "68": [
         -0.014984773471951485,
         -0.05494362488389015,
         0.07436239719390869
      ]
   },
   "keypoints_2d_coordinates": {
      "1": [
         57,
         26
      ],
      "2": [
         67,
         26
      ],
      "3": [
         76,
         26
      ],