{
   "version": "1.0.0",
   "identity_id": "e019b6ec-9730-4743-857f-5780f6f2ab88",
   "head_metadata": {
      "head_root_location": {
         "x": 0.0,
         "y": 0.0,
         "z": 0.0
      },
      "head_six_dof": {
         "location": {
            "x": -1.9550439901649952e-05,
            "y": -0.04915762320160866,
            "z": 0.16797125339508057
         },
         "look_at_vector": {
            "x": 8.74227803627227e-08,
            "y": -0.9999999999999962,
            "z": 9.553428304548457e-16
         }
      },
      "head_rotation": {
         "yaw": 0.0,
         "pitch": 0.0,
         "roll": 0.0
      }
   },
   "identity_label": {
      "age": "adult",
      "ethnicity": "mediterranean",
      "gender": "male"
   },
   "apex_of_cornea_point": {
      "2d": {
         "camera": {
            "right_eye": {
               "x": 37.86507015176218,
               "y": 43.71754814616743
            },
            "left_eye": {
               "x": 38.54323588976889,
               "y": 81.69726826851658
            }
         }
      },
      "3d": {
         "right_eye": {
            "x": -0.034637950360774994,
            "y": -0.03696741908788681,
            "z": 0.16463269293308258
         },
         "left_eye": {
            "x": 0.030185937881469727,
            "y": -0.03888556733727455,
            "z": 0.16342118382453918
         }
      }
   },
   "center_of_iris_point": {
      "2d": {
         "camera": {
            "right_eye": {
               "x": 38.29560065831483,
               "y": 44.1846277016814
            },
            "left_eye": {
               "x": 38.97259306232863,
               "y": 81.88018228282489
            }
         }
      },
      "3d": {
         "right_eye": {
            "x": -0.03389182314276695,
            "y": -0.034586790949106216,
            "z": 0.16396430134773254
         },
         "left_eye": {
            "x": 0.030545517802238464,
            "y": -0.03644973039627075,
            "z": 0.16275544464588165
         }
      }
   },
   "accessories": [],
   "face_expression": {
      "name": "anger",
      "intensity_level": 2.052581800147222
   },
   "eyelid_closure_intensity_level": 0,
   "facial_hair_included": false,
   "pupil_circle": {
      "2d": {
         "camera": {
            "right_eye": [
               {
                  "x": 36.89843810747944,
                  "y": 44.296283709362534
               },
               {
                  "x": 37.04975925342868,
                  "y": 45.0084779088006
               },
               {
                  "x": 37.55058682854284,
                  "y": 45.51738993317981
               },
               {
                  "x": 38.26712332565072,
                  "y": 45.68621209900692
               },
               {
                  "x": 39.007421281585714,
                  "y": 45.469473941152756
               },
               {
                  "x": 39.57266029038034,
                  "y": 44.925033138221565
               },
               {
                  "x": 39.81080053730707,
                  "y": 44.19928782446969
               },
               {
                  "x": 39.65855663619385,
                  "y": 43.48712335287853
               },
               {
                  "x": 39.15709939505742,
                  "y": 42.97911265494628
               },
               {
                  "x": 38.44048275812946,
                  "y": 42.81130043024638
               },
               {
                  "x": 37.70120752608572,
                  "y": 43.02812098993455
               },
               {
                  "x": 37.13697307423436,
                  "y": 43.57158202977152
               }
            ],
            "left_eye": [
               {
                  "x": 37.58941749062311,
                  "y": 81.94814779034449
               },
               {
                  "x": 37.77682498289133,
                  "y": 82.6832573681896
               },
               {
                  "x": 38.30043405683315,
                  "y": 83.2101295740035
               },
               {
                  "x": 39.01999625165841,
                  "y": 83.3876493111445
               },
               {
                  "x": 39.742349303680214,
                  "y": 83.16741940592127
               },
               {
                  "x": 40.27436954632493,
                  "y": 82.60885730552715
               },
               {
                  "x": 40.4729160626741,
                  "y": 81.86166491376096
               },
               {
                  "x": 40.284845832112254,
                  "y": 81.12611761443434
               },
               {
                  "x": 39.76090356775526,
                  "y": 80.59965094243962
               },
               {
                  "x": 39.04163382459633,
                  "y": 80.423079524308
               },
               {
                  "x": 38.31957219956615,
                  "y": 80.6434249918527
               },
               {
                  "x": 37.78794443820467,
                  "y": 81.20162257491417
               }
            ]
         }
      },
      "3d": {
         "right_eye": [
            {
               "x": -0.033722519874572754,
               "y": -0.03358016908168793,
               "z": 0.1663837879896164
            },
            {
               "x": -0.03249402716755867,
               "y": -0.03404216095805168,
               "z": 0.16611120104789734
            },
            {
               "x": -0.03161277249455452,
               "y": -0.03456303849816322,
               "z": 0.16523924469947815
            },
            {
               "x": -0.03131520003080368,
               "y": -0.035003721714019775,
               "z": 0.16400128602981567
            },
            {
               "x": -0.03168090060353279,
               "y": -0.03524600341916084,
               "z": 0.16272881627082825
            },
            {
               "x": -0.0326121486723423,
               "y": -0.03522492200136185,
               "z": 0.1617630124092102
            },
            {
               "x": -0.03385898098349571,
               "y": -0.034945838153362274,
               "z": 0.16136324405670166
            },
            {
               "x": -0.03508712351322174,
               "y": -0.034484051167964935,
               "z": 0.1616358608007431
            },
            {
               "x": -0.03596803918480873,
               "y": -0.03396300598978996,
               "z": 0.16250774264335632
            },
            {
               "x": -0.03626537695527077,
               "y": -0.03352238982915878,
               "z": 0.16374622285366058
            },
            {
               "x": -0.03589982911944389,
               "y": -0.033280182629823685,
               "z": 0.1650184839963913
            },
            {
               "x": -0.03496905416250229,
               "y": -0.033301420509815216,
               "z": 0.16598372161388397
            }
         ],
         "left_eye": [
            {
               "x": 0.030681177973747253,
               "y": -0.035452719777822495,
               "z": 0.16514715552330017
            },
            {
               "x": 0.03193220496177673,
               "y": -0.03572677820920944,
               "z": 0.16481894254684448
            },
            {
               "x": 0.03282474726438522,
               "y": -0.03610570356249809,
               "z": 0.16391338407993317
            },
            {
               "x": 0.03311997652053833,
               "y": -0.03648819774389267,
               "z": 0.16267341375350952
            },
            {
               "x": 0.03273782506585121,
               "y": -0.03677145391702652,
               "z": 0.1614319086074829
            },
            {
               "x": 0.03178159520030022,
               "y": -0.03688012436032295,