{
   "version": "1.0.0",
   "identity_label": {
      "age": "old",
      "ethnicity": "hispanic",
      "gender": "female"
   },
   "identity_id": "5c468b04-3b96-4651-9a4b-50e5ad3c0174",
   "center_of_rotation_point": {
      "2d": {
         "camera": {
            "right_eye": {
               "x": 40.161325582718504,
               "y": 46.394799824405524
            },
            "left_eye": {
               "x": 40.64338938570936,
               "y": 81.67322877175532
            }
         }
      },
      "3d": {
         "right_eye": {
            "x": -0.0298678670078516,
            "y": -0.04725714027881622,
            "z": 0.16044318675994873
         },
         "left_eye": {
            "x": 0.030007096007466316,
            "y": -0.04602378234267235,
            "z": 0.159656822681427
         }
      }
   },
   "facial_hair_included": false,
   "center_of_iris_point": {
      "2d": {
         "camera": {
            "right_eye": {
               "x": 38.94933040843149,
               "y": 47.280167440762284
            },
            "left_eye": {
               "x": 39.50162709886781,
               "y": 84.07921035355373
            }
         }
      },
      "3d": {
         "right_eye": {
            "x": -0.02813892997801304,
            "y": -0.05967645347118378,
            "z": 0.16215945780277252
         },
         "left_eye": {
            "x": 0.03383095934987068,
            "y": -0.05793037265539169,
            "z": 0.1612766981124878
         }
      }
   },
   "apex_of_cornea_point": {
      "2d": {
         "camera": {
            "right_eye": {
               "x": 38.61539902355741,
               "y": 47.523837441229205
            },
            "left_eye": {
               "x": 39.18750828282142,
               "y": 84.73887301135022
            }
         }
      },
      "3d": {
         "right_eye": {
            "x": -0.027667997404932976,
            "y": -0.06305630505084991,
            "z": 0.162627711892128
         },
         "left_eye": {
            "x": 0.034869156777858734,
            "y": -0.061163097620010376,
            "z": 0.16171830892562866
         }
      }
   },
   "eye_gaze": {
      "axis_directions": {
         "right_eye": {
            "axis_directions": {
               "visual_axis_direction": {
                  "x": 0.19973714471896994,
                  "y": -0.9705212058974048,
                  "z": 0.1348838831104763
               },
               "optical_axis_direction": {
                  "x": 0.13671025377775228,
                  "y": -0.9812430585676469,
                  "z": 0.13591308445043826
               }
            }
         },
         "left_eye": {
            "axis_directions": {
               "visual_axis_direction": {
                  "x": 0.17194958219756537,
                  "y": -0.9763146553315122,
                  "z": 0.1313127372610645
               },
               "optical_axis_direction": {
                  "x": 0.303238340995926,
                  "y": -0.9441570978350751,
                  "z": 0.12889485310782184
               }
            }
         }
      },
      "target_point": {
         "right_eye": {
            "x": 0.6172349452972412,
            "y": -3.033379554748535,
            "z": 0.6113724708557129
         },
         "left_eye": {
            "x": 0.6172349452972412,
            "y": -3.033379554748535,
            "z": 0.6113724708557129
         }
      },
      "eye_gaze_direction_type": "custom"
   },
   "iris_circle": {
      "2d": {
         "camera": {
            "right_eye": [
               {
                  "x": 33.919921527567865,
                  "y": 47.24257984138803
               },
               {
                  "x": 34.620148924055684,
                  "y": 49.766826880095074
               },
               {
                  "x": 36.47522838631358,
                  "y": 51.62716014727775
               },
               {
                  "x": 38.989595976847006,
                  "y": 52.32674081968947
               },
               {
                  "x": 41.49198248368314,
                  "y": 51.67789919649874
               },
               {
                  "x": 43.31161119866385,
                  "y": 49.852331458765704
               },
               {
                  "x": 43.95953221695398,
                  "y": 47.337435109090606
               },
               {
                  "x": 43.26065199471784,
                  "y": 44.80838657948908
               },
               {
                  "x": 41.40163926831102,
                  "y": 42.94386656443805
               },
               {
                  "x": 38.88200190458271,
                  "y": 42.24541932336139
               },
               {
                  "x": 36.378300652924544,
                  "y": 42.89971178313352
               },
               {
                  "x": 34.56283413843711,
                  "y": 44.72954953215847
               }
            ],
            "left_eye": [
               {
                  "x": 34.499898808035205,
                  "y": 84.05664276622807
               },
               {
                  "x": 35.27838182967879,
                  "y": 86.44793390310186
               },
               {
                  "x": 37.18245707983454,
                  "y": 88.21012168584114
               },
               {
                  "x": 39.703405365630466,
                  "y": 88.87384675788515
               },
               {
                  "x": 42.16872106945445,
                  "y": 88.26180315455147
               },
               {
                  "x": 43.91990747685542,
                  "y": 86.53522046405253
               },
               {
                  "x": 44.485895506763406,
                  "y": 84.15395896899113
               },
               {
                  "x": 43.712317292370294,
                  "y": 81.75538843669526
               },
               {
                  "x": 41.80414543863097,
                  "y": 79.98516039209404
               },
               {
                  "x": 39.27374047100367,
                  "y": 79.32036387987866
               },
               {
                  "x": 36.8035031187497,
                  "y": 79.93947390278551
               },
               {
                  "x": 35.05676337619868,
                  "y": 81.67420464170453
               }
            ]
         }
      },
      "3d": {
         "right_eye": [
            {
               "x": -0.028220953419804573,
               "y": -0.058651577681303024,
               "z": 0.1706574708223343
            },
            {
               "x": -0.02397656999528408,
               "y": -0.05822278931736946,
               "z": 0.1694919914007187
            },
            {
               "x": -0.0208427831530571,
               "y": -0.05821925401687622,
               "z": 0.16636711359024048
            },
            {
               "x": -0.01965891756117344,
               "y": -0.05864110589027405,
               "z": 0.16211998462677002
            },
            {
               "x": -0.020741723477840424,
               "y": -0.05937698110938072,
               "z": 0.15788762271404266
            },
            {
               "x": -0.023801540955901146,
               "y": -0.060227714478969574,
               "z": 0.15480542182922363
            },
            {
               "x": -0.02801906317472458,
               "y": -0.06096655875444412,
               "z": 0.15369920432567596
            },
            {
               "x": -0.03226280212402344,
               "y": -0.061395857483148575,
               "z": 0.15486468374729156
            },
            {
               "x": -0.03539713844656944,
               "y": -0.061399638652801514,
               "z": 0.1579897552728653
            },
            {
               "x": -0.036581333726644516,