{
   "version": "1.0.0",
   "center_of_pupil_point": {
      "2d": {
         "camera": {
            "right_eye": {
               "x": 495.26071384445004,
               "y": 643.2605686216177
            },
            "left_eye": {
               "x": 467.658611673493,
               "y": 810.9103279832271
            }
         }
      },
      "3d": {
         "right_eye": {
            "x": 0.034467872232198715,
            "y": -0.06326683610677719,
            "z": 0.12439559400081635
         },
         "left_eye": {
            "x": 0.08019991964101791,
            "y": -0.02981334552168846,
            "z": 0.13189713656902313
         }
      }
   },
   "identity_label": {
      "age": "young",
      "ethnicity": "mediterranean",
      "gender": "female"
   },
   "apex_of_cornea_point": {
      "2d": {
         "camera": {
            "right_eye": {
               "x": 497.2363265107697,
               "y": 650.1638714236349
            },
            "left_eye": {
               "x": 469.32824071454155,
               "y": 819.1618302154579
            }
         }
      },
      "3d": {
         "right_eye": {
            "x": 0.03621579334139824,
            "y": -0.06601264327764511,
            "z": 0.123869888484478
         },
         "left_eye": {
            "x": 0.08228139579296112,
            "y": -0.03233712539076805,
            "z": 0.1314307600259781
         }
      }
   },
   "center_of_rotation_point": {
      "2d": {
         "camera": {
            "right_eye": {
               "x": 489.10480125463187,
               "y": 621.8117436263893
            },
            "left_eye": {
               "x": 462.47269063226736,
               "y": 785.3031107071907
            }
         }
      },
      "3d": {
         "right_eye": {
            "x": 0.02899685688316822,
            "y": -0.05467294529080391,
            "z": 0.12604570388793945
         },
         "left_eye": {
            "x": 0.0736972987651825,
            "y": -0.021933630108833313,
            "z": 0.1333552449941635
         }
      }
   },
   "eye_gaze": {
      "axis_directions": {
         "right_eye": {
            "axis_directions": {
               "visual_axis_direction": {
                  "x": 0.5831700613098172,
                  "y": -0.7980842152971228,
                  "z": -0.15157263897379342
               },
               "optical_axis_direction": {
                  "x": 0.5301344784295154,
                  "y": -0.8327876153762538,
                  "z": -0.15944347730841246
               }
            }
         },
         "left_eye": {
            "axis_directions": {
               "visual_axis_direction": {
                  "x": 0.9283379471121525,
                  "y": -0.3643600449588477,
                  "z": -0.07369133998768786
               },
               "optical_axis_direction": {
                  "x": 0.6298973296366486,
                  "y": -0.7637474965254081,
                  "z": -0.14113509722174333
               }
            }
         }
      },
      "target_point": {
         "right_eye": {
            "x": 8.5836820602417,
            "y": -12.07102108001709,
            "z": -2.5373358726501465
         },
         "left_eye": {
            "x": 8.5836820602417,
            "y": -12.07102108001709,
            "z": -2.5373358726501465
         }
      },
      "eye_gaze_direction_type": "custom"
   },
   "accessories": [],
   "head_metadata": {
      "head_six_dof": {
         "location": {
            "x": 0.0660567507147789,
            "y": -0.05934184044599533,
            "z": 0.12997713685035706
         },
         "look_at_vector": {
            "x": 0.5692018996476462,
            "y": -0.8027162139077564,
            "z": -0.17792098630321243
         }
      },
      "head_root_location": {
         "x": 0.0,
         "y": 0.0,
         "z": 0.0
      },
      "head_rotation": {
         "roll": 0.0,
         "pitch": 12.485471397114711,
         "yaw": 34.69461524761843
      }
   },
   "center_of_iris_point": {
      "2d": {
         "camera": {
            "right_eye": {
               "x": 495.4967033482608,
               "y": 644.0868843910555
            },
            "left_eye": {
               "x": 467.8579992336239,
               "y": 811.8943728310092
            }
         }
      },
      "3d": {
         "right_eye": {
            "x": 0.0346774198114872,
            "y": -0.06359627842903137,
            "z": 0.12433269619941711
         },
         "left_eye": {
            "x": 0.08044847100973129,
            "y": -0.030115334317088127,
            "z": 0.13184136152267456
         }
      }
   },
   "pupil_circle": {
      "2d": {
         "camera": {
            "right_eye": [
               {
                  "x": 484.343209818214,
                  "y": 643.0839312236013
               },
               {
                  "x": 485.1346408455998,
                  "y": 647.743627418376
               },
               {
                  "x": 488.6343351648062,
                  "y": 651.1983891665988
               },
               {
                  "x": 493.90558066936416,
                  "y": 652.5254869796897
               },
               {
                  "x": 499.53758311069083,
                  "y": 651.3734201752577
               },
               {
                  "x": 504.0236523422189,
                  "y": 648.0475057636269
               },
               {
                  "x": 506.1665241505125,
                  "y": 643.4379943406058
               },
               {
                  "x": 505.3878091513844,
                  "y": 638.77671837204
               },
               {
                  "x": 501.8937584807901,
                  "y": 635.3120386527235
               },
               {
                  "x": 496.6156262181743,
                  "y": 633.9769410313494
               },
               {
                  "x": 490.9726817685499,
                  "y": 635.133211563618
               },
               {
                  "x": 486.4810662506547,
                  "y": 638.4682679867414
               }
            ],
            "left_eye": [
               {
                  "x": 456.96153704890816,
                  "y": 810.7958492437047
               },
               {
                  "x": 457.65612729735483,
                  "y": 814.850676554524
               },
               {
                  "x": 461.02812356642016,
                  "y": 817.8445032137179
               },
               {
                  "x": 466.17273228829293,
                  "y": 818.9805662641434
               },
               {
                  "x": 471.710906072921,
                  "y": 817.9559117779565
               },
               {
                  "x": 476.1650272208515,
                  "y": 815.0452166767483
               },
               {
                  "x": 478.344584613398,
                  "y": 811.0224605749846
               },
               {
                  "x": 477.6622184708086,
                  "y": 806.9661226424449
               },
               {
                  "x": 474.2959074062409,
                  "y": 803.9608322178012
               },
               {
                  "x": 469.1466943988031,
                  "y": 802.8190561076154
               },
               {
                  "x": 463.59495560212986,
                  "y": 803.8454784184512
               },
               {
                  "x": 459.13476611391917,
                  "y": 806.7669845056171
               }
            ]
         }
      },
      "3d": {
         "right_eye": [
            {
               "x": 0.0344083234667778,
               "y": -0.06385459750890732,
               "z": 0.12725965678691864
            },
            {
               "x": 0.03565068170428276,
               "y": -0.06302551180124283,