{
   "keypoints_3d_coordinates": {
      "1": [
         -0.058455999940633774,
         0.012962590903043747,
         0.126908540725708
      ],
      "2": [
         -0.058225858956575394,
         0.007464591413736343,
         0.1116325855255127
      ],
      "3": [
         -0.057949990034103394,
         0.008066358044743538,
         0.09498822689056396
      ],
      "4": [
         -0.05510551854968071,
         0.007362145930528641,
         0.07549905776977539
      ],
      "5": [
         -0.050024084746837616,
         0.0007064715027809143,
         0.06020092964172363
      ],
      "6": [
         -0.042897485196590424,
         -0.011961352080106735,
         0.05076861381530762
      ],
      "7": [
         -0.034145552664995193,
         -0.020850172266364098,
         0.041741013526916504
      ],
      "8": [
         -0.024380700662732124,
         -0.028793878853321075,
         0.03356432914733887
      ],
      "9": [
         -0.0024598967283964157,
         -0.0323067232966423,
         0.02491319179534912
      ],
      "10": [
         0.018383724614977837,
         -0.028446855023503304,
         0.03516221046447754
      ],
      "11": [
         0.028683524578809738,
         -0.021201834082603455,
         0.043157100677490234
      ],
      "12": [
         0.03701000288128853,
         -0.01284676045179367,
         0.05224573612213135
      ],
      "13": [
         0.04333062097430229,
         -0.0006384141743183136,
         0.061803460121154785
      ],
      "14": [
         0.048358045518398285,
         0.005739754065871239,
         0.07570016384124756
      ],
      "15": [
         0.04999060928821564,
         0.0057669226080179214,
         0.09385621547698975
      ],
      "16": [
         0.05023576691746712,
         0.004525167867541313,
         0.10927474498748779
      ],
      "17": [
         0.050731927156448364,
         0.008672591298818588,
         0.12407290935516357
      ],
      "18": [
         -0.04544714465737343,
         -0.02995646372437477,
         0.14448225498199463
      ],
      "19": [
         -0.042707547545433044,
         -0.0327795036137104,
         0.14674723148345947
      ],
      "20": [
         -0.03652104735374451,
         -0.03817780315876007,
         0.14982306957244873
      ],
      "21": [
         -0.02849714457988739,
         -0.0427762046456337,
         0.15071916580200195
      ],
      "22": [
         -0.019189145416021347,
         -0.04547950625419617,
         0.14851009845733643
      ],
      "23": [
         0.007713555358350277,
         -0.04648860543966293,
         0.14812028408050537
      ],
      "24": [
         0.017384355887770653,
         -0.044293906539678574,
         0.14954912662506104
      ],
      "25": [
         0.024990655481815338,
         -0.04071280360221863,
         0.1484431028366089
      ],
      "26": [
         0.032185256481170654,
         -0.03582720458507538,
         0.14503729343414307
      ],
      "27": [
         0.03490125387907028,
         -0.03288090229034424,
         0.14268219470977783
      ],
      "28": [
         -0.005438217893242836,
         -0.045796219259500504,
         0.13339602947235107
      ],
      "29": [
         -0.004641162697225809,
         -0.04994633048772812,
         0.11936700344085693
      ],
      "30": [
         -0.0040277149528265,
         -0.05363877862691879,
         0.11208438873291016
      ],
      "31": [
         -0.0031682769767940044,
         -0.05932879075407982,
         0.10341215133666992
      ],
      "32": [
         -0.016501840204000473,
         -0.04786689952015877,
         0.0907677412033081
      ],
      "33": [
         -0.009752347134053707,
         -0.051174864172935486,
         0.08984839916229248
      ],
      "34": [
         -0.0033563196193426847,
         -0.05231950432062149,
         0.08996355533599854
      ],
      "35": [
         0.0031644683331251144,
         -0.05025643855333328,
         0.08922934532165527
      ],
      "36": [
         0.00920331571251154,
         -0.04672933742403984,
         0.09156346321105957
      ],
      "37": [
         -0.039070844650268555,
         -0.03793639689683914,
         0.12558889389038086
      ],
      "38": [
         -0.03283630311489105,
         -0.04689989984035492,
         0.12626957893371582
      ],
      "39": [
         -0.023856794461607933,
         -0.04749944061040878,
         0.12602436542510986
      ],
      "40": [
         -0.017689060419797897,
         -0.04291818290948868,
         0.12456464767456055
      ],
      "41": [
         -0.023408588021993637,
         -0.04525318741798401,
         0.12287187576293945
      ],
      "42": [
         -0.03277888894081116,
         -0.044430069625377655,
         0.12294280529022217
      ],
      "43": [
         0.006666495464742184,
         -0.04346169903874397,
         0.12381041049957275
      ],
      "44": [
         0.012970494106411934,
         -0.04800163954496384,
         0.12546312808990479
      ],
      "45": [
         0.02171902544796467,
         -0.047915589064359665,
         0.12546193599700928
      ],
      "46": [
         0.02800421416759491,
         -0.03952663019299507,
         0.12421810626983643
      ],
      "47": [
         0.022258272394537926,
         -0.045736320316791534,
         0.12133991718292236
      ],
      "48": [
         0.01273922249674797,
         -0.046412840485572815,
         0.1219489574432373
      ],
      "49": [
         -0.019568895921111107,
         -0.049797967076301575,
         0.06440544128417969
      ],
      "50": [
         -0.016736870631575584,
         -0.05433688685297966,
         0.07257044315338135
      ],
      "51": [
         -0.011181238107383251,
         -0.05744437873363495,
         0.07932496070861816
      ],
      "52": [
         -0.002587931929156184,
         -0.059459853917360306,
         0.08108174800872803
      ],
      "53": [
         0.005910113453865051,
         -0.056049298495054245,
         0.07966017723083496
      ],
      "54": [
         0.011260317638516426,
         -0.05148489400744438,
         0.07305479049682617
      ],
      "55": [
         0.0127003975212574,
         -0.047635193914175034,
         0.06523430347442627
      ],
      "56": [
         0.011447373777627945,
         -0.04992971569299698,
         0.056639671325683594
      ],
      "57": [
         0.006123165600001812,
         -0.053175460547208786,
         0.050330400466918945
      ],
      "58": [
         -0.0025184093974530697,
         -0.05552361533045769,
         0.047772765159606934
      ],
      "59": [
         -0.010687032714486122,
         -0.05550871044397354,
         0.0499117374420166
      ],
      "60": [
         -0.016715966165065765,
         -0.05278371274471283,
         0.05617940425872803
      ],
      "61": [
         -0.01825011894106865,
         -0.04656997323036194,
         0.06423556804656982
      ],
      "62": [
         -0.009002194739878178,
         -0.05338692292571068,
         0.07155275344848633
      ],
      "63": [
         -0.0025769490748643875,
         -0.05419494956731796,
         0.072165846824646
      ],
      "64": [
         0.004404413513839245,
         -0.05199841782450676,
         0.07207989692687988
      ],
      "65": [
         0.01174832507967949,
         -0.043573200702667236,
         0.06492209434509277
      ],
      "66": [
         0.00417952798306942,
         -0.04992300644516945,
         0.05838978290557861
      ],
      "67": [
         -0.0024358872324228287,
         -0.05201619118452072,
         0.05730116367340088
      ],
      "68": [
         -0.009289411827921867,
         -0.051454007625579834,
         0.05794095993041992
      ]
   },
   "keypoints_2d_coordinates": {
      "1": [
         60,
         31
      ],
      "2": [
         69,
         31
      ],
      "3": [
         78,
         31
      ],