{
   "keypoints_3d_coordinates": {
      "1": [
         -0.0630301833152771,
         0.024757474660873413,
         0.13953018188476562
      ],
      "2": [
         -0.06221041828393936,
         0.019893988966941833,
         0.12161505222320557
      ],
      "3": [
         -0.06298564374446869,
         0.01864190772175789,
         0.10347592830657959
      ],
      "4": [
         -0.06056030094623566,
         0.015020009130239487,
         0.08279621601104736
      ],
      "5": [
         -0.05535634607076645,
         0.005724955350160599,
         0.06827437877655029
      ],
      "6": [
         -0.04784175381064415,
         -0.011557330377399921,
         0.060035109519958496
      ],
      "7": [
         -0.03843430429697037,
         -0.02485470473766327,
         0.052149176597595215
      ],
      "8": [
         -0.025963949039578438,
         -0.03993793949484825,
         0.04801380634307861
      ],
      "9": [
         -0.001229314599186182,
         -0.050188928842544556,
         0.04546153545379639
      ],
      "10": [
         0.022579250857234,
         -0.03872925788164139,
         0.04901313781738281
      ],
      "11": [
         0.035107649862766266,
         -0.023909250274300575,
         0.05290186405181885
      ],
      "12": [
         0.04354124888777733,
         -0.010502142831683159,
         0.06130480766296387
      ],
      "13": [
         0.05077498033642769,
         0.00694657489657402,
         0.06898355484008789
      ],
      "14": [
         0.0560690276324749,
         0.016605552285909653,
         0.08333337306976318
      ],
      "15": [
         0.057907503098249435,
         0.020565316081047058,
         0.10367023944854736
      ],
      "16": [
         0.05811218544840813,
         0.021592076867818832,
         0.12200582027435303
      ],
      "17": [
         0.05873560160398483,
         0.02772819623351097,
         0.14071547985076904
      ],
      "18": [
         -0.03998516872525215,
         -0.03892601281404495,
         0.1523139476776123
      ],
      "19": [
         -0.036826521158218384,
         -0.04031091183423996,
         0.15603578090667725
      ],
      "20": [
         -0.029152069240808487,
         -0.044716060161590576,
         0.15593326091766357
      ],
      "21": [
         -0.02186041697859764,
         -0.04966416209936142,
         0.15443575382232666
      ],
      "22": [
         -0.012360967695713043,
         -0.05194031074643135,
         0.15093255043029785
      ],
      "23": [
         0.010318131186068058,
         -0.05223091319203377,
         0.15095865726470947
      ],
      "24": [
         0.020490732043981552,
         -0.04954131320118904,
         0.1553351879119873
      ],
      "25": [
         0.02778543159365654,
         -0.04429246112704277,
         0.15666866302490234
      ],
      "26": [
         0.035498932003974915,
         -0.039015110582113266,
         0.15653252601623535
      ],
      "27": [
         0.039392780512571335,
         -0.03734296187758446,
         0.15290820598602295
      ],
      "28": [
         -0.0010894723236560822,
         -0.0515289381146431,
         0.14690077304840088
      ],
      "29": [
         -0.0015362564008682966,
         -0.057769011706113815,
         0.1386469602584839
      ],
      "30": [
         -0.0017161315772682428,
         -0.06390203535556793,
         0.1323375701904297
      ],
      "31": [
         -0.002021479420363903,
         -0.07301519811153412,
         0.11658227443695068
      ],
      "32": [
         -0.01684265211224556,
         -0.049900367856025696,
         0.10689139366149902
      ],
      "33": [
         -0.010642915964126587,
         -0.05548470467329025,
         0.10260391235351562
      ],
      "34": [
         -0.0026675714179873466,
         -0.058851730078458786,
         0.10114467144012451
      ],
      "35": [
         0.005382135976105928,
         -0.054981544613838196,
         0.10258233547210693
      ],
      "36": [
         0.01210940070450306,
         -0.049198806285858154,
         0.10768520832061768
      ],
      "37": [
         -0.036781445145606995,
         -0.037961967289447784,
         0.141088604927063
      ],
      "38": [
         -0.031095532700419426,
         -0.043261632323265076,
         0.14473485946655273
      ],
      "39": [
         -0.021961795166134834,
         -0.04260357469320297,
         0.14511632919311523
      ],
      "40": [
         -0.014599120244383812,
         -0.03764982521533966,
         0.14154374599456787
      ],
      "41": [
         -0.020729752257466316,
         -0.041843123733997345,
         0.1410970687866211
      ],
      "42": [
         -0.0293511301279068,
         -0.04325605183839798,
         0.140403151512146
      ],
      "43": [
         0.012034367769956589,
         -0.0382462702691555,
         0.14194488525390625
      ],
      "44": [
         0.02060059830546379,
         -0.04290693253278732,
         0.14568698406219482
      ],
      "45": [
         0.03033781796693802,
         -0.042962364852428436,
         0.14555466175079346
      ],
      "46": [
         0.036137089133262634,
         -0.03583154454827309,
         0.14137792587280273
      ],
      "47": [
         0.029464241117239,
         -0.04274064302444458,
         0.14026641845703125
      ],
      "48": [
         0.019198760390281677,
         -0.04253903776407242,
         0.1412336826324463
      ],
      "49": [
         -0.02596537210047245,
         -0.04571887105703354,
         0.07617270946502686
      ],
      "50": [
         -0.02120206318795681,
         -0.051005467772483826,
         0.08529126644134521
      ],
      "51": [
         -0.012498184107244015,
         -0.05694890767335892,
         0.08943915367126465
      ],
      "52": [
         -0.002245483919978142,
         -0.05891219899058342,
         0.0884242057800293
      ],
      "53": [
         0.008110148832201958,
         -0.05638796463608742,
         0.09008312225341797
      ],
      "54": [
         0.01765529438853264,
         -0.049326345324516296,
         0.08749139308929443
      ],
      "55": [
         0.022145261988043785,
         -0.04303743690252304,
         0.07789719104766846
      ],
      "56": [
         0.01757689006626606,
         -0.04859427735209465,
         0.07841944694519043
      ],
      "57": [
         0.00887768529355526,
         -0.05483335629105568,
         0.07648134231567383
      ],
      "58": [
         -0.0015155512373894453,
         -0.05778876319527626,
         0.07580530643463135
      ],
      "59": [
         -0.012092108838260174,
         -0.05643999204039574,
         0.07657861709594727
      ],
      "60": [
         -0.021423108875751495,
         -0.05088119953870773,
         0.07749056816101074
      ],
      "61": [
         -0.02540324628353119,
         -0.04395207762718201,
         0.07675755023956299
      ],
      "62": [
         -0.010657076723873615,
         -0.054327428340911865,
         0.08551526069641113
      ],
      "63": [
         -0.0018205984961241484,
         -0.055826280266046524,
         0.08561587333679199
      ],
      "64": [
         0.006855287589132786,
         -0.05329634249210358,
         0.08626377582550049
      ],
      "65": [
         0.020653290674090385,
         -0.04198446124792099,
         0.07805275917053223
      ],
      "66": [
         0.00725727342069149,
         -0.05219532176852226,
         0.08057582378387451
      ],
      "67": [
         -0.0016020063776522875,
         -0.054451748728752136,
         0.08045125007629395
      ],
      "68": [
         -0.010680328123271465,
         -0.052713364362716675,
         0.08074915409088135
      ]
   },
   "keypoints_2d_coordinates": {
      "1": [
         53,
         28
      ],
      "2": [
         63,
         29
      ],
      "3": [
         73,
         28
      ],