{
   "keypoints_3d_coordinates": {
      "1": [
         -0.07126929610967636,
         0.03349919617176056,
         0.15335571765899658
      ],
      "2": [
         -0.07021739333868027,
         0.02795255184173584,
         0.13428986072540283
      ],
      "3": [
         -0.06882728636264801,
         0.026636451482772827,
         0.1151113510131836
      ],
      "4": [
         -0.06480467319488525,
         0.022735856473445892,
         0.09196305274963379
      ],
      "5": [
         -0.059736210852861404,
         0.012775545939803123,
         0.07481527328491211
      ],
      "6": [
         -0.051079463213682175,
         -0.00354091078042984,
         0.06664097309112549
      ],
      "7": [
         -0.039654236286878586,
         -0.015210823155939579,
         0.057906150817871094
      ],
      "8": [
         -0.028384847566485405,
         -0.029100680723786354,
         0.05014204978942871
      ],
      "9": [
         -0.002649422036483884,
         -0.04047839343547821,
         0.04203164577484131
      ],
      "10": [
         0.02353467419743538,
         -0.030252419412136078,
         0.05093491077423096
      ],
      "11": [
         0.03536553680896759,
         -0.016654107719659805,
         0.05884885787963867
      ],
      "12": [
         0.04682798683643341,
         -0.004752938635647297,
         0.06848275661468506
      ],
      "13": [
         0.05574343726038933,
         0.011689405888319016,
         0.07687807083129883
      ],
      "14": [
         0.06116080284118652,
         0.021648172289133072,
         0.09493732452392578
      ],
      "15": [
         0.06449873745441437,
         0.026532255113124847,
         0.11754894256591797
      ],
      "16": [
         0.06597327440977097,
         0.027600642293691635,
         0.13593661785125732
      ],
      "17": [
         0.06555942445993423,
         0.033064886927604675,
         0.15555691719055176
      ],
      "18": [
         -0.048556435853242874,
         -0.030974287539720535,
         0.17110073566436768
      ],
      "19": [
         -0.04588143154978752,
         -0.032205887138843536,
         0.1759188175201416
      ],
      "20": [
         -0.038081735372543335,
         -0.03835858777165413,
         0.17761671543121338
      ],
      "21": [
         -0.028591034933924675,
         -0.043628890067338943,
         0.17631375789642334
      ],
      "22": [
         -0.017865736037492752,
         -0.046837687492370605,
         0.17244267463684082
      ],
      "23": [
         0.011844064109027386,
         -0.047194987535476685,
         0.1727367639541626
      ],
      "24": [
         0.022564763203263283,
         -0.04347798973321915,
         0.17646479606628418
      ],
      "25": [
         0.03221036493778229,
         -0.038604188710451126,
         0.17830777168273926
      ],
      "26": [
         0.04039166122674942,
         -0.03261958807706833,
         0.1769038438796997
      ],
      "27": [
         0.04307616129517555,
         -0.03130318969488144,
         0.1723647117614746
      ],
      "28": [
         -0.0029254271648824215,
         -0.0477643758058548,
         0.1626601219177246
      ],
      "29": [
         -0.003103498835116625,
         -0.05348571762442589,
         0.15016162395477295
      ],
      "30": [
         -0.003279563505202532,
         -0.061262257397174835,
         0.1409074068069458
      ],
      "31": [
         -0.0033734128810465336,
         -0.07133837044239044,
         0.12624585628509521
      ],
      "32": [
         -0.0201772078871727,
         -0.04650476574897766,
         0.11636924743652344
      ],
      "33": [
         -0.014566013589501381,
         -0.05152136832475662,
         0.1127474308013916
      ],
      "34": [
         -0.003087220247834921,
         -0.05619610473513603,
         0.11113393306732178
      ],
      "35": [
         0.006857968866825104,
         -0.05202605947852135,
         0.11253786087036133
      ],
      "36": [
         0.01316298358142376,
         -0.04719825088977814,
         0.11595618724822998
      ],
      "37": [
         -0.04366561397910118,
         -0.028692439198493958,
         0.15408599376678467
      ],
      "38": [
         -0.03600740060210228,
         -0.036874957382678986,
         0.15537750720977783
      ],
      "39": [
         -0.026182139292359352,
         -0.03616350516676903,
         0.15561413764953613
      ],
      "40": [
         -0.018423138186335564,
         -0.032509200274944305,
         0.15304362773895264
      ],
      "41": [
         -0.0254661925137043,
         -0.03570643812417984,
         0.1526942253112793
      ],
      "42": [
         -0.03538444638252258,
         -0.035864487290382385,
         0.1521461009979248
      ],
      "43": [
         0.012315279804170132,
         -0.03321743756532669,
         0.15319335460662842
      ],
      "44": [
         0.020898038521409035,
         -0.03653869777917862,
         0.1564490795135498
      ],
      "45": [
         0.030791297554969788,
         -0.0371781587600708,
         0.156469464302063
      ],
      "46": [
         0.037752315402030945,
         -0.030148327350616455,
         0.15539789199829102
      ],
      "47": [
         0.03026043251156807,
         -0.03698448836803436,
         0.1528235673904419
      ],
      "48": [
         0.020200291648507118,
         -0.035875044763088226,
         0.15347182750701904
      ],
      "49": [
         -0.033064085990190506,
         -0.03864897042512894,
         0.0926213264465332
      ],
      "50": [
         -0.02860499732196331,
         -0.04533226042985916,
         0.09578680992126465
      ],
      "51": [
         -0.019252851605415344,
         -0.05208884924650192,
         0.09908545017242432
      ],
      "52": [
         -0.003547810949385166,
         -0.05485066771507263,
         0.09929978847503662
      ],
      "53": [
         0.010224292986094952,
         -0.051945365965366364,
         0.09980010986328125
      ],
      "54": [
         0.02047872543334961,
         -0.045775242149829865,
         0.09722208976745605
      ],
      "55": [
         0.02610788494348526,
         -0.037446148693561554,
         0.09405291080474854
      ],
      "56": [
         0.020432712510228157,
         -0.04142171889543533,
         0.08544635772705078
      ],
      "57": [
         0.01031732838600874,
         -0.04660772904753685,
         0.07872629165649414
      ],
      "58": [
         -0.004008185118436813,
         -0.050343092530965805,
         0.07638752460479736
      ],
      "59": [
         -0.019433073699474335,
         -0.04787793755531311,
         0.07916867733001709
      ],
      "60": [
         -0.0280318520963192,
         -0.04222105070948601,
         0.08495748043060303
      ],
      "61": [
         -0.03255900740623474,
         -0.03776928037405014,
         0.09276115894317627
      ],
      "62": [
         -0.01561453565955162,
         -0.04940523952245712,
         0.09511828422546387
      ],
      "63": [
         -0.0037239070516079664,
         -0.051887162029743195,
         0.09493792057037354
      ],
      "64": [
         0.007030097767710686,
         -0.04997999593615532,
         0.09544146060943604
      ],
      "65": [
         0.02491557039320469,
         -0.037684399634599686,
         0.09406089782714844
      ],
      "66": [
         0.006388721987605095,
         -0.04434815049171448,
         0.08323121070861816
      ],
      "67": [
         -0.003934887703508139,
         -0.046445347368717194,
         0.08190524578094482
      ],
      "68": [
         -0.015589910559356213,
         -0.04416684806346893,
         0.08358561992645264
      ]
   },
   "keypoints_2d_coordinates": {
      "1": [
         45,
         24
      ],
      "2": [
         56,
         25
      ],
      "3": [
         67,
         25
      ],