{
   "feet": {
      "right": {
         "heel": {
            "global_3d": {
               "x": 0.12566398084163666,
               "y": 1.2615822553634644,
               "z": 0.18518765270709991
            },
            "pixel_2d": {
               "x": 1017,
               "y": 489
            }
         },
         "index": {
            "global_3d": {
               "x": 0.18102996423840523,
               "y": 1.463188691271676,
               "z": 0.3407912560635143
            },
            "pixel_2d": {
               "x": 1251,
               "y": 771
            }
         },
         "pinky": {
            "global_3d": {
               "x": 0.22242020070552826,
               "y": 1.432267387708028,
               "z": 0.27384870168235564
            },
            "pixel_2d": {
               "x": 1389,
               "y": 707
            }
         }
      },
      "left": {
         "heel": {
            "global_3d": {
               "x": -0.1805405467748642,
               "y": 1.306577205657959,
               "z": 0.15579631924629211
            },
            "pixel_2d": {
               "x": 813,
               "y": 608
            }
         },
         "pinky": {
            "global_3d": {
               "x": -0.17640117638640934,
               "y": 1.4605412350760565,
               "z": 0.30903710838821197
            },
            "pixel_2d": {
               "x": 803,
               "y": 764
            }
         },
         "index": {
            "global_3d": {
               "x": -0.10352796233362621,
               "y": 1.4670142034689586,
               "z": 0.3506483319732878
            },
            "pixel_2d": {
               "x": 830,
               "y": 771
            }
         }
      }
   }
}