{
   "hands": {
      "right": {
         "finger": {
            "thumb": {
               "ip": {
                  "global_3d": {
                     "x": 0.14388881091560637,
                     "y": 1.1624309165137154,
                     "z": 1.0145023805754525
                  },
                  "pixel_2d": {
                     "x": 198,
                     "y": 384
                  }
               },
               "cmc": {
                  "global_3d": {
                     "x": 0.15793192138274512,
                     "y": 1.1381512333949406,
                     "z": 0.9939296220739683
                  },
                  "pixel_2d": {
                     "x": 214,
                     "y": 360
                  }
               },
               "tip": {
                  "global_3d": {
                     "x": 0.13622265888584983,
                     "y": 1.1838463776641421,
                     "z": 1.0268540978431702
                  },
                  "pixel_2d": {
                     "x": 188,
                     "y": 403
                  }
               },
               "mcp": {
                  "global_3d": {
                     "x": 0.15266811226805052,
                     "y": 1.148041586081187,
                     "z": 1.0031791056195896
                  },
                  "pixel_2d": {
                     "x": 207,
                     "y": 370
                  }
               }
            },
            "middle": {
               "mcp": {
                  "global_3d": {
                     "x": 0.21485703686873117,
                     "y": 1.1868021736542385,
                     "z": 0.9925407220919927
                  },
                  "pixel_2d": {
                     "x": 223,
                     "y": 369
                  }
               },
               "pip": {
                  "global_3d": {
                     "x": 0.20278111951691763,
                     "y": 1.2169606600488936,
                     "z": 0.990416264959744
                  },
                  "pixel_2d": {
                     "x": 226,
                     "y": 400
                  }
               },
               "dip": {
                  "global_3d": {
                     "x": 0.18448932681764876,
                     "y": 1.2196730843612127,
                     "z": 0.9766233520848411
                  },
                  "pixel_2d": {
                     "x": 238,
                     "y": 411
                  }
               },
               "tip": {
                  "global_3d": {
                     "x": 0.17100661165184444,
                     "y": 1.2112764418125153,
                     "z": 0.9639570530917909
                  },
                  "pixel_2d": {
                     "x": 247,
                     "y": 410
                  }
               }
            },
            "ring": {
               "mcp": {
                  "global_3d": {
                     "x": 0.22877425948778787,
                     "y": 1.1836276352405548,
                     "z": 0.9768787274758021
                  },
                  "pixel_2d": {
                     "x": 238,
                     "y": 359
                  }
               },
               "pip": {
                  "global_3d": {
                     "x": 0.21620566930089677,
                     "y": 1.206053423030036,
                     "z": 0.9729013890028
                  },
                  "pixel_2d": {
                     "x": 243,
                     "y": 384
                  }
               },
               "dip": {
                  "global_3d": {
                     "x": 0.19801631356988633,
                     "y": 1.2122551841395242,
                     "z": 0.9629957228899002
                  },
                  "pixel_2d": {
                     "x": 251,
                     "y": 399
                  }
               },
               "tip": {
                  "global_3d": {
                     "x": 0.18216412597232395,
                     "y": 1.206503003835678,
                     "z": 0.9541815651787652
                  },
                  "pixel_2d": {
                     "x": 257,
                     "y": 401
                  }
               }
            },
            "index": {
               "mcp": {
                  "global_3d": {
                     "x": 0.19452470541000366,
                     "y": 1.1830999255180359,
                     "z": 1.0026784588893254
                  },
                  "pixel_2d": {
                     "x": 212,
                     "y": 376
                  }
               },
               "pip": {
                  "global_3d": {
                     "x": 0.18789086597306387,
                     "y": 1.2137418048722404,
                     "z": 1.007053656237466
                  },
                  "pixel_2d": {
                     "x": 209,
                     "y": 404
                  }
               },
               "dip": {
                  "global_3d": {
                     "x": 0.17251729326588766,
                     "y": 1.2227798530033656,
                     "z": 0.9945029744080135
                  },
                  "pixel_2d": {
                     "x": 221,
                     "y": 419
                  }
               },
               "tip": {
                  "global_3d": {
                     "x": 0.1621948629617691,
                     "y": 1.2218003074328105,
                     "z": 0.9799002094401253
                  },
                  "pixel_2d": {
                     "x": 233,
                     "y": 423
                  }
               }
            },
            "pinky": {
               "mcp": {
                  "global_3d": {
                     "x": 0.24228311578432718,
                     "y": 1.1740264296531677,
                     "z": 0.9600114772717158
                  },
                  "pixel_2d": {
                     "x": 255,
                     "y": 344
                  }
               },
               "pip": {
                  "global_3d": {
                     "x": 0.22960407606192998,
                     "y": 1.189577341079712,
                     "z": 0.958072087594441
                  },
                  "pixel_2d": {
                     "x": 257,
                     "y": 364
                  }
               },
               "dip": {
                  "global_3d": {
                     "x": 0.21803954456533706,
                     "y": 1.1995671774659837,
                     "z": 0.9516523757151195
                  },
                  "pixel_2d": {
                     "x": 263,
                     "y": 378
                  }
               },
               "tip": {
                  "global_3d": {
                     "x": 0.20125948886076608,
                     "y": 1.1981489559014638,
                     "z": 0.9434779319498274
                  },
                  "pixel_2d": {
                     "x": 268,
                     "y": 386
                  }
               }
            }
         },
         "wrist": {
            "global_3d": {
               "x": 0.19935414319237074,
               "y": 1.08760849883159,
               "z": 0.9436873694260915
            },
            "pixel_2d": {
               "x": 254,
               "y": 307
            }
         }
      },
      "left": {
         "finger": {
            "thumb": {
               "ip": {
                  "global_3d": {
                     "x": -0.026415531124387468,
                     "y": 1.1644544984613145,
                     "z": 0.987531955753054
                  },
                  "pixel_2d": {
                     "x": 211,
                     "y": 448
                  }
               },
               "cmc": {
                  "global_3d": {
                     "x": -0.04846726357936859,