{
   "version": "1.0.0",
   "datapoints": [
      {
         "human": {
            "id": "2430c737-30ec-44ee-a096-fe1e9666afde",
            "head": {
               "eyes": {
                  "id": "d2091b6b-f24b-4171-bea2-69f194b490ca",
                  "target_of_gaze": {
                     "distance": 3.625834857471452,
                     "direction": {
                        "x": 0.3382129573892,
                        "y": -0.859077401022701,
                        "z": -0.17691309034420105
                     }
                  },
                  "eyelid_closure": 0.8578456693691925
               },
               "location": {
                  "x": 0.0,
                  "y": 0.0,
                  "z": 0.0
               },
               "rotation": {
                  "yaw": 0.0,
                  "pitch": 0.0,
                  "roll": 0.0
               },
               "expression": {
                  "intensity": 0.9018942956561631,
                  "name": "anger"
               },
               "eyebrows": {
                  "id": "e7fb93d5-7ce7-41f6-bf5e-6024d308d0d6",
                  "color_settings": {
                     "index_of_refraction": 1.6479474134935193,
                     "melanin": 0.6946993045225861,
                     "redness": 0.3729509933161359,
                     "roughness": 0.3615255189296047,
                     "whiteness": 0.6511974440132027
                  }
               },
               "hair": {
                  "id": "b8467165-27e0-4e37-93f2-a595a173d6e8",
                  "color_settings": {
                     "index_of_refraction": 1.6479474134935193,
                     "melanin": 0.6946993045225861,
                     "redness": 0.3729509933161359,
                     "roughness": 0.3615255189296047,
                     "whiteness": 0.6511974440132027
                  }
               },
               "facial_hair": null
            }
         },
         "camera": {
            "name": "camera",
            "intrinsic_params": {
               "projection": "perspective",
               "resolution_width": 128,
               "resolution_height": 128,
               "fov_horizontal": 8.0,
               "fov_vertical": 8.0,
               "sensor_width": 15.0,
               "wavelength": "visible"
            },
            "extrinsic_params": {
               "location": {
                  "x": 0.0,
                  "y": -1.6,
                  "z": 0.12
               },
               "rotation": {
                  "yaw": 0.0,
                  "pitch": 0.0,
                  "roll": 0.0
               }
            }
         },
         "accessories": {
            "mask": null,
            "glasses": null
         },
         "background": {
            "id": "aa9e516e-8f6b-40b4-ba26-00d5a34e191e",
            "transparent": false,
            "rotation": 351.6433296773506
         },
         "lights": []
      }
   ]
}