{
   "version": "1.0.0",
   "face_expression": {
      "intensity_level": 1.830130342877303,
      "name": "anger"
   },
   "center_of_iris_point": {
      "2d": {
         "camera": {
            "right_eye": {
               "x": 46.22823879558144,
               "y": 47.4298806996276
            },
            "left_eye": {
               "x": 47.07662104569786,
               "y": 82.96056450062598
            }
         }
      },
      "3d": {
         "right_eye": {
            "x": -0.027949538081884384,
            "y": -0.056220393627882004,
            "z": 0.14997640252113342
         },
         "left_eye": {
            "x": 0.03196066990494728,
            "y": -0.05723097547888756,
            "z": 0.14852671325206757
         }
      }
   },
   "center_of_pupil_point": {
      "2d": {
         "camera": {
            "right_eye": {
               "x": 46.18682168890781,
               "y": 47.51113147123941
            },
            "left_eye": {
               "x": 47.03370287156819,
               "y": 82.99424972604973
            }
         }
      },
      "3d": {
         "right_eye": {
            "x": -0.02781934104859829,
            "y": -0.05584005266427994,
            "z": 0.15005366504192352
         },
         "left_eye": {
            "x": 0.032025642693042755,
            "y": -0.05683625862002373,
            "z": 0.14860637485980988
         }
      }
   },
   "eye_gaze": {
      "axis_directions": {
         "right_eye": {
            "axis_directions": {
               "visual_axis_direction": {
                  "x": -0.25703134404701666,
                  "y": -0.9476138042461708,
                  "z": -0.1896390418122913
               },
               "optical_axis_direction": {
                  "x": -0.3182730832100024,
                  "y": -0.9291912111008909,
                  "z": -0.18789874325513378
               }
            }
         },
         "left_eye": {
            "axis_directions": {
               "visual_axis_direction": {
                  "x": -0.29396804733885235,
                  "y": -0.9353270915236461,
                  "z": -0.1968400848549386
               },
               "optical_axis_direction": {
                  "x": -0.15888817299527763,
                  "y": -0.9677265903681997,
                  "z": -0.19560111138887007
               }
            }
         }
      },
      "target_point": {
         "right_eye": {
            "x": -0.5154910683631897,
            "y": -1.9252182245254517,
            "z": -0.18940553069114685
         },
         "left_eye": {
            "x": -0.5154910683631897,
            "y": -1.9252182245254517,
            "z": -0.18940553069114685
         }
      },
      "eye_gaze_direction_type": "custom"
   },
   "accessories": [],
   "eyelid_closure_intensity_level": 1,
   "facial_hair_included": false,
   "pupil_circle": {
      "2d": {
         "camera": {
            "right_eye": [
               {
                  "x": 44.42392934199806,
                  "y": 47.459028568425275
               },
               {
                  "x": 44.68667339319905,
                  "y": 48.30975412567077
               },
               {
                  "x": 45.35184853954004,
                  "y": 48.94644538481846
               },
               {
                  "x": 46.24087945210829,
                  "y": 49.1984323019798
               },
               {
                  "x": 47.11504591925806,
                  "y": 48.9981225877221
               },
               {
                  "x": 47.74024120629148,
                  "y": 48.399477403273735
               },
               {
                  "x": 47.94883120976905,
                  "y": 47.56333208674235
               },
               {
                  "x": 47.68528830874733,
                  "y": 46.71355621940065
               },
               {
                  "x": 47.02118569246282,
                  "y": 46.077634056672466
               },
               {
                  "x": 46.13350308803496,
                  "y": 45.825768378882486
               },
               {
                  "x": 45.2600471623314,
                  "y": 46.02505951780415
               },
               {
                  "x": 44.63405077094002,
                  "y": 46.62262618855324
               }
            ],
            "left_eye": [
               {
                  "x": 45.27448356622932,
                  "y": 82.95238590382806
               },
               {
                  "x": 45.510282504894164,
                  "y": 83.84302354590287
               },
               {
                  "x": 46.15448835111153,
                  "y": 84.5062789712544
               },
               {
                  "x": 47.03409314029645,
                  "y": 84.76395377925327
               },
               {
                  "x": 47.912951528609355,
                  "y": 84.54729410695863
               },
               {
                  "x": 48.55592350447194,
                  "y": 83.91455649043257
               },
               {
                  "x": 48.79099165032012,
                  "y": 83.0358853733218
               },
               {
                  "x": 48.55496751426383,
                  "y": 82.14578232713552
               },
               {
                  "x": 47.911670538519296,
                  "y": 81.48328224149368
               },
               {
                  "x": 47.032977886425,
                  "y": 81.22547209691258
               },
               {
                  "x": 46.15385484122305,
                  "y": 81.44114340065146
               },
               {
                  "x": 45.51031579751072,
                  "y": 82.07301010507868
               }
            ]
         }
      },
      "3d": {
         "right_eye": [
            {
               "x": -0.027896903455257416,
               "y": -0.05641237646341324,
               "z": 0.15301570296287537
            },
            {
               "x": -0.026455210521817207,
               "y": -0.05681578442454338,
               "z": 0.15256406366825104
            },
            {
               "x": -0.0253793653100729,
               "y": -0.056957121938467026,
               "z": 0.1514396369457245
            },
            {
               "x": -0.0249570794403553,
               "y": -0.05679953470826149,
               "z": 0.14994384348392487
            },
            {
               "x": -0.025301609188318253,
               "y": -0.05638556554913521,
               "z": 0.14847753942012787
            },
            {
               "x": -0.02632080763578415,
               "y": -0.05582554265856743,
               "z": 0.1474330574274063
            },
            {
               "x": -0.027741532772779465,
               "y": -0.055268608033657074,
               "z": 0.14709089696407318
            },
            {
               "x": -0.02918337658047676,
               "y": -0.05486588552594185,
               "z": 0.14754287898540497
            },
            {
               "x": -0.030259734019637108,
               "y": -0.05472397804260254,
               "z": 0.14866666495800018
            },
            {
               "x": -0.030681855976581573,
               "y": -0.05488122999668121,
               "z": 0.15016233921051025
            },
            {
               "x": -0.030337264761328697,
               "y": -0.05529603734612465,
               "z": 0.15162841975688934
            },
            {
               "x": -0.029318084940314293,
               "y": -0.05585615336894989,
               "z": 0.15267309546470642
            }
         ],
         "left_eye": [
            {
               "x": 0.03194295987486839,
               "y": -0.05742046609520912,
               "z": 0.15156058967113495
            },
            {
               "x": 0.033440496772527695,