{
   "version": "1.0.0",
   "head_metadata": {
      "head_root_location": {
         "x": 0.0,
         "y": 0.0,
         "z": 0.0
      },
      "head_rotation": {
         "roll": 0.0,
         "pitch": 0.0,
         "yaw": 0.0
      },
      "head_six_dof": {
         "location": {
            "x": 0.001550197135657072,
            "y": -0.06845539808273315,
            "z": 0.17011475563049316
         },
         "look_at_vector": {
            "x": 8.74227803627227e-08,
            "y": -0.9999999999999962,
            "z": 9.553428304548457e-16
         }
      }
   },
   "center_of_pupil_point": {
      "2d": {
         "camera": {
            "right_eye": {
               "x": 39.452455694745495,
               "y": 43.149202474706236
            },
            "left_eye": {
               "x": 39.349197895554866,
               "y": 82.21248113400416
            }
         }
      },
      "3d": {
         "right_eye": {
            "x": -0.035385195165872574,
            "y": -0.046771954745054245,
            "z": 0.16165882349014282
         },
         "left_eye": {
            "x": 0.030882641673088074,
            "y": -0.048036057502031326,
            "z": 0.16180001199245453
         }
      }
   },
   "identity_label": {
      "age": "adult",
      "ethnicity": "north_european",
      "gender": "male"
   },
   "center_of_iris_point": {
      "2d": {
         "camera": {
            "right_eye": {
               "x": 39.456547656886535,
               "y": 43.044854507390845
            },
            "left_eye": {
               "x": 39.35410061215938,
               "y": 82.15130388916847
            }
         }
      },
      "3d": {
         "right_eye": {
            "x": -0.03555314615368843,
            "y": -0.047170914709568024,
            "z": 0.1616411805152893
         },
         "left_eye": {
            "x": 0.030770771205425262,
            "y": -0.04844615235924721,
            "z": 0.16178065538406372
         }
      }
   },
   "pupil_circle": {
      "2d": {
         "camera": {
            "right_eye": [
               {
                  "x": 37.5631964261474,
                  "y": 43.08895924968708
               },
               {
                  "x": 37.78881680993893,
                  "y": 43.96088079214918
               },
               {
                  "x": 38.460571464129465,
                  "y": 44.61593509898339
               },
               {
                  "x": 39.39911444933063,
                  "y": 44.87806149764059
               },
               {
                  "x": 40.351363941521754,
                  "y": 44.676285668231685
               },
               {
                  "x": 41.06222219471339,
                  "y": 44.065141063066
               },
               {
                  "x": 41.341447105723304,
                  "y": 43.2096412477204
               },
               {
                  "x": 41.11456068414131,
                  "y": 42.338254565655106
               },
               {
                  "x": 40.4425953572286,
                  "y": 41.68457223733432
               },
               {
                  "x": 39.505702078446035,
                  "y": 41.42335831151126
               },
               {
                  "x": 38.55473546099241,
                  "y": 41.62432242437446
               },
               {
                  "x": 37.84349204761889,
                  "y": 42.23375323253675
               }
            ],
            "left_eye": [
               {
                  "x": 37.49146716471344,
                  "y": 82.15521793323808
               },
               {
                  "x": 37.71457202707381,
                  "y": 83.06400863112633
               },
               {
                  "x": 38.37627906882456,
                  "y": 83.74509071859457
               },
               {
                  "x": 39.29897163998076,
                  "y": 84.01547907631557
               },
               {
                  "x": 40.23424043783244,
                  "y": 83.80265114157514
               },
               {
                  "x": 40.932072946573136,
                  "y": 83.16352931107843
               },
               {
                  "x": 41.20564695210119,
                  "y": 82.27000314354058
               },
               {
                  "x": 40.98173044569497,
                  "y": 81.3616664378829
               },
               {
                  "x": 40.32044924690345,
                  "y": 80.68144422695285
               },
               {
                  "x": 39.399711374836265,
                  "y": 80.41152512028563
               },
               {
                  "x": 38.464630045293,
                  "y": 80.62397564097674
               },
               {
                  "x": 37.76605978872255,
                  "y": 81.26221002918862
               }
            ]
         }
      },
      "3d": {
         "right_eye": [
            {
               "x": -0.03548521175980568,
               "y": -0.046869128942489624,
               "z": 0.16486221551895142
            },
            {
               "x": -0.033992230892181396,
               "y": -0.04747951775789261,
               "z": 0.1644618660211563
            },
            {
               "x": -0.03287215530872345,
               "y": -0.04790026694536209,
               "z": 0.16331063210964203
            },
            {
               "x": -0.032425157725811005,
               "y": -0.048018716275691986,
               "z": 0.16171583533287048
            },
            {
               "x": -0.03277186304330826,
               "y": -0.047803062945604324,
               "z": 0.16010667383670807
            },
            {
               "x": -0.0338190458714962,
               "y": -0.047310974448919296,
               "z": 0.15891343355178833
            },
            {
               "x": -0.03528483957052231,
               "y": -0.04667453095316887,
               "z": 0.158455491065979
            },
            {
               "x": -0.036778200417757034,
               "y": -0.04606328904628754,
               "z": 0.1588558405637741
            },
            {
               "x": -0.037898313254117966,
               "y": -0.045642316341400146,
               "z": 0.1600075662136078
            },
            {
               "x": -0.0383448489010334,
               "y": -0.04552411288022995,
               "z": 0.16160185635089874
            },
            {
               "x": -0.0379982590675354,
               "y": -0.04573952406644821,
               "z": 0.16321101784706116
            },
            {
               "x": -0.03695162013173103,
               "y": -0.04623177647590637,
               "z": 0.16440477967262268
            }
         ],
         "left_eye": [
            {
               "x": 0.030783189460635185,
               "y": -0.048154618591070175,
               "z": 0.16494670510292053
            },
            {
               "x": 0.03231572359800339,
               "y": -0.04855652153491974,
               "z": 0.16455687582492828
            },
            {
               "x": 0.03346457704901695,
               "y": -0.04881889373064041,
               "z": 0.16342785954475403
            },
            {
               "x": 0.03392169624567032,
               "y": -0.04887116700410843,
               "z": 0.16186264157295227
            },
            {
               "x": 0.03356469050049782,
               "y": -0.04870065301656723,
               "z": 0.16028200089931488
            },
            {
               "x": 0.032488711178302765,
               "y": -0.0483517087996006,
               "z": 0.1591079980134964
            },
            {
               "x": 0.030982540920376778,
               "y": -0.04791783168911934,