{
   "version": "1.0.0",
   "datapoints": [
      {
         "human": {
            "id": "a997357f-7752-41f3-830d-734f4ec1829a",
            "head": {
               "eyes": {
                  "id": "2b6e509a-cc75-4edb-9886-8d55aaba582e",
                  "target_of_gaze": {
                     "direction": {
                        "x": -0.33806510578119087,
                        "z": 0.022105755492081047,
                        "y": -0.9581154441531757
                     },
                     "distance": 3.1826027488726183
                  },
                  "eyelid_closure": 0.6941688933839768
               },
               "location": {
                  "x": 0.0,
                  "z": 0.0,
                  "y": 0.0
               },
               "rotation": {
                  "roll": 0.0,
                  "pitch": 0.0,
                  "yaw": 0.0
               },
               "expression": {
                  "name": "happiness",
                  "intensity": 0.6740790729945837
               },
               "eyebrows": {
                  "id": "92204e57-c54a-4c5f-a731-b1dc6708284a",
                  "color_settings": {
                     "index_of_refraction": 1.6014364510518773,
                     "melanin": 0.02676591948550122,
                     "redness": 0.9983600691571441,
                     "roughness": 0.36764881526650195,
                     "whiteness": 0.12914809077986167
                  }
               },
               "hair": {
                  "id": "fa18bd83-aa7c-4ea4-b41f-7d39472a398d",
                  "color_settings": {
                     "index_of_refraction": 1.6014364510518773,
                     "melanin": 0.02676591948550122,
                     "redness": 0.9983600691571441,
                     "roughness": 0.36764881526650195,
                     "whiteness": 0.12914809077986167
                  }
               },
               "facial_hair": null
            }
         },
         "camera": {
            "name": "camera",
            "intrinsic_params": {
               "projection": "perspective",
               "resolution_width": 128,
               "resolution_height": 128,
               "fov_horizontal": 8.0,
               "fov_vertical": 8.0,
               "sensor_width": 15.0,
               "wavelength": "visible"
            },
            "extrinsic_params": {
               "location": {
                  "x": 0.0,
                  "z": 0.12,
                  "y": -1.6
               },
               "rotation": {
                  "roll": 0.0,
                  "pitch": 0.0,
                  "yaw": 0.0
               }
            }
         },
         "accessories": {
            "mask": null,
            "glasses": null
         },
         "background": {
            "id": "b38a0b75-8007-4fff-8125-327b32f733bc",
            "transparent": false,
            "rotation": 148.08430005976123
         },
         "lights": []
      }
   ]
}