{
   "keypoints_3d_coordinates": {
      "1": [
         -0.06551796942949295,
         0.029235951602458954,
         0.13985681533813477
      ],
      "2": [
         -0.06431352347135544,
         0.02520383521914482,
         0.12188756465911865
      ],
      "3": [
         -0.06438872218132019,
         0.024629462510347366,
         0.10343527793884277
      ],
      "4": [
         -0.061156563460826874,
         0.020364731550216675,
         0.0831526517868042
      ],
      "5": [
         -0.053980469703674316,
         0.009962823241949081,
         0.06867480278015137
      ],
      "6": [
         -0.045876070857048035,
         -0.007810654118657112,
         0.05937337875366211
      ],
      "7": [
         -0.035484544932842255,
         -0.020495599135756493,
         0.04965245723724365
      ],
      "8": [
         -0.02214796096086502,
         -0.0332610122859478,
         0.04248988628387451
      ],
      "9": [
         0.0034348012413829565,
         -0.04187897965312004,
         0.03440415859222412
      ],
      "10": [
         0.028864283114671707,
         -0.03218841552734375,
         0.04145467281341553
      ],
      "11": [
         0.0419984795153141,
         -0.019556669518351555,
         0.0477827787399292
      ],
      "12": [
         0.051722120493650436,
         -0.00648077204823494,
         0.05777871608734131
      ],
      "13": [
         0.05872547626495361,
         0.011021142825484276,
         0.06760001182556152
      ],
      "14": [
         0.06606480479240417,
         0.021037880331277847,
         0.08221566677093506
      ],
      "15": [
         0.06928157806396484,
         0.023920413106679916,
         0.10391557216644287
      ],
      "16": [
         0.06892439723014832,
         0.024197295308113098,
         0.1222848892211914
      ],
      "17": [
         0.0682932436466217,
         0.028666146099567413,
         0.14081811904907227
      ],
      "18": [
         -0.04228309169411659,
         -0.02889210171997547,
         0.16399264335632324
      ],
      "19": [
         -0.03884034603834152,
         -0.030125953257083893,
         0.16968286037445068
      ],
      "20": [
         -0.03091239184141159,
         -0.034690000116825104,
         0.17280220985412598
      ],
      "21": [
         -0.02156614325940609,
         -0.03890630230307579,
         0.1721404790878296
      ],
      "22": [
         -0.011142943054437637,
         -0.04026564955711365,
         0.16912305355072021
      ],
      "23": [
         0.01610535755753517,
         -0.04013245180249214,
         0.16941237449645996
      ],
      "24": [
         0.026404457166790962,
         -0.03824535384774208,
         0.1723775863647461
      ],
      "25": [
         0.035626258701086044,
         -0.03439300134778023,
         0.17354190349578857
      ],
      "26": [
         0.043914660811424255,
         -0.029802802950143814,
         0.17088031768798828
      ],
      "27": [
         0.046949006617069244,
         -0.028572551906108856,
         0.1650991439819336
      ],
      "28": [
         0.0029822178184986115,
         -0.039353907108306885,
         0.15800487995147705
      ],
      "29": [
         0.0038618273101747036,
         -0.045778222382068634,
         0.14374089241027832
      ],
      "30": [
         0.004333881661295891,
         -0.05299913510680199,
         0.13483083248138428
      ],
      "31": [
         0.004644777160137892,
         -0.06255386769771576,
         0.12336397171020508
      ],
      "32": [
         -0.011110429652035236,
         -0.044106416404247284,
         0.10792803764343262
      ],
      "33": [
         -0.003958958201110363,
         -0.04918951168656349,
         0.1071310043334961
      ],
      "34": [
         0.004763852339237928,
         -0.051033444702625275,
         0.10677385330200195
      ],
      "35": [
         0.013265734538435936,
         -0.04863336682319641,
         0.10693323612213135
      ],
      "36": [
         0.01992635242640972,
         -0.04360930621623993,
         0.10802364349365234
      ],
      "37": [
         -0.03760560229420662,
         -0.026045870035886765,
         0.14395439624786377
      ],
      "38": [
         -0.03136974573135376,
         -0.03549057990312576,
         0.1459132432937622
      ],
      "39": [
         -0.021057408303022385,
         -0.03446871042251587,
         0.14644908905029297
      ],
      "40": [
         -0.013647442683577538,
         -0.030217716470360756,
         0.1445474624633789
      ],
      "41": [
         -0.020060600712895393,
         -0.033116720616817474,
         0.1424732208251953
      ],
      "42": [
         -0.030417706817388535,
         -0.03265898674726486,
         0.14105331897735596
      ],
      "43": [
         0.01982964016497135,
         -0.03115503117442131,
         0.1448369026184082
      ],
      "44": [
         0.027272270992398262,
         -0.03500141203403473,
         0.14672589302062988
      ],
      "45": [
         0.03748102858662605,
         -0.03516454994678497,
         0.14610505104064941
      ],
      "46": [
         0.04335450753569603,
         -0.02585707977414131,
         0.1445683240890503
      ],
      "47": [
         0.037032678723335266,
         -0.03215271607041359,
         0.14130067825317383
      ],
      "48": [
         0.026888297870755196,
         -0.03346110135316849,
         0.1428675651550293
      ],
      "49": [
         -0.01901378110051155,
         -0.041689664125442505,
         0.07582497596740723
      ],
      "50": [
         -0.013168798759579659,
         -0.05118076503276825,
         0.08560657501220703
      ],
      "51": [
         -0.005142650566995144,
         -0.05565040931105614,
         0.09188210964202881
      ],
      "52": [
         0.005290589295327663,
         -0.05776708200573921,
         0.09161531925201416
      ],
      "53": [
         0.01559543702751398,
         -0.054867830127477646,
         0.09164035320281982
      ],
      "54": [
         0.02354416251182556,
         -0.04994623363018036,
         0.08525705337524414
      ],
      "55": [
         0.027530023828148842,
         -0.040976062417030334,
         0.07591140270233154
      ],
      "56": [
         0.022965630516409874,
         -0.045021265745162964,
         0.06954443454742432
      ],
      "57": [
         0.015355732291936874,
         -0.05039697140455246,
         0.06615543365478516
      ],
      "58": [
         0.00516646821051836,
         -0.05368418246507645,
         0.06559574604034424
      ],
      "59": [
         -0.005306418985128403,
         -0.05123936012387276,
         0.06617248058319092
      ],
      "60": [
         -0.013690516352653503,
         -0.04606875777244568,
         0.06973886489868164
      ],
      "61": [
         -0.017519516870379448,
         -0.04021124541759491,
         0.07690894603729248
      ],
      "62": [
         -0.004069773480296135,
         -0.052049554884433746,
         0.08637261390686035
      ],
      "63": [
         0.004868718329817057,
         -0.052529025822877884,
         0.08658361434936523
      ],
      "64": [
         0.014419564977288246,
         -0.05132656544446945,
         0.08600378036499023
      ],
      "65": [
         0.02622365579009056,
         -0.03955782949924469,
         0.0767371654510498
      ],
      "66": [
         0.014035163447260857,
         -0.04538394510746002,
         0.07174360752105713
      ],
      "67": [
         0.004593386314809322,
         -0.047407958656549454,
         0.07169711589813232
      ],
      "68": [
         -0.004248662851750851,
         -0.04681451618671417,
         0.07203507423400879
      ]
   },
   "keypoints_2d_coordinates": {
      "1": [
         53,
         27
      ],
      "2": [
         63,
         28
      ],
      "3": [
         73,
         28
      ],