{
   "version": "1.0.0",
   "datapoints": [
      {
         "human": {
            "id": "468a0dd1-86e5-4085-b56e-e64ce72b1db9",
            "head": {
               "eyes": {
                  "id": "724473ac-e7ab-4f9d-a20c-bf8aa4a80dbb",
                  "target_of_gaze": {
                     "direction": {
                        "z": 0.26620910835797884,
                        "x": 0.09868846035728174,
                        "y": -0.9638192040923467
                     },
                     "distance": 1.7964465417961044
                  },
                  "eyelid_closure": 0.07473875416021086
               },
               "location": {
                  "z": 0.0,
                  "x": 0.0,
                  "y": 0.0
               },
               "rotation": {
                  "yaw": 0.0,
                  "pitch": 0.0,
                  "roll": 0.0
               },
               "expression": {
                  "intensity": 0.31312170084723645,
                  "name": "none"
               },
               "eyebrows": {
                  "id": "560354ba-b8c9-440e-8bb8-90a2b497debf",
                  "color_settings": {
                     "index_of_refraction": 1.6155890516709186,
                     "melanin": 0.8663726009982212,
                     "redness": 0.9415942312176372,
                     "roughness": 0.3135022272804925,
                     "whiteness": 0.8847728862416477
                  }
               },
               "hair": {
                  "id": "bc043827-35a5-4680-8c5c-e3c23dde15d9",
                  "color_settings": {
                     "index_of_refraction": 1.6155890516709186,
                     "melanin": 0.8663726009982212,
                     "redness": 0.9415942312176372,
                     "roughness": 0.3135022272804925,
                     "whiteness": 0.8847728862416477
                  }
               },
               "facial_hair": null
            }
         },
         "camera": {
            "name": "camera",
            "intrinsic_params": {
               "projection": "perspective",
               "resolution_width": 128,
               "resolution_height": 128,
               "fov_horizontal": 8.0,
               "fov_vertical": 8.0,
               "sensor_width": 15.0,
               "wavelength": "visible"
            },
            "extrinsic_params": {
               "location": {
                  "z": 0.12,
                  "x": 0.0,
                  "y": -1.6
               },
               "rotation": {
                  "yaw": 0.0,
                  "pitch": 0.0,
                  "roll": 0.0
               }
            }
         },
         "accessories": {
            "mask": null,
            "glasses": null
         },
         "background": {
            "id": "0b13e467-6532-4f56-9eee-d75846ee32aa",
            "transparent": false,
            "rotation": 32.140394586507874
         },
         "lights": []
      }
   ]
}