{
   "version": "2.0.0",
   "body": {
      "eye": {
         "left": {
            "outer": {
               "global_3d": {
                  "x": 3.849358081817627,
                  "y": -0.7992933988571167,
                  "z": 1.6411192417144775
               },
               "pixel_2d": {
                  "x": 259,
                  "y": 291
               }
            },
            "center": {
               "global_3d": {
                  "x": 3.852637529373169,
                  "y": -0.786946177482605,
                  "z": 1.6377590894699097
               },
               "pixel_2d": {
                  "x": 260,
                  "y": 290
               }
            },
            "inner": {
               "global_3d": {
                  "x": 3.861436128616333,
                  "y": -0.7762718200683594,
                  "z": 1.634960412979126
               },
               "pixel_2d": {
                  "x": 260,
                  "y": 290
               }
            }
         },
         "right": {
            "center": {
               "global_3d": {
                  "x": 3.892263412475586,
                  "y": -0.7373394072055817,
                  "z": 1.6259349882602692
               },
               "pixel_2d": {
                  "x": 260,
                  "y": 288
               }
            },
            "outer": {
               "global_3d": {
                  "x": 3.904151439666748,
                  "y": -0.7298426032066345,
                  "z": 1.6247642040252686
               },
               "pixel_2d": {
                  "x": 260,
                  "y": 288
               }
            },
            "inner": {
               "global_3d": {
                  "x": 3.8845345973968506,
                  "y": -0.7477658987045288,
                  "z": 1.6277185678482056
               },
               "pixel_2d": {
                  "x": 260,
                  "y": 289
               }
            }
         }
      },
      "ear": {
         "left": {
            "global_3d": {
               "x": 3.8962185212544034,
               "y": -0.8753985592297145,
               "z": 1.632105337721961
            },
            "pixel_2d": {
               "x": 260,
               "y": 293
            }
         },
         "right": {
            "global_3d": {
               "x": 3.985408442361014,
               "y": -0.7609703711100987,
               "z": 1.6079348581177848
            },
            "pixel_2d": {
               "x": 260,
               "y": 288
            }
         }
      },
      "nose": {
         "global_3d": {
            "x": 3.8424172401428223,
            "y": -0.7440436482429504,
            "z": 1.5965296030044556
         },
         "pixel_2d": {
            "x": 261,
            "y": 289
         }
      },
      "mouth": {
         "left": {
            "global_3d": {
               "x": 3.8428802490234375,
               "y": -0.7904833555221558,
               "z": 1.5648435354232788
            },
            "pixel_2d": {
               "x": 262,
               "y": 291
            }
         },
         "right": {
            "global_3d": {
               "x": 3.877006769180298,
               "y": -0.7459731698036194,
               "z": 1.5527786016464233
            },
            "pixel_2d": {
               "x": 263,
               "y": 289
            }
         }
      },
      "heel": {
         "right": {
            "global_3d": {
               "x": 3.914851427078247,
               "y": -0.6253981590270996,
               "z": 0.06238194555044174
            },
            "pixel_2d": {
               "x": 319,
               "y": 284
            }
         },
         "left": {
            "global_3d": {
               "x": 4.173527717590332,
               "y": -1.1271113157272339,
               "z": 0.04630535840988159
            },
            "pixel_2d": {
               "x": 316,
               "y": 300
            }
         }
      },
      "hip": {
         "right": {
            "global_3d": {
               "x": 4.057185271891152,
               "y": -0.8222343122086874,
               "z": 1.0184394484613
            },
            "pixel_2d": {
               "x": 282,
               "y": 290
            }
         },
         "left": {
            "global_3d": {
               "x": 3.922786096247231,
               "y": -0.9761421825827622,
               "z": 1.0143498938258102
            },
            "pixel_2d": {
               "x": 283,
               "y": 297
            }
         }
      },
      "elbow": {
         "right": {
            "global_3d": {
               "x": 4.309591770172119,
               "y": -0.7590568444945596,
               "z": 1.1297624869780107
            },
            "pixel_2d": {
               "x": 277,
               "y": 286
            }
         },
         "left": {
            "global_3d": {
               "x": 3.7923641855066474,
               "y": -1.2431669343601575,
               "z": 1.171948790550232
            },
            "pixel_2d": {
               "x": 278,
               "y": 309
            }
         }
      },
      "wrist": {
         "right": {
            "global_3d": {
               "x": 4.252590090036392,
               "y": -0.6468156923850378,
               "z": 0.8649356837073962
            },
            "pixel_2d": {
               "x": 286,
               "y": 282
            }
         },
         "left": {
            "global_3d": {
               "x": 3.6604142636060715,
               "y": -1.1322291865944862,
               "z": 0.9280256032943726
            },
            "pixel_2d": {
               "x": 288,
               "y": 306
            }
         }
      },
      "shoulder": {
         "left": {
            "global_3d": {
               "x": 3.8639371395111084,
               "y": -1.0126076340675354,
               "z": 1.4163197875022888
            },
            "pixel_2d": {
               "x": 268,
               "y": 299
            }
         },
         "right": {
            "global_3d": {
               "x": 4.105846881866455,
               "y": -0.7676211893558502,
               "z": 1.3958989977836609
            },
            "pixel_2d": {
               "x": 268,
               "y": 288
            }
         }
      },
      "pinky": {
         "left": {
            "global_3d": {
               "x": 3.735322203901079,
               "y": -1.0669315920935736,
               "z": 0.8349111643102434
            },
            "pixel_2d": {
               "x": 291,
               "y": 303
            }
         },
         "right": {
            "global_3d": {
               "x": 4.2355497280756635,
               "y": -0.6327926748328738,
               "z": 0.7175591405895021
            },
            "pixel_2d": {
               "x": 291,
               "y": 282
            }
         }
      },
      "knee": {
         "right": {
            "global_3d": {
               "x": 3.89719491203626,
               "y": -0.634796558568875,
               "z": 0.5518994182348251
            },
            "pixel_2d": {
               "x": 301,
               "y": 284
            }
         },
         "left": {
            "global_3d": {
               "x": 3.9822512169679007,
               "y": -1.002809576690197,
               "z": 0.48512959356109303
            },
            "pixel_2d": {
               "x": 302,
               "y": 297
            }
         }
      },
      "foot": {
         "right": {
            "index": {
               "global_3d": {
                  "x": 3.775176419152154,
                  "y": -0.4156270432803366,
                  "z": 0.13642673649721676
               },
               "pixel_2d": {
                  "x": 318,
                  "y": 276
               }
            }
         },