{
   "version": "2.0.0",
   "feet": {
      "right": {
         "heel": {
            "global_3d": {
               "x": 3.914851427078247,
               "y": -0.6253981590270996,
               "z": 0.06238194555044174
            },
            "pixel_2d": {
               "x": 319,
               "y": 284
            }
         },
         "index": {
            "global_3d": {
               "x": 3.775176419152154,
               "y": -0.4156270432803366,
               "z": 0.13642673649721676
            },
            "pixel_2d": {
               "x": 318,
               "y": 276
            }
         },
         "pinky": {
            "global_3d": {
               "x": 3.8442909916241965,
               "y": -0.41525817579693264,
               "z": 0.10891285166144371
            },
            "pixel_2d": {
               "x": 318,
               "y": 276
            }
         }
      },
      "left": {
         "heel": {
            "global_3d": {
               "x": 4.173527717590332,
               "y": -1.1271113157272339,
               "z": 0.04630535840988159
            },
            "pixel_2d": {
               "x": 316,
               "y": 300
            }
         },
         "pinky": {
            "global_3d": {
               "x": 3.9526361293262906,
               "y": -1.0670944617854223,
               "z": 0.032041977107938796
            },
            "pixel_2d": {
               "x": 320,
               "y": 300
            }
         },
         "index": {
            "global_3d": {
               "x": 3.94405115975274,
               "y": -0.9943503273857964,
               "z": 0.045218783534235425
            },
            "pixel_2d": {
               "x": 319,
               "y": 297
            }
         }
      }
   }
}