{
   "keypoints_3d_coordinates": {
      "1": [
         -0.07808393239974976,
         0.038015250116586685,
         0.14412450790405273
      ],
      "2": [
         -0.07516658306121826,
         0.03318234905600548,
         0.12542259693145752
      ],
      "3": [
         -0.07252620905637741,
         0.031217746436595917,
         0.10557973384857178
      ],
      "4": [
         -0.06801173835992813,
         0.026309605687856674,
         0.08410406112670898
      ],
      "5": [
         -0.05989687889814377,
         0.01619539223611355,
         0.07043099403381348
      ],
      "6": [
         -0.05293205752968788,
         -0.0009810635820031166,
         0.06420791149139404
      ],
      "7": [
         -0.041663654148578644,
         -0.013114366680383682,
         0.05818784236907959
      ],
      "8": [
         -0.029163630679249763,
         -0.02726083993911743,
         0.05420279502868652
      ],
      "9": [
         -0.003916590474545956,
         -0.03682919591665268,
         0.051918983459472656
      ],
      "10": [
         0.02149108052253723,
         -0.027136903256177902,
         0.056159019470214844
      ],
      "11": [
         0.03411956876516342,
         -0.013248851522803307,
         0.06049346923828125
      ],
      "12": [
         0.04597043618559837,
         -0.0011314344592392445,
         0.06696498394012451
      ],
      "13": [
         0.0537802018225193,
         0.015362022444605827,
         0.07359659671783447
      ],
      "14": [
         0.060731567442417145,
         0.025625476613640785,
         0.08665204048156738
      ],
      "15": [
         0.0645555630326271,
         0.03113604336977005,
         0.10704576969146729
      ],
      "16": [
         0.06580917537212372,
         0.03337889537215233,
         0.1264510154724121
      ],
      "17": [
         0.06785375624895096,
         0.038121629506349564,
         0.14548540115356445
      ],
      "18": [
         -0.05140422284603119,
         -0.017156794667243958,
         0.1707247495651245
      ],
      "19": [
         -0.048263125121593475,
         -0.018251294270157814,
         0.17466473579406738
      ],
      "20": [
         -0.03991992399096489,
         -0.022679394111037254,
         0.17690467834472656
      ],
      "21": [
         -0.03063112311065197,
         -0.02556329406797886,
         0.17666471004486084
      ],
      "22": [
         -0.020024023950099945,
         -0.027249494567513466,
         0.17392468452453613
      ],
      "23": [
         0.008347276598215103,
         -0.027404293417930603,
         0.17437469959259033
      ],
      "24": [
         0.01903877593576908,
         -0.026158694177865982,
         0.1769946813583374
      ],
      "25": [
         0.028583575040102005,
         -0.022988194599747658,
         0.17790472507476807
      ],
      "26": [
         0.036917977035045624,
         -0.018664393573999405,
         0.17609477043151855
      ],
      "27": [
         0.04019367694854736,
         -0.01771409437060356,
         0.1717747449874878
      ],
      "28": [
         -0.005653226748108864,
         -0.027375349774956703,
         0.16401708126068115
      ],
      "29": [
         -0.005504928529262543,
         -0.03358855098485947,
         0.151208758354187
      ],
      "30": [
         -0.005452049430459738,
         -0.04058808833360672,
         0.1420670747756958
      ],
      "31": [
         -0.0053673055954277515,
         -0.048536211252212524,
         0.12949895858764648
      ],
      "32": [
         -0.022199559956789017,
         -0.031915776431560516,
         0.11535894870758057
      ],
      "33": [
         -0.01409758161753416,
         -0.036261409521102905,
         0.11438357830047607
      ],
      "34": [
         -0.005319929216057062,
         -0.03887418657541275,
         0.11360394954681396
      ],
      "35": [
         0.0036306120455265045,
         -0.03649691119790077,
         0.11413562297821045
      ],
      "36": [
         0.011931855231523514,
         -0.03222161903977394,
         0.11501693725585938
      ],
      "37": [
         -0.04738296568393707,
         -0.014775444753468037,
         0.15524792671203613
      ],
      "38": [
         -0.04063735902309418,
         -0.021939540281891823,
         0.1535935401916504
      ],
      "39": [
         -0.03141866996884346,
         -0.021916452795267105,
         0.15468883514404297
      ],
      "40": [
         -0.02421584352850914,
         -0.019258251413702965,
         0.15536773204803467
      ],
      "41": [
         -0.031222868710756302,
         -0.021841075271368027,
         0.15446293354034424
      ],
      "42": [
         -0.04045166075229645,
         -0.021427096799016,
         0.15314269065856934
      ],
      "43": [
         0.013609014451503754,
         -0.01953018829226494,
         0.1558130979537964
      ],
      "44": [
         0.021136941388249397,
         -0.022323288023471832,
         0.15482890605926514
      ],
      "45": [
         0.030745286494493484,
         -0.022440394386649132,
         0.1543269157409668
      ],
      "46": [
         0.03669225051999092,
         -0.015224809758365154,
         0.15575015544891357
      ],
      "47": [
         0.03038904070854187,
         -0.021592237055301666,
         0.15408027172088623
      ],
      "48": [
         0.020909510552883148,
         -0.022260593250393867,
         0.1545470952987671
      ],
      "49": [
         -0.0289606936275959,
         -0.027979377657175064,
         0.08940494060516357
      ],
      "50": [
         -0.023326639086008072,
         -0.03603871166706085,
         0.09439170360565186
      ],
      "51": [
         -0.01520335953682661,
         -0.04119298607110977,
         0.09839141368865967
      ],
      "52": [
         -0.005141596309840679,
         -0.04366782680153847,
         0.09748351573944092
      ],
      "53": [
         0.005247198045253754,
         -0.04122133553028107,
         0.09818756580352783
      ],
      "54": [
         0.013977939262986183,
         -0.03564780205488205,
         0.09424877166748047
      ],
      "55": [
         0.019061554223299026,
         -0.027337200939655304,
         0.0899505615234375
      ],
      "56": [
         0.013277245685458183,
         -0.033112283796072006,
         0.08634352684020996
      ],
      "57": [
         0.005422879010438919,
         -0.04032731428742409,
         0.08444952964782715
      ],
      "58": [
         -0.005123222712427378,
         -0.04317418113350868,
         0.08411645889282227
      ],
      "59": [
         -0.01533147320151329,
         -0.0408901683986187,
         0.08431077003479004
      ],
      "60": [
         -0.023485561832785606,
         -0.03448747098445892,
         0.0862741470336914
      ],
      "61": [
         -0.02685500867664814,
         -0.026445448398590088,
         0.0900411605834961
      ],
      "62": [
         -0.013792827725410461,
         -0.03658226877450943,
         0.09152984619140625
      ],
      "63": [
         -0.005053441971540451,
         -0.03811463341116905,
         0.09103012084960938
      ],
      "64": [
         0.004295029677450657,
         -0.03600320219993591,
         0.09124672412872314
      ],
      "65": [
         0.01697494089603424,
         -0.025694789364933968,
         0.09018814563751221
      ],
      "66": [
         0.004274954088032246,
         -0.035809360444545746,
         0.09097766876220703
      ],
      "67": [
         -0.005140249151736498,
         -0.037870701402425766,
         0.09073019027709961
      ],
      "68": [
         -0.014112762175500393,
         -0.03690603747963905,
         0.09101438522338867
      ]
   },
   "keypoints_2d_coordinates": {
      "1": [
         51,
         20
      ],
      "2": [
         61,
         22
      ],
      "3": [
         72,
         23
      ],