{
   "keypoints_3d_coordinates": {
      "1": [
         -0.06011413410305977,
         0.005914527922868729,
         0.12465155124664307
      ],
      "2": [
         -0.059285540133714676,
         0.0037249326705932617,
         0.10905265808105469
      ],
      "3": [
         -0.05711885169148445,
         0.0053672753274440765,
         0.09424483776092529
      ],
      "4": [
         -0.0521698035299778,
         0.004187934100627899,
         0.07678461074829102
      ],
      "5": [
         -0.04758851230144501,
         -0.0024012085050344467,
         0.06188976764678955
      ],
      "6": [
         -0.04133234918117523,
         -0.0154771339148283,
         0.05214881896972656
      ],
      "7": [
         -0.035148996859788895,
         -0.02588171511888504,
         0.0434497594833374
      ],
      "8": [
         -0.026600223034620285,
         -0.037681274116039276,
         0.03658401966094971
      ],
      "9": [
         -0.0049170246347785,
         -0.04514453187584877,
         0.030879735946655273
      ],
      "10": [
         0.016255170106887817,
         -0.03767998516559601,
         0.03959834575653076
      ],
      "11": [
         0.025322645902633667,
         -0.02614540606737137,
         0.046851158142089844
      ],
      "12": [
         0.029623162001371384,
         -0.015146316029131413,
         0.056417226791381836
      ],
      "13": [
         0.035025838762521744,
         -0.0013987459242343903,
         0.0664743185043335
      ],
      "14": [
         0.03839413449168205,
         0.005565084517002106,
         0.08142387866973877
      ],
      "15": [
         0.04039251059293747,
         0.0070418789982795715,
         0.09815835952758789
      ],
      "16": [
         0.041596539318561554,
         0.005395125597715378,
         0.11293447017669678
      ],
      "17": [
         0.041524432599544525,
         0.008640136569738388,
         0.12888693809509277
      ],
      "18": [
         -0.050267189741134644,
         -0.040656138211488724,
         0.13616013526916504
      ],
      "19": [
         -0.04812778905034065,
         -0.04418143630027771,
         0.13814008235931396
      ],
      "20": [
         -0.041945986449718475,
         -0.05054793879389763,
         0.14043009281158447
      ],
      "21": [
         -0.03432958573102951,
         -0.05636713653802872,
         0.14054012298583984
      ],
      "22": [
         -0.025325288996100426,
         -0.06041893735527992,
         0.1379101276397705
      ],
      "23": [
         0.005393411964178085,
         -0.05989723652601242,
         0.13845014572143555
      ],
      "24": [
         0.014568712562322617,
         -0.055497538298368454,
         0.1416400671005249
      ],
      "25": [
         0.022660311311483383,
         -0.05002214014530182,
         0.14183008670806885
      ],
      "26": [
         0.02877921238541603,
         -0.04342163726687431,
         0.139970064163208
      ],
      "27": [
         0.03126031160354614,
         -0.03976817801594734,
         0.13843011856079102
      ],
      "28": [
         -0.00947069562971592,
         -0.06159374862909317,
         0.1241532564163208
      ],
      "29": [
         -0.008859296329319477,
         -0.06612201035022736,
         0.11191868782043457
      ],
      "30": [
         -0.008475309237837791,
         -0.07201243937015533,
         0.1050339937210083
      ],
      "31": [
         -0.007972619496285915,
         -0.0798683613538742,
         0.09412932395935059
      ],
      "32": [
         -0.020238175988197327,
         -0.059965282678604126,
         0.08168816566467285
      ],
      "33": [
         -0.015216066502034664,
         -0.0644136294722557,
         0.08009910583496094
      ],
      "34": [
         -0.008412067778408527,
         -0.06657464057207108,
         0.0799328088760376
      ],
      "35": [
         -0.0016598226502537727,
         -0.06375491619110107,
         0.08007514476776123
      ],
      "36": [
         0.00359449815005064,
         -0.05959915742278099,
         0.08283579349517822
      ],
      "37": [
         -0.04325852170586586,
         -0.04601218178868294,
         0.11693596839904785
      ],
      "38": [
         -0.03815067559480667,
         -0.05127803981304169,
         0.1126699447631836
      ],
      "39": [
         -0.02742847241461277,
         -0.05164434760808945,
         0.11297190189361572
      ],
      "40": [
         -0.020846545696258545,
         -0.048305682837963104,
         0.11513304710388184
      ],
      "41": [
         -0.02720409259200096,
         -0.05137261003255844,
         0.11301720142364502
      ],
      "42": [
         -0.03764045238494873,
         -0.0503406748175621,
         0.11286282539367676
      ],
      "43": [
         0.0023267753422260284,
         -0.048031795769929886,
         0.11579358577728271
      ],
      "44": [
         0.010469736531376839,
         -0.05088900774717331,
         0.11459243297576904
      ],
      "45": [
         0.021356798708438873,
         -0.05003932863473892,
         0.11502707004547119
      ],
      "46": [
         0.025921408087015152,
         -0.044008783996105194,
         0.11942338943481445
      ],
      "47": [
         0.021201787516474724,
         -0.04968452453613281,
         0.11475777626037598
      ],
      "48": [
         0.009930849075317383,
         -0.050978802144527435,
         0.11442804336547852
      ],
      "49": [
         -0.026703037321567535,
         -0.05460747331380844,
         0.06141471862792969
      ],
      "50": [
         -0.02307693101465702,
         -0.06284087896347046,
         0.06544160842895508
      ],
      "51": [
         -0.016405047848820686,
         -0.06742636114358902,
         0.06957089900970459
      ],
      "52": [
         -0.007411531638354063,
         -0.06951984018087387,
         0.06993699073791504
      ],
      "53": [
         0.001583208329975605,
         -0.06705653667449951,
         0.06991684436798096
      ],
      "54": [
         0.008374521508812904,
         -0.062069255858659744,
         0.0672905445098877
      ],
      "55": [
         0.011473162099719048,
         -0.05536248907446861,
         0.06358480453491211
      ],
      "56": [
         0.008458856493234634,
         -0.060728520154953,
         0.06034195423126221
      ],
      "57": [
         0.0025156335905194283,
         -0.0652170330286026,
         0.05865800380706787
      ],
      "58": [
         -0.006774026434868574,
         -0.06758305430412292,
         0.057306885719299316
      ],
      "59": [
         -0.015387664549052715,
         -0.06611838936805725,
         0.05781149864196777
      ],
      "60": [
         -0.02234642021358013,
         -0.060158539563417435,
         0.05939948558807373
      ],
      "61": [
         -0.025134149938821793,
         -0.05248364061117172,
         0.06122303009033203
      ],
      "62": [
         -0.014681658707559109,
         -0.06297077238559723,
         0.06510090827941895
      ],
      "63": [
         -0.006994438823312521,
         -0.06433533877134323,
         0.06533682346343994
      ],
      "64": [
         0.0007703835144639015,
         -0.062462639063596725,
         0.06558430194854736
      ],
      "65": [
         0.010346760973334312,
         -0.05419757217168808,
         0.06288409233093262
      ],
      "66": [
         0.000883840024471283,
         -0.06196111813187599,
         0.06349730491638184
      ],
      "67": [
         -0.0068884785287082195,
         -0.06360048055648804,
         0.06322109699249268
      ],
      "68": [
         -0.01447361335158348,
         -0.0618576817214489,
         0.06320405006408691
      ]
   },
   "keypoints_2d_coordinates": {
      "1": [
         61,
         30
      ],
      "2": [
         70,
         30
      ],
      "3": [
         79,
         31
      ],