{
   "facial_hair_included": false,
   "face_expression": {
      "name": "happiness",
      "intensity_level": 2
   },
   "identity_label": {
      "age": "old",
      "ethnicity": "hispanic",
      "gender": "female"
   },
   "identity_id": "dee92a8f-096d-4f38-9146-571a742c0321",
   "head_metadata": {
      "head_root_location": {
         "x": 0.0,
         "y": 0.0,
         "z": 0.0
      },
      "head_rotation": {
         "pitch": -10.280795616061315,
         "yaw": 24.873395740050594,
         "roll": 0.0
      },
      "head_six_dof": {
         "location": {
            "x": 0.02183273434638977,
            "y": -0.037685930728912354,
            "z": 0.15625232458114624
         },
         "look_at_vector": {
            "x": 0.4139340938567627,
            "y": -0.8926576542828628,
            "z": 0.17838407494279818
         }
      }
   },
   "apex_of_cornea_point": {
      "2d": {
         "camera_1": {
            "right_eye": {
               "x": 378,
               "y": 484
            },
            "left_eye": {
               "x": 381,
               "y": 729
            }
         }
      },
      "3d": {
         "right_eye": {
            "x": -0.005992673337459564,
            "y": -0.046385932713747025,
            "z": 0.14846594631671906
         },
         "left_eye": {
            "x": 0.04667140543460846,
            "y": -0.02210845984518528,
            "z": 0.14814597368240356
         }
      }
   },
   "center_of_rotation_point": {
      "2d": {
         "camera_1": {
            "right_eye": {
               "x": 389,
               "y": 465
            },
            "left_eye": {
               "x": 392,
               "y": 703
            }
         }
      },
      "3d": {
         "right_eye": {
            "x": -0.010000960901379585,
            "y": -0.03668093681335449,
            "z": 0.14634743332862854
         },
         "left_eye": {
            "x": 0.04145914316177368,
            "y": -0.012381172738969326,
            "z": 0.14601778984069824
         }
      }
   },
   "iris_circle": {
      "2d": {
         "camera_1": {
            "right_eye": [
               {
                  "x": 353,
                  "y": 478
               },
               {
                  "x": 357,
                  "y": 491
               },
               {
                  "x": 367,
                  "y": 501
               },
               {
                  "x": 380,
                  "y": 505
               },
               {
                  "x": 394,
                  "y": 503
               },
               {
                  "x": 404,
                  "y": 494
               },
               {
                  "x": 407,
                  "y": 482
               },
               {
                  "x": 404,
                  "y": 469
               },
               {
                  "x": 393,
                  "y": 459
               },
               {
                  "x": 380,
                  "y": 454
               },
               {
                  "x": 367,
                  "y": 457
               },
               {
                  "x": 357,
                  "y": 465
               }
            ],
            "left_eye": [
               {
                  "x": 357,
                  "y": 721
               },
               {
                  "x": 361,
                  "y": 733
               },
               {
                  "x": 371,
                  "y": 743
               },
               {
                  "x": 384,
                  "y": 748
               },
               {
                  "x": 398,
                  "y": 746
               },
               {
                  "x": 407,
                  "y": 737
               },
               {
                  "x": 410,
                  "y": 726
               },
               {
                  "x": 407,
                  "y": 714
               },
               {
                  "x": 397,
                  "y": 704
               },
               {
                  "x": 383,
                  "y": 700
               },
               {
                  "x": 370,
                  "y": 702
               },
               {
                  "x": 360,
                  "y": 709
               }
            ]
         }
      },
      "3d": {
         "right_eye": [
            {
               "x": -0.007282487116754055,
               "y": -0.04340441897511482,
               "z": 0.15382599830627441
            },
            {
               "x": -0.004536554682999849,
               "y": -0.04244599491357803,
               "z": 0.15304063260555267
            },
            {
               "x": -0.0024151308462023735,
               "y": -0.041995175182819366,
               "z": 0.15095412731170654
            },
            {
               "x": -0.0014494727365672588,
               "y": -0.04222613573074341,
               "z": 0.14806349575519562
            },
            {
               "x": -0.0019358341814950109,
               "y": -0.0430326983332634,
               "z": 0.14517274498939514
            },
            {
               "x": -0.0037433484103530645,
               "y": -0.04426102712750435,
               "z": 0.1430109739303589
            },
            {
               "x": -0.006301018409430981,
               "y": -0.04555974528193474,
               "z": 0.14220304787158966
            },
            {
               "x": -0.009063846431672573,
               "y": -0.04652924835681915,
               "z": 0.1429736465215683
            },
            {
               "x": -0.011263051070272923,
               "y": -0.04695471003651619,
               "z": 0.1451561450958252
            },
            {
               "x": -0.012241430580615997,
               "y": -0.04673323407769203,
               "z": 0.14803558588027954
            },
            {
               "x": -0.011739198118448257,
               "y": -0.04591027647256851,
               "z": 0.15084312856197357
            },
            {
               "x": -0.009890442714095116,
               "y": -0.044695254415273666,
               "z": 0.15298011898994446
            }
         ],
         "left_eye": [
            {
               "x": 0.04510673135519028,
               "y": -0.019001517444849014,
               "z": 0.15353161096572876
            },
            {
               "x": 0.04785900563001633,
               "y": -0.017728697508573532,
               "z": 0.15263895690441132
            },
            {
               "x": 0.0500171035528183,
               "y": -0.01708659902215004,
               "z": 0.1504426747560501
            },
            {
               "x": 0.050934284925460815,
               "y": -0.01722392626106739,
               "z": 0.1475989818572998
            },
            {
               "x": 0.05048029497265816,
               "y": -0.01812157966196537,
               "z": 0.14472228288650513
            },
            {
               "x": 0.048666443675756454,
               "y": -0.019580384716391563,
               "z": 0.14262044429779053
            },
            {
               "x": 0.046061448752880096,
               "y": -0.021150637418031693,
               "z": 0.1419086456298828
            },
            {
               "x": 0.04345112293958664,
               "y": -0.022384177893400192,
               "z": 0.1427006870508194
            },
            {
               "x": 0.041442614048719406,
               "y": -0.02295718714594841,
               "z": 0.14483745396137238
            },
            {
               "x": 0.04052577167749405,
               "y": -0.02278638631105423,
               "z": 0.14779403805732727
            },
            {
               "x": 0.04095766693353653,
               "y": -0.021903779357671738,