{
   "identity_id": "af8551f3-287a-4798-9ff3-ceef8d5e0190",
   "facial_hair_included": false,
   "identity_label": {
      "age": "adult",
      "ethnicity": "hispanic",
      "gender": "female"
   },
   "face_expression": {
      "name": "fear",
      "intensity_level": 3
   },
   "head_metadata": {
      "head_root_location": {
         "x": 0.0,
         "y": 0.0,
         "z": 0.0
      },
      "head_rotation": {
         "pitch": 0.22645913743915114,
         "yaw": -17.11527072977825,
         "roll": -2.815381777764453
      },
      "head_six_dof": {
         "location": {
            "x": -0.017907001078128815,
            "y": -0.05806339904665947,
            "z": 0.15290187299251556
         },
         "look_at_vector": {
            "x": -0.29417779660981336,
            "y": -0.955693411379809,
            "z": 0.010465535199801918
         }
      }
   },
   "apex_of_cornea_point": {
      "2d": {
         "camera": {
            "right_eye": {
               "x": 375,
               "y": 317
            },
            "left_eye": {
               "x": 382,
               "y": 558
            }
         }
      },
      "3d": {
         "right_eye": {
            "x": -0.04151999205350876,
            "y": -0.04242090880870819,
            "z": 0.14914913475513458
         },
         "left_eye": {
            "x": 0.009641442447900772,
            "y": -0.05667288228869438,
            "z": 0.14746354520320892
         }
      }
   },
   "center_of_rotation_point": {
      "2d": {
         "camera": {
            "right_eye": {
               "x": 395,
               "y": 338
            },
            "left_eye": {
               "x": 401,
               "y": 571
            }
         }
      },
      "3d": {
         "right_eye": {
            "x": -0.037355732172727585,
            "y": -0.03068118914961815,
            "z": 0.1450759619474411
         },
         "left_eye": {
            "x": 0.012499792501330376,
            "y": -0.0447724424302578,
            "z": 0.14354489743709564
         }
      }
   },
   "iris_circle": {
      "2d": {
         "camera": {
            "right_eye": [
               {
                  "x": 350,
                  "y": 325
               },
               {
                  "x": 354,
                  "y": 340
               },
               {
                  "x": 365,
                  "y": 349
               },
               {
                  "x": 380,
                  "y": 350
               },
               {
                  "x": 395,
                  "y": 344
               },
               {
                  "x": 405,
                  "y": 332
               },
               {
                  "x": 409,
                  "y": 317
               },
               {
                  "x": 405,
                  "y": 302
               },
               {
                  "x": 393,
                  "y": 293
               },
               {
                  "x": 378,
                  "y": 292
               },
               {
                  "x": 364,
                  "y": 298
               },
               {
                  "x": 353,
                  "y": 310
               }
            ],
            "left_eye": [
               {
                  "x": 355,
                  "y": 565
               },
               {
                  "x": 360,
                  "y": 580
               },
               {
                  "x": 372,
                  "y": 589
               },
               {
                  "x": 388,
                  "y": 591
               },
               {
                  "x": 402,
                  "y": 585
               },
               {
                  "x": 412,
                  "y": 572
               },
               {
                  "x": 415,
                  "y": 556
               },
               {
                  "x": 410,
                  "y": 542
               },
               {
                  "x": 399,
                  "y": 532
               },
               {
                  "x": 384,
                  "y": 530
               },
               {
                  "x": 369,
                  "y": 536
               },
               {
                  "x": 358,
                  "y": 549
               }
            ]
         }
      },
      "3d": {
         "right_eye": [
            {
               "x": -0.039782360196113586,
               "y": -0.038214124739170074,
               "z": 0.154631569981575
            },
            {
               "x": -0.036688435822725296,
               "y": -0.03965882956981659,
               "z": 0.15367816388607025
            },
            {
               "x": -0.03474675491452217,
               "y": -0.04115455225110054,
               "z": 0.15130068361759186
            },
            {
               "x": -0.03437620401382446,
               "y": -0.04237603396177292,
               "z": 0.14812152087688446
            },
            {
               "x": -0.03564142435789108,
               "y": -0.043021559715270996,
               "z": 0.14494608342647552
            },
            {
               "x": -0.03826052322983742,
               "y": -0.04294320568442345,
               "z": 0.1426556259393692
            },
            {
               "x": -0.041593968868255615,
               "y": -0.042002636939287186,
               "z": 0.14193816483020782
            },
            {
               "x": -0.04467065632343292,
               "y": -0.04058647155761719,
               "z": 0.1428380012512207
            },
            {
               "x": -0.04665429890155792,
               "y": -0.039015162736177444,
               "z": 0.14527960121631622
            },
            {
               "x": -0.047033365815877914,
               "y": -0.03774941340088844,
               "z": 0.14855554699897766
            },
            {
               "x": -0.04574191942811012,
               "y": -0.03713610768318176,
               "z": 0.15168069303035736
            },
            {
               "x": -0.04309563338756561,
               "y": -0.03728348761796951,
               "z": 0.15390712022781372
            }
         ],
         "left_eye": [
            {
               "x": 0.011176743544638157,
               "y": -0.0523851104080677,
               "z": 0.1531354784965515
            },
            {
               "x": 0.014299115166068077,
               "y": -0.05348987132310867,
               "z": 0.15209627151489258
            },
            {
               "x": 0.016301719471812248,
               "y": -0.054816652089357376,
               "z": 0.1495341658592224
            },
            {
               "x": 0.01669994741678238,
               "y": -0.0559917613863945,
               "z": 0.14625254273414612
            },
            {
               "x": 0.015401698648929596,
               "y": -0.056717101484537125,
               "z": 0.1431673765182495
            },
            {
               "x": 0.012709224596619606,
               "y": -0.05676129460334778,
               "z": 0.14099876582622528
            },
            {
               "x": 0.00933864340186119,
               "y": -0.05616164579987526,
               "z": 0.14040012657642365
            },
            {
               "x": 0.006262506358325481,
               "y": -0.05508363991975784,
               "z": 0.14144602417945862
            },
            {
               "x": 0.004243182018399239,
               "y": -0.053749315440654755,
               "z": 0.14388546347618103
            },
            {
               "x": 0.003843007842078805,
               "y": -0.052577439695596695,
               "z": 0.1470559537410736
            },
            {
               "x": 0.0051447064615786076,
               "y": -0.05185563489794731,