{
   "version": "1.0.0",
   "facial_hair_included": false,
   "apex_of_cornea_point": {
      "2d": {
         "camera": {
            "right_eye": {
               "x": 37.63564270001507,
               "y": 46.318680600135835
            },
            "left_eye": {
               "x": 37.92425453677717,
               "y": 84.03817394165138
            }
         }
      },
      "3d": {
         "right_eye": {
            "x": -0.029728474095463753,
            "y": -0.0611572302877903,
            "z": 0.1643276959657669
         },
         "left_eye": {
            "x": 0.03372935950756073,
            "y": -0.059412918984889984,
            "z": 0.16389213502407074
         }
      }
   },
   "identity_label": {
      "age": "adult",
      "ethnicity": "hispanic",
      "gender": "male"
   },
   "center_of_pupil_point": {
      "2d": {
         "camera": {
            "right_eye": {
               "x": 37.287917581058,
               "y": 45.680146743969026
            },
            "left_eye": {
               "x": 37.58654716310969,
               "y": 83.1311565829095
            }
         }
      },
      "3d": {
         "right_eye": {
            "x": -0.030857166275382042,
            "y": -0.05840479955077171,
            "z": 0.16499267518520355
         },
         "left_eye": {
            "x": 0.03225655108690262,
            "y": -0.056832730770111084,
            "z": 0.1645350456237793
         }
      }
   },
   "face_expression": {
      "intensity_level": 2.6268323123354924,
      "name": "surprise"
   },
   "center_of_iris_point": {
      "2d": {
         "camera": {
            "right_eye": {
               "x": 37.32929917969398,
               "y": 45.75638842153657
            },
            "left_eye": {
               "x": 37.62724029665366,
               "y": 83.23963331493913
            }
         }
      },
      "3d": {
         "right_eye": {
            "x": -0.030722210183739662,
            "y": -0.05873279273509979,
            "z": 0.16491341590881348
         },
         "left_eye": {
            "x": 0.03243296593427658,
            "y": -0.057141225785017014,
            "z": 0.1644575446844101
         }
      }
   },
   "accessories": [],
   "head_metadata": {
      "head_rotation": {
         "roll": 0.0,
         "pitch": 0.0,
         "yaw": 0.0
      },
      "head_root_location": {
         "x": 0.0,
         "y": 0.0,
         "z": 0.0
      },
      "head_six_dof": {
         "location": {
            "x": -0.0034241671673953533,
            "y": -0.06961507350206375,
            "z": 0.17278432846069336
         },
         "look_at_vector": {
            "x": 8.74227803627227e-08,
            "y": -0.9999999999999962,
            "z": 9.553428304548457e-16
         }
      }
   },
   "center_of_rotation_point": {
      "2d": {
         "camera": {
            "right_eye": {
               "x": 36.21443055502276,
               "y": 43.711234837932885
            },
            "left_eye": {
               "x": 36.539255745978316,
               "y": 80.31765096246771
            }
         }
      },
      "3d": {
         "right_eye": {
            "x": -0.03436325490474701,
            "y": -0.04984552785754204,
            "z": 0.16706065833568573
         },
         "left_eye": {
            "x": 0.027656449005007744,
            "y": -0.04877399280667305,
            "z": 0.166542649269104
         }
      }
   },
   "eye_gaze": {
      "axis_directions": {
         "right_eye": {
            "axis_directions": {
               "visual_axis_direction": {
                  "x": 0.4287918013615489,
                  "y": -0.8774018283523178,
                  "z": -0.21518276578092374
               },
               "optical_axis_direction": {
                  "x": 0.370271671336674,
                  "y": -0.9029451495872731,
                  "z": -0.2181489084143285
               }
            }
         },
         "left_eye": {
            "axis_directions": {
               "visual_axis_direction": {
                  "x": 0.80552284778818,
                  "y": -0.5678489047322047,
                  "z": -0.16935336750610072
               },
               "optical_axis_direction": {
                  "x": 0.48452180924809174,
                  "y": -0.8488255800891298,
                  "z": -0.21150354831375343
               }
            }
         }
      },
      "target_point": {
         "right_eye": {
            "x": 2.1684694290161133,
            "y": -4.57133674621582,
            "z": -0.9484601616859436
         },
         "left_eye": {
            "x": 2.1684694290161133,
            "y": -4.57133674621582,
            "z": -0.9484601616859436
         }
      },
      "eye_gaze_direction_type": "custom"
   },
   "eyelid_closure_intensity_level": 1,
   "iris_circle": {
      "2d": {
         "camera": {
            "right_eye": [
               {
                  "x": 33.45297223741711,
                  "y": 45.9361483894998
               },
               {
                  "x": 33.91814391139407,
                  "y": 47.767705791409504
               },
               {
                  "x": 35.29914850449463,
                  "y": 49.06346130421622
               },
               {
                  "x": 37.224095066490825,
                  "y": 49.47818215580604
               },
               {
                  "x": 39.1786499196012,
                  "y": 48.9030983480743
               },
               {
                  "x": 40.64149417870841,
                  "y": 47.49215139056714
               },
               {
                  "x": 41.22237619788668,
                  "y": 45.6212422908561
               },
               {
                  "x": 40.76421340965517,
                  "y": 43.7894296503068
               },
               {
                  "x": 39.387235927521004,
                  "y": 42.48787714124117
               },
               {
                  "x": 37.45891343651568,
                  "y": 42.067244595735986
               },
               {
                  "x": 35.49708263490094,
                  "y": 42.64251731182934
               },
               {
                  "x": 34.03055080034515,
                  "y": 44.059337062112235
               }
            ],
            "left_eye": [
               {
                  "x": 33.75225638100298,
                  "y": 83.46032442689202
               },
               {
                  "x": 34.16928363495,
                  "y": 85.14447972316512
               },
               {
                  "x": 35.51386579925947,
                  "y": 86.32340625880902
               },
               {
                  "x": 37.42412476193397,
                  "y": 86.6838755002652
               },
               {
                  "x": 39.39007641115419,
                  "y": 86.13165504785512
               },
               {
                  "x": 40.88829645794242,
                  "y": 84.81400834701057
               },
               {
                  "x": 41.51833150423978,
                  "y": 83.08162006876704
               },
               {
                  "x": 41.10968753268933,
                  "y": 81.39628156250902
               },
               {
                  "x": 39.769063958115815,
                  "y": 80.21007713744198
               },
               {
                  "x": 37.85385690661881,
                  "y": 79.84341410664003
               },
               {
                  "x": 35.87913284932823,
                  "y": 80.39689031136055
               },
               {
                  "x": 34.37748033572744,
                  "y": 81.72171965838672
               }
            ]
         }
      },
      "3d": {
         "right_eye": [
            {
               "x": -0.030388958752155304,
               "y": -0.0602799616754055,