{
   "keypoints_3d_coordinates": {
      "1": [
         -0.058756858110427856,
         -0.020048806443810463,
         0.14518463611602783
      ],
      "2": [
         -0.05915660411119461,
         -0.01732524111866951,
         0.12479948997497559
      ],
      "3": [
         -0.06054667755961418,
         -0.01161551009863615,
         0.1073828935623169
      ],
      "4": [
         -0.0589912086725235,
         -0.004056880250573158,
         0.08530223369598389
      ],
      "5": [
         -0.05375577509403229,
         -0.00424630381166935,
         0.0673438310623169
      ],
      "6": [
         -0.0428030900657177,
         -0.015374080277979374,
         0.05114889144897461
      ],
      "7": [
         -0.030372895300388336,
         -0.02055281028151512,
         0.03484666347503662
      ],
      "8": [
         -0.017162803560495377,
         -0.028626468032598495,
         0.0197981595993042
      ],
      "9": [
         0.010982385836541653,
         -0.030566086992621422,
         0.008867859840393066
      ],
      "10": [
         0.036720629781484604,
         -0.018804728984832764,
         0.01736927032470703
      ],
      "11": [
         0.046533141285181046,
         -0.007022343575954437,
         0.030659794807434082
      ],
      "12": [
         0.05626431852579117,
         -0.000416068360209465,
         0.04654562473297119
      ],
      "13": [
         0.06425230205059052,
         0.012560442090034485,
         0.0615084171295166
      ],
      "14": [
         0.07302355766296387,
         0.01795504242181778,
         0.07694077491760254
      ],
      "15": [
         0.07946277409791946,
         0.012461405247449875,
         0.09808838367462158
      ],
      "16": [
         0.08172952383756638,
         0.006837878376245499,
         0.11487340927124023
      ],
      "17": [
         0.08373870700597763,
         0.004719346761703491,
         0.13489925861358643
      ],
      "18": [
         -0.02441980317234993,
         -0.08403419703245163,
         0.12894155085086823
      ],
      "19": [
         -0.020694054663181305,
         -0.08731633424758911,
         0.13240483403205872
      ],
      "20": [
         -0.010802523232996464,
         -0.09159783273935318,
         0.13035349547863007
      ],
      "21": [
         -2.2300751879811287e-05,
         -0.09339069575071335,
         0.12654273211956024
      ],
      "22": [
         0.011654340662062168,
         -0.0913163498044014,
         0.12235121428966522
      ],
      "23": [
         0.042397670447826385,
         -0.08588997274637222,
         0.12122736871242523
      ],
      "24": [
         0.054197393357753754,
         -0.08347156643867493,
         0.12350843846797943
      ],
      "25": [
         0.06369993835687637,
         -0.0787031501531601,
         0.1262628734111786
      ],
      "26": [
         0.07139221578836441,
         -0.07174079865217209,
         0.12713737785816193
      ],
      "27": [
         0.07361851632595062,
         -0.06770029664039612,
         0.12313532829284668
      ],
      "28": [
         0.02610420063138008,
         -0.08518044650554657,
         0.11255037784576416
      ],
      "29": [
         0.025588907301425934,
         -0.08376104384660721,
         0.09971582889556885
      ],
      "30": [
         0.025738723576068878,
         -0.08680112659931183,
         0.08758771419525146
      ],
      "31": [
         0.026010049507021904,
         -0.09086112678050995,
         0.07211828231811523
      ],
      "32": [
         0.004175580106675625,
         -0.06910930573940277,
         0.06681597232818604
      ],
      "33": [
         0.01230773888528347,
         -0.07253521680831909,
         0.06340861320495605
      ],
      "34": [
         0.022213589400053024,
         -0.07298589497804642,
         0.06164705753326416
      ],
      "35": [
         0.031384751200675964,
         -0.06872255355119705,
         0.06212294101715088
      ],
      "36": [
         0.03779667615890503,
         -0.06232757493853569,
         0.0660247802734375
      ],
      "37": [
         -0.022143637761473656,
         -0.06930960714817047,
         0.11495459079742432
      ],
      "38": [
         -0.013157811015844345,
         -0.08039796352386475,
         0.11550474166870117
      ],
      "39": [
         -0.0002391391317360103,
         -0.07787376642227173,
         0.11447274684906006
      ],
      "40": [
         0.007215376477688551,
         -0.07001166045665741,
         0.11038124561309814
      ],
      "41": [
         -0.0007616989896632731,
         -0.0723704993724823,
         0.10693860054016113
      ],
      "42": [
         -0.013884165324270725,
         -0.07308944314718246,
         0.10712814331054688
      ],
      "43": [
         0.03809230774641037,
         -0.06509558856487274,
         0.10820174217224121
      ],
      "44": [
         0.04747893288731575,
         -0.0697241798043251,
         0.11182248592376709
      ],
      "45": [
         0.06013353914022446,
         -0.06741589307785034,
         0.11129581928253174
      ],
      "46": [
         0.06493980437517166,
         -0.054039016366004944,
         0.10995686054229736
      ],
      "47": [
         0.057867228984832764,
         -0.06023796275258064,
         0.10310626029968262
      ],
      "48": [
         0.04632122069597244,
         -0.06390881538391113,
         0.10441195964813232
      ],
      "49": [
         -0.010852078907191753,
         -0.0553053617477417,
         0.04483139514923096
      ],
      "50": [
         -0.0025047692470252514,
         -0.06543664634227753,
         0.04709959030151367
      ],
      "51": [
         0.008318403735756874,
         -0.0710427388548851,
         0.04831409454345703
      ],
      "52": [
         0.02125052735209465,
         -0.07155163586139679,
         0.046967148780822754
      ],
      "53": [
         0.032903775572776794,
         -0.06608234345912933,
         0.04778754711151123
      ],
      "54": [
         0.04018177092075348,
         -0.056314870715141296,
         0.04576551914215088
      ],
      "55": [
         0.04372144863009453,
         -0.0441795252263546,
         0.04308450222015381
      ],
      "56": [
         0.039046015590429306,
         -0.04899464547634125,
         0.03706920146942139
      ],
      "57": [
         0.030455203726887703,
         -0.05466492474079132,
         0.03059566020965576
      ],
      "58": [
         0.017693810164928436,
         -0.05829497426748276,
         0.029094696044921875
      ],
      "59": [
         0.005438870284706354,
         -0.06022920459508896,
         0.03086543083190918
      ],
      "60": [
         -0.0047551365569233894,
         -0.05806156247854233,
         0.03808021545410156
      ],
      "61": [
         -0.007963147945702076,
         -0.05396575480699539,
         0.0454944372177124
      ],
      "62": [
         0.008563952520489693,
         -0.0627143383026123,
         0.042604923248291016
      ],
      "63": [
         0.019435551017522812,
         -0.06233548745512962,
         0.041806936264038086
      ],
      "64": [
         0.029551317915320396,
         -0.058445654809474945,
         0.042307138442993164
      ],
      "65": [
         0.04095970839262009,
         -0.04381197690963745,
         0.04450523853302002
      ],
      "66": [
         0.029339775443077087,
         -0.057004280388355255,
         0.03990530967712402
      ],
      "67": [
         0.018951227888464928,
         -0.060503385961055756,
         0.03959929943084717
      ],
      "68": [
         0.007975485175848007,
         -0.061459045857191086,
         0.04031813144683838
      ]
   },
   "keypoints_2d_coordinates": {
      "1": [
         395,
         240
      ],
      "2": [
         490,
         238
      ],
      "3": [
         570,
         233
      ],