{
   "keypoints_3d_coordinates": {
      "1": [
         -0.059591904282569885,
         0.01852312684059143,
         0.13846731185913086
      ],
      "2": [
         -0.057835984975099564,
         0.014488175511360168,
         0.12175261974334717
      ],
      "3": [
         -0.05350635200738907,
         0.01394696906208992,
         0.10576558113098145
      ],
      "4": [
         -0.04918418824672699,
         0.011582011356949806,
         0.08601713180541992
      ],
      "5": [
         -0.044749967753887177,
         0.003987457603216171,
         0.07088637351989746
      ],
      "6": [
         -0.03877764195203781,
         -0.009139317087829113,
         0.06272435188293457
      ],
      "7": [
         -0.030555084347724915,
         -0.018809042870998383,
         0.05507683753967285
      ],
      "8": [
         -0.02117118425667286,
         -0.029247382655739784,
         0.048932552337646484
      ],
      "9": [
         0.0021045273169875145,
         -0.03785213828086853,
         0.04439353942871094
      ],
      "10": [
         0.025876134634017944,
         -0.030192671343684196,
         0.04802548885345459
      ],
      "11": [
         0.03511657938361168,
         -0.01900583878159523,
         0.054428696632385254
      ],
      "12": [
         0.0433184914290905,
         -0.008918195962905884,
         0.06158137321472168
      ],
      "13": [
         0.049165207892656326,
         0.004733439534902573,
         0.06964993476867676
      ],
      "14": [
         0.05351627245545387,
         0.012272030115127563,
         0.0860823392868042
      ],
      "15": [
         0.058206114917993546,
         0.014705538749694824,
         0.1061633825302124
      ],
      "16": [
         0.06210252270102501,
         0.015026599168777466,
         0.12265360355377197
      ],
      "17": [
         0.06395937502384186,
         0.019641682505607605,
         0.1384342908859253
      ],
      "18": [
         -0.04379068687558174,
         -0.03148285299539566,
         0.15689516067504883
      ],
      "19": [
         -0.03968708589673042,
         -0.03466852009296417,
         0.15848815441131592
      ],
      "20": [
         -0.031127385795116425,
         -0.04093582183122635,
         0.1590331792831421
      ],
      "21": [
         -0.02298828773200512,
         -0.046404920518398285,
         0.15777015686035156
      ],
      "22": [
         -0.013387586921453476,
         -0.050875820219516754,
         0.15433013439178467
      ],
      "23": [
         0.01712961122393608,
         -0.05104512348771095,
         0.1535731554031372
      ],
      "24": [
         0.02698381245136261,
         -0.04547002166509628,
         0.15832817554473877
      ],
      "25": [
         0.035433314740657806,
         -0.0407533198595047,
         0.15975213050842285
      ],
      "26": [
         0.044336311519145966,
         -0.03444202244281769,
         0.15967512130737305
      ],
      "27": [
         0.048510510474443436,
         -0.030964192003011703,
         0.1581331491470337
      ],
      "28": [
         0.002052932744845748,
         -0.049606725573539734,
         0.14386975765228271
      ],
      "29": [
         0.0018931690137833357,
         -0.05100060626864433,
         0.13371646404266357
      ],
      "30": [
         0.0017112619243562222,
         -0.056756533682346344,
         0.12805843353271484
      ],
      "31": [
         0.0015193463768810034,
         -0.06455658376216888,
         0.11568880081176758
      ],
      "32": [
         -0.015013029798865318,
         -0.04533783346414566,
         0.10769736766815186
      ],
      "33": [
         -0.007037031464278698,
         -0.05060289055109024,
         0.10241496562957764
      ],
      "34": [
         0.001769402646459639,
         -0.05395538732409477,
         0.10048842430114746
      ],
      "35": [
         0.010589097626507282,
         -0.05103905871510506,
         0.10294032096862793
      ],
      "36": [
         0.01864726096391678,
         -0.04562832787632942,
         0.10895431041717529
      ],
      "37": [
         -0.03989265859127045,
         -0.033782653510570526,
         0.13783669471740723
      ],
      "38": [
         -0.03216654062271118,
         -0.04238418489694595,
         0.13783061504364014
      ],
      "39": [
         -0.020665137097239494,
         -0.040530622005462646,
         0.1379854679107666
      ],
      "40": [
         -0.01312234252691269,
         -0.0381329283118248,
         0.1370093822479248
      ],
      "41": [
         -0.020285600796341896,
         -0.04042786359786987,
         0.13828623294830322
      ],
      "42": [
         -0.03163513168692589,
         -0.04143816977739334,
         0.13766074180603027
      ],
      "43": [
         0.017565345391631126,
         -0.038904834538698196,
         0.13650178909301758
      ],
      "44": [
         0.025584975257515907,
         -0.04148358106613159,
         0.1377197504043579
      ],
      "45": [
         0.03734474629163742,
         -0.041860319674015045,
         0.13732993602752686
      ],
      "46": [
         0.04367612674832344,
         -0.033486876636743546,
         0.13815903663635254
      ],
      "47": [
         0.036564283072948456,
         -0.040673285722732544,
         0.1372053623199463
      ],
      "48": [
         0.02542644552886486,
         -0.040510889142751694,
         0.13791191577911377
      ],
      "49": [
         -0.023881681263446808,
         -0.04416419938206673,
         0.07579946517944336
      ],
      "50": [
         -0.020214909687638283,
         -0.04844561219215393,
         0.08769333362579346
      ],
      "51": [
         -0.009932153858244419,
         -0.055519040673971176,
         0.09394478797912598
      ],
      "52": [
         0.002362126251682639,
         -0.05859103053808212,
         0.09313583374023438
      ],
      "53": [
         0.013837449252605438,
         -0.056580547243356705,
         0.09495091438293457
      ],
      "54": [
         0.024856092408299446,
         -0.05100083723664284,
         0.09050548076629639
      ],
      "55": [
         0.028229795396327972,
         -0.04602816328406334,
         0.0778815746307373
      ],
      "56": [
         0.024794166907668114,
         -0.049390681087970734,
         0.07464814186096191
      ],
      "57": [
         0.014398131519556046,
         -0.054023370146751404,
         0.06899034976959229
      ],
      "58": [
         0.0027441708371043205,
         -0.05513365566730499,
         0.06657755374908447
      ],
      "59": [
         -0.009623387828469276,
         -0.05330195277929306,
         0.06791472434997559
      ],
      "60": [
         -0.020062532275915146,
         -0.04751123487949371,
         0.07264375686645508
      ],
      "61": [
         -0.02230825461447239,
         -0.04105599969625473,
         0.07552480697631836
      ],
      "62": [
         -0.007509095594286919,
         -0.0535280704498291,
         0.08377516269683838
      ],
      "63": [
         0.0025098256301134825,
         -0.05537005886435509,
         0.08341336250305176
      ],
      "64": [
         0.01191488653421402,
         -0.05454438179731369,
         0.08507537841796875
      ],
      "65": [
         0.027058854699134827,
         -0.04393353313207626,
         0.07757270336151123
      ],
      "66": [
         0.011746480129659176,
         -0.05310977250337601,
         0.07779037952423096
      ],
      "67": [
         0.0024234047159552574,
         -0.054000694304704666,
         0.07655584812164307
      ],
      "68": [
         -0.007453940808773041,
         -0.05190424621105194,
         0.0771493911743164
      ]
   },
   "keypoints_2d_coordinates": {
      "1": [
         54,
         30
      ],
      "2": [
         63,
         31
      ],
      "3": [
         72,
         34
      ],