{
   "identity_id": "351dbf08-9259-4aff-b1bb-2243da00e189",
   "identity_label": {
      "age": "old",
      "ethnicity": "mediterranean",
      "gender": "male"
   },
   "facial_hair_included": false,
   "face_expression": {
      "intensity_level": 5,
      "name": "happiness"
   },
   "head_metadata": {
      "head_root_location": {
         "x": 0.0,
         "y": 0.0,
         "z": 0.0
      },
      "head_rotation": {
         "pitch": -11.735736046074397,
         "yaw": -13.433377002960128,
         "roll": 0.0
      },
      "head_six_dof": {
         "location": {
            "x": -0.013675021938979626,
            "y": -0.022438080981373787,
            "z": 0.1707189530134201
         },
         "look_at_vector": {
            "x": -0.22750378995587003,
            "y": -0.9523033950066312,
            "z": 0.20337224347132388
         }
      }
   },
   "apex_of_cornea_point": {
      "2d": {
         "camera_1": {
            "right_eye": {
               "x": 319,
               "y": 326
            },
            "left_eye": {
               "x": 318,
               "y": 589
            }
         }
      },
      "3d": {
         "right_eye": {
            "x": -0.04040196165442467,
            "y": -0.007089218590408564,
            "z": 0.16189445555210114
         },
         "left_eye": {
            "x": 0.016608024016022682,
            "y": -0.021714583039283752,
            "z": 0.16190969944000244
         }
      }
   },
   "center_of_rotation_point": {
      "2d": {
         "camera_1": {
            "right_eye": {
               "x": 328,
               "y": 340
            },
            "left_eye": {
               "x": 326,
               "y": 597
            }
         }
      },
      "3d": {
         "right_eye": {
            "x": -0.03754640743136406,
            "y": 0.0026744548231363297,
            "z": 0.1602899432182312
         },
         "left_eye": {
            "x": 0.01848798245191574,
            "y": -0.011684821918606758,
            "z": 0.16032642126083374
         }
      }
   },
   "iris_circle": {
      "2d": {
         "camera_1": {
            "right_eye": [
               {
                  "x": 296,
                  "y": 330
               },
               {
                  "x": 299,
                  "y": 342
               },
               {
                  "x": 308,
                  "y": 350
               },
               {
                  "x": 321,
                  "y": 353
               },
               {
                  "x": 333,
                  "y": 350
               },
               {
                  "x": 342,
                  "y": 340
               },
               {
                  "x": 346,
                  "y": 328
               },
               {
                  "x": 343,
                  "y": 316
               },
               {
                  "x": 334,
                  "y": 308
               },
               {
                  "x": 322,
                  "y": 305
               },
               {
                  "x": 309,
                  "y": 309
               },
               {
                  "x": 299,
                  "y": 318
               }
            ],
            "left_eye": [
               {
                  "x": 294,
                  "y": 591
               },
               {
                  "x": 297,
                  "y": 604
               },
               {
                  "x": 307,
                  "y": 612
               },
               {
                  "x": 319,
                  "y": 616
               },
               {
                  "x": 332,
                  "y": 612
               },
               {
                  "x": 341,
                  "y": 602
               },
               {
                  "x": 344,
                  "y": 590
               },
               {
                  "x": 341,
                  "y": 577
               },
               {
                  "x": 332,
                  "y": 568
               },
               {
                  "x": 319,
                  "y": 565
               },
               {
                  "x": 307,
                  "y": 569
               },
               {
                  "x": 297,
                  "y": 579
               }
            ]
         }
      },
      "3d": {
         "right_eye": [
            {
               "x": -0.03963267803192139,
               "y": -0.004373225383460522,
               "z": 0.1671571284532547
            },
            {
               "x": -0.037027426064014435,
               "y": -0.0052274432964622974,
               "z": 0.16643041372299194
            },
            {
               "x": -0.03517116606235504,
               "y": -0.0060857138596475124,
               "z": 0.16440211236476898
            },
            {
               "x": -0.0345301628112793,
               "y": -0.0067237429320812225,
               "z": 0.16166560351848602
            },
            {
               "x": -0.035349324345588684,
               "y": -0.006952011026442051,
               "z": 0.15893138945102692
            },
            {
               "x": -0.03735287860035896,
               "y": -0.006705474574118853,
               "z": 0.156901553273201
            },
            {
               "x": -0.04004541411995888,
               "y": -0.00602220231667161,
               "z": 0.15618304908275604
            },
            {
               "x": -0.04270309954881668,
               "y": -0.005142298527061939,
               "z": 0.15685541927814484
            },
            {
               "x": -0.04451153427362442,
               "y": -0.004281589761376381,
               "z": 0.15885798633098602
            },
            {
               "x": -0.04507981240749359,
               "y": -0.003695308230817318,
               "z": 0.16150523722171783
            },
            {
               "x": -0.04428229480981827,
               "y": -0.0035021291114389896,
               "z": 0.1642473191022873
            },
            {
               "x": -0.04229746758937836,
               "y": -0.0037139058113098145,
               "z": 0.16637209057807922
            }
         ],
         "left_eye": [
            {
               "x": 0.01716184802353382,
               "y": -0.018851084634661674,
               "z": 0.16705425083637238
            },
            {
               "x": 0.01979597844183445,
               "y": -0.01943349279463291,
               "z": 0.16632041335105896
            },
            {
               "x": 0.021676456555724144,
               "y": -0.02010420151054859,
               "z": 0.1643233746290207
            },
            {
               "x": 0.022331157699227333,
               "y": -0.020674990490078926,
               "z": 0.16156095266342163
            },
            {
               "x": 0.021508190780878067,
               "y": -0.020954109728336334,
               "z": 0.15885311365127563
            },
            {
               "x": 0.019505275413393974,
               "y": -0.020895397290587425,
               "z": 0.15691430866718292
            },
            {
               "x": 0.016845710575580597,
               "y": -0.020478397607803345,
               "z": 0.15626898407936096
            },
            {
               "x": 0.014079783111810684,
               "y": -0.019846728071570396,
               "z": 0.15695615112781525
            },
            {
               "x": 0.012083619832992554,
               "y": -0.019192880019545555,
               "z": 0.15888239443302155
            },
            {
               "x": 0.01145421713590622,
               "y": -0.01868908666074276,
               "z": 0.1615850329399109
            },
            {
               "x": 0.012289915233850479,
               "y": -0.018412064760923386,