{
   "keypoints_3d_coordinates": {
      "1": [
         -0.06868556141853333,
         -0.005426298826932907,
         0.12475883960723877
      ],
      "2": [
         -0.0678146556019783,
         -0.0055540017783641815,
         0.10789072513580322
      ],
      "3": [
         -0.06502489745616913,
         -0.0011187456548213959,
         0.09279036521911621
      ],
      "4": [
         -0.06015468388795853,
         0.00216689333319664,
         0.07433557510375977
      ],
      "5": [
         -0.05356878414750099,
         -0.0027001649141311646,
         0.05955708026885986
      ],
      "6": [
         -0.048435650765895844,
         -0.014885397627949715,
         0.047397613525390625
      ],
      "7": [
         -0.04247095435857773,
         -0.02274913713335991,
         0.03552520275115967
      ],
      "8": [
         -0.03549311310052872,
         -0.03241752088069916,
         0.024595141410827637
      ],
      "9": [
         -0.013160890899598598,
         -0.04175320640206337,
         0.016219258308410645
      ],
      "10": [
         0.010204306803643703,
         -0.041288748383522034,
         0.025596022605895996
      ],
      "11": [
         0.021308451890945435,
         -0.03454165905714035,
         0.03621387481689453
      ],
      "12": [
         0.0315408818423748,
         -0.02823520451784134,
         0.04804527759552002
      ],
      "13": [
         0.03963243588805199,
         -0.01840735785663128,
         0.06034290790557861
      ],
      "14": [
         0.04499664157629013,
         -0.019168278202414513,
         0.07444155216217041
      ],
      "15": [
         0.04813264310359955,
         -0.024777445942163467,
         0.09231436252593994
      ],
      "16": [
         0.04876318201422691,
         -0.02976648136973381,
         0.10678660869598389
      ],
      "17": [
         0.04982854425907135,
         -0.030465519055724144,
         0.12327218055725098
      ],
      "18": [
         -0.06549166887998581,
         -0.05884081870317459,
         0.12878882884979248
      ],
      "19": [
         -0.0632859393954277,
         -0.06317923963069916,
         0.12991838157176971
      ],
      "20": [
         -0.05784780904650688,
         -0.07170158624649048,
         0.13055086135864258
      ],
      "21": [
         -0.05059513449668884,
         -0.07887657731771469,
         0.12931658327579498
      ],
      "22": [
         -0.04073527455329895,
         -0.08393290638923645,
         0.12581767141819
      ],
      "23": [
         -0.0070544141344726086,
         -0.09070094674825668,
         0.12558121979236603
      ],
      "24": [
         0.003689349628984928,
         -0.08988677710294724,
         0.1291191279888153
      ],
      "25": [
         0.013128138147294521,
         -0.0864371657371521,
         0.1299193799495697
      ],
      "26": [
         0.021968411281704903,
         -0.08116254210472107,
         0.12910470366477966
      ],
      "27": [
         0.025639578700065613,
         -0.07784876227378845,
         0.12795603275299072
      ],
      "28": [
         -0.022416137158870697,
         -0.08275973051786423,
         0.11119043827056885
      ],
      "29": [
         -0.021680064499378204,
         -0.08257222175598145,
         0.09696567058563232
      ],
      "30": [
         -0.02182069420814514,
         -0.08605547249317169,
         0.08891773223876953
      ],
      "31": [
         -0.02219020389020443,
         -0.09063325822353363,
         0.07825648784637451
      ],
      "32": [
         -0.03580991551280022,
         -0.0690479502081871,
         0.07030558586120605
      ],
      "33": [
         -0.02860378473997116,
         -0.07424816489219666,
         0.06803011894226074
      ],
      "34": [
         -0.020088721066713333,
         -0.07768085598945618,
         0.06705021858215332
      ],
      "35": [
         -0.010825754143297672,
         -0.07709372043609619,
         0.0679478645324707
      ],
      "36": [
         -0.0028923179488629103,
         -0.07487443834543228,
         0.07093071937561035
      ],
      "37": [
         -0.05877320468425751,
         -0.059304140508174896,
         0.1062079668045044
      ],
      "38": [
         -0.05498760566115379,
         -0.07014518976211548,
         0.10353469848632812
      ],
      "39": [
         -0.0436757393181324,
         -0.07271941006183624,
         0.10372757911682129
      ],
      "40": [
         -0.03546851500868797,
         -0.06977911293506622,
         0.10362505912780762
      ],
      "41": [
         -0.042217470705509186,
         -0.06976913660764694,
         0.10076284408569336
      ],
      "42": [
         -0.05367486551403999,
         -0.06624101102352142,
         0.10011601448059082
      ],
      "43": [
         -0.005085666198283434,
         -0.07522983849048615,
         0.10332894325256348
      ],
      "44": [
         0.0006831538048572838,
         -0.0810776948928833,
         0.10365962982177734
      ],
      "45": [
         0.01154632680118084,
         -0.08303989470005035,
         0.10355305671691895
      ],
      "46": [
         0.019351910799741745,
         -0.07505080848932266,
         0.10566461086273193
      ],
      "47": [
         0.0125028220936656,
         -0.07901746779680252,
         0.0998678207397461
      ],
      "48": [
         0.0009893643436953425,
         -0.07795730978250504,
         0.10071206092834473
      ],
      "49": [
         -0.04081818088889122,
         -0.058924656361341476,
         0.04861164093017578
      ],
      "50": [
         -0.039142824709415436,
         -0.06904564052820206,
         0.051910996437072754
      ],
      "51": [
         -0.03162536025047302,
         -0.07699146866798401,
         0.05609893798828125
      ],
      "52": [
         -0.02075248770415783,
         -0.08199736475944519,
         0.05594742298126221
      ],
      "53": [
         -0.008808528073132038,
         -0.08074017614126205,
         0.0564953088760376
      ],
      "54": [
         0.0008371530566364527,
         -0.07534351944923401,
         0.05290496349334717
      ],
      "55": [
         0.005361698567867279,
         -0.06662480533123016,
         0.049953341484069824
      ],
      "56": [
         0.0013105329126119614,
         -0.06952494382858276,
         0.04242146015167236
      ],
      "57": [
         -0.00711439736187458,
         -0.07245104014873505,
         0.036392927169799805
      ],
      "58": [
         -0.01879475824534893,
         -0.07237891852855682,
         0.034015655517578125
      ],
      "59": [
         -0.029563896358013153,
         -0.06952409446239471,
         0.035132765769958496
      ],
      "60": [
         -0.037154778838157654,
         -0.06342364847660065,
         0.04107856750488281
      ],
      "61": [
         -0.03797559812664986,
         -0.057355355471372604,
         0.048824429512023926
      ],
      "62": [
         -0.028363266959786415,
         -0.07023501396179199,
         0.04730713367462158
      ],
      "63": [
         -0.019244663417339325,
         -0.07330456376075745,
         0.047083497047424316
      ],
      "64": [
         -0.009337806142866611,
         -0.0734277218580246,
         0.047932982444763184
      ],
      "65": [
         0.003570238593965769,
         -0.06404237449169159,
         0.05019176006317139
      ],
      "66": [
         -0.009539780206978321,
         -0.07294457405805588,
         0.046884775161743164
      ],
      "67": [
         -0.019231878221035004,
         -0.07274618744850159,
         0.04592025279998779
      ],
      "68": [
         -0.028362495824694633,
         -0.07014305144548416,
         0.04613471031188965
      ]
   },
   "keypoints_2d_coordinates": {
      "1": [
         490,
         197
      ],
      "2": [
         568,
         201
      ],
      "3": [
         637,
         214
      ],