{
   "keypoints_3d_coordinates": {
      "1": [
         -0.060820840299129486,
         0.014992713928222656,
         0.12710809707641602
      ],
      "2": [
         -0.05842551589012146,
         0.009754478931427002,
         0.11136496067047119
      ],
      "3": [
         -0.05722077563405037,
         0.009987972676753998,
         0.09455239772796631
      ],
      "4": [
         -0.0535997599363327,
         0.007787026464939117,
         0.07690584659576416
      ],
      "5": [
         -0.04762566462159157,
         -0.0006916113197803497,
         0.06423211097717285
      ],
      "6": [
         -0.041021477431058884,
         -0.0170537531375885,
         0.05616950988769531
      ],
      "7": [
         -0.031822383403778076,
         -0.028050700202584267,
         0.0492631196975708
      ],
      "8": [
         -0.02045312151312828,
         -0.03825420141220093,
         0.044730186462402344
      ],
      "9": [
         0.0008291805279441178,
         -0.0448448583483696,
         0.03859150409698486
      ],
      "10": [
         0.022479813545942307,
         -0.03907901421189308,
         0.044106364250183105
      ],
      "11": [
         0.03321491926908493,
         -0.028520481660962105,
         0.049051642417907715
      ],
      "12": [
         0.04198721796274185,
         -0.017535708844661713,
         0.05565810203552246
      ],
      "13": [
         0.0483599416911602,
         -0.0011099167168140411,
         0.06373631954193115
      ],
      "14": [
         0.05452248826622963,
         0.007227636873722076,
         0.07588803768157959
      ],
      "15": [
         0.05792791396379471,
         0.009233444929122925,
         0.0937347412109375
      ],
      "16": [
         0.058893606066703796,
         0.009111825376749039,
         0.11075186729431152
      ],
      "17": [
         0.06095319241285324,
         0.015375260263681412,
         0.12720870971679688
      ],
      "18": [
         -0.04435878247022629,
         -0.03557895869016647,
         0.1454066038131714
      ],
      "19": [
         -0.041287682950496674,
         -0.03956142067909241,
         0.14693057537078857
      ],
      "20": [
         -0.03371688351035118,
         -0.04656711965799332,
         0.14822256565093994
      ],
      "21": [
         -0.025323882699012756,
         -0.05205192044377327,
         0.14796805381774902
      ],
      "22": [
         -0.015091083943843842,
         -0.05637891963124275,
         0.1446441411972046
      ],
      "23": [
         0.016253218054771423,
         -0.05623462051153183,
         0.14476418495178223
      ],
      "24": [
         0.026720017194747925,
         -0.05138782039284706,
         0.1476680040359497
      ],
      "25": [
         0.034937117248773575,
         -0.04618722200393677,
         0.14812767505645752
      ],
      "26": [
         0.04221022129058838,
         -0.039063021540641785,
         0.14711308479309082
      ],
      "27": [
         0.04516841471195221,
         -0.034958839416503906,
         0.1457880735397339
      ],
      "28": [
         0.00045417185174301267,
         -0.055831193923950195,
         0.13421237468719482
      ],
      "29": [
         0.0004799290909431875,
         -0.05984664708375931,
         0.1231163740158081
      ],
      "30": [
         0.0005778087652288377,
         -0.06438623368740082,
         0.11623108386993408
      ],
      "31": [
         0.0003797626995947212,
         -0.07188867777585983,
         0.10582470893859863
      ],
      "32": [
         -0.013529924675822258,
         -0.05596096068620682,
         0.09487748146057129
      ],
      "33": [
         -0.006948395166546106,
         -0.06080450490117073,
         0.0915902853012085
      ],
      "34": [
         0.0003971499390900135,
         -0.062015730887651443,
         0.09099090099334717
      ],
      "35": [
         0.007949535734951496,
         -0.06049221009016037,
         0.09228181838989258
      ],
      "36": [
         0.014620745554566383,
         -0.05583664029836655,
         0.09560668468475342
      ],
      "37": [
         -0.03804044798016548,
         -0.039172060787677765,
         0.12718713283538818
      ],
      "38": [
         -0.0319724977016449,
         -0.04901886731386185,
         0.12729382514953613
      ],
      "39": [
         -0.02169198729097843,
         -0.04891231656074524,
         0.12747728824615479
      ],
      "40": [
         -0.014392601326107979,
         -0.04453040659427643,
         0.12617552280426025
      ],
      "41": [
         -0.020894590765237808,
         -0.046487629413604736,
         0.12432610988616943
      ],
      "42": [
         -0.03130808845162392,
         -0.04578401520848274,
         0.12343883514404297
      ],
      "43": [
         0.01489476952701807,
         -0.044187385588884354,
         0.12624120712280273
      ],
      "44": [
         0.02275552973151207,
         -0.048760317265987396,
         0.12766575813293457
      ],
      "45": [
         0.03322092443704605,
         -0.04859000816941261,
         0.12737011909484863
      ],
      "46": [
         0.03921233490109444,
         -0.03900064155459404,
         0.12746286392211914
      ],
      "47": [
         0.03231503441929817,
         -0.04527405649423599,
         0.12354373931884766
      ],
      "48": [
         0.022082405164837837,
         -0.04636836796998978,
         0.12433147430419922
      ],
      "49": [
         -0.015877943485975266,
         -0.05449045076966286,
         0.07239687442779541
      ],
      "50": [
         -0.012817347422242165,
         -0.06303638219833374,
         0.07501542568206787
      ],
      "51": [
         -0.007272763177752495,
         -0.06621991097927094,
         0.07777225971221924
      ],
      "52": [
         0.0007977517088875175,
         -0.067538782954216,
         0.07794678211212158
      ],
      "53": [
         0.009133978746831417,
         -0.0659429281949997,
         0.0783236026763916
      ],
      "54": [
         0.01525097619742155,
         -0.06301796436309814,
         0.075958251953125
      ],
      "55": [
         0.01761656627058983,
         -0.0552377849817276,
         0.07335031032562256
      ],
      "56": [
         0.014305131509900093,
         -0.061475809663534164,
         0.07097244262695312
      ],
      "57": [
         0.007586693856865168,
         -0.06455167382955551,
         0.0677175521850586
      ],
      "58": [
         0.0007464162190444767,
         -0.0653655081987381,
         0.06706058979034424
      ],
      "59": [
         -0.005626688711345196,
         -0.06393606215715408,
         0.06794321537017822
      ],
      "60": [
         -0.011823429726064205,
         -0.060591138899326324,
         0.07126784324645996
      ],
      "61": [
         -0.014652728103101254,
         -0.05407087504863739,
         0.07263994216918945
      ],
      "62": [
         -0.005411488935351372,
         -0.062310297042131424,
         0.07378625869750977
      ],
      "63": [
         0.0005190756055526435,
         -0.06294246017932892,
         0.0738227367401123
      ],
      "64": [
         0.006844439078122377,
         -0.06244330480694771,
         0.07392942905426025
      ],
      "65": [
         0.016946349292993546,
         -0.05489889532327652,
         0.073478102684021
      ],
      "66": [
         0.0060683246701955795,
         -0.06116686016321182,
         0.07326018810272217
      ],
      "67": [
         0.0005765213281847537,
         -0.06136637181043625,
         0.07315182685852051
      ],
      "68": [
         -0.004699604120105505,
         -0.06040295958518982,
         0.07309436798095703
      ]
   },
   "keypoints_2d_coordinates": {
      "1": [
         60,
         30
      ],
      "2": [
         69,
         31
      ],
      "3": [
         78,
         31
      ],