{
   "facial_hair_included": false,
   "identity_id": "0c550fe4-fe72-4d04-abf4-506d0462151a",
   "face_expression": {
      "name": "none",
      "intensity_level": 1
   },
   "identity_label": {
      "age": "adult",
      "ethnicity": "african",
      "gender": "female"
   },
   "head_metadata": {
      "head_root_location": {
         "x": 0.0,
         "y": 0.0,
         "z": 0.0
      },
      "head_rotation": {
         "pitch": 15.769566368934827,
         "yaw": -10.971257731710612,
         "roll": 0.0
      },
      "head_six_dof": {
         "location": {
            "x": -0.022417906671762466,
            "y": -0.08268409222364426,
            "z": 0.1112220361828804
         },
         "look_at_vector": {
            "x": -0.18310329632177363,
            "y": -0.9447779817542022,
            "z": -0.27178621758388877
         }
      }
   },
   "apex_of_cornea_point": {
      "2d": {
         "camera_1": {
            "right_eye": {
               "x": 596,
               "y": 297
            },
            "left_eye": {
               "x": 595,
               "y": 562
            }
         }
      },
      "3d": {
         "right_eye": {
            "x": -0.04500439018011093,
            "y": -0.07062923163175583,
            "z": 0.10237433016300201
         },
         "left_eye": {
            "x": 0.010326373390853405,
            "y": -0.08078158646821976,
            "z": 0.10270910710096359
         }
      }
   },
   "center_of_rotation_point": {
      "2d": {
         "camera_1": {
            "right_eye": {
               "x": 567,
               "y": 289
            },
            "left_eye": {
               "x": 566,
               "y": 547
            }
         }
      },
      "3d": {
         "right_eye": {
            "x": -0.04679495468735695,
            "y": -0.061344243586063385,
            "z": 0.10848711431026459
         },
         "left_eye": {
            "x": 0.007396869361400604,
            "y": -0.07183423638343811,
            "z": 0.10870935767889023
         }
      }
   },
   "iris_circle": {
      "2d": {
         "camera_1": {
            "right_eye": [
               {
                  "x": 566,
                  "y": 293
               },
               {
                  "x": 568,
                  "y": 307
               },
               {
                  "x": 575,
                  "y": 319
               },
               {
                  "x": 587,
                  "y": 323
               },
               {
                  "x": 599,
                  "y": 320
               },
               {
                  "x": 609,
                  "y": 311
               },
               {
                  "x": 614,
                  "y": 297
               },
               {
                  "x": 613,
                  "y": 283
               },
               {
                  "x": 606,
                  "y": 271
               },
               {
                  "x": 594,
                  "y": 266
               },
               {
                  "x": 581,
                  "y": 269
               },
               {
                  "x": 571,
                  "y": 279
               }
            ],
            "left_eye": [
               {
                  "x": 565,
                  "y": 558
               },
               {
                  "x": 566,
                  "y": 572
               },
               {
                  "x": 573,
                  "y": 582
               },
               {
                  "x": 584,
                  "y": 587
               },
               {
                  "x": 597,
                  "y": 584
               },
               {
                  "x": 608,
                  "y": 574
               },
               {
                  "x": 614,
                  "y": 560
               },
               {
                  "x": 613,
                  "y": 546
               },
               {
                  "x": 606,
                  "y": 536
               },
               {
                  "x": 594,
                  "y": 532
               },
               {
                  "x": 582,
                  "y": 534
               },
               {
                  "x": 571,
                  "y": 544
               }
            ]
         }
      },
      "3d": {
         "right_eye": [
            {
               "x": -0.04567868635058403,
               "y": -0.072156623005867,
               "z": 0.10869696736335754
            },
            {
               "x": -0.04271111637353897,
               "y": -0.07138284295797348,
               "z": 0.10841291397809982
            },
            {
               "x": -0.040417637676000595,
               "y": -0.06988803297281265,
               "z": 0.10683708637952805
            },
            {
               "x": -0.03947184234857559,
               "y": -0.06811293214559555,
               "z": 0.10440802574157715
            },
            {
               "x": -0.04013441130518913,
               "y": -0.0664333924651146,
               "z": 0.10176494717597961
            },
            {
               "x": -0.04220452159643173,
               "y": -0.06542038917541504,
               "z": 0.09962917864322662
            },
            {
               "x": -0.04507283866405487,
               "y": -0.06530436873435974,
               "z": 0.09856484830379486
            },
            {
               "x": -0.04804994538426399,
               "y": -0.06603289395570755,
               "z": 0.09882256388664246
            },
            {
               "x": -0.05036454275250435,
               "y": -0.06753358244895935,
               "z": 0.1003851369023323
            },
            {
               "x": -0.05134228616952896,
               "y": -0.06933436542749405,
               "z": 0.10285743325948715
            },
            {
               "x": -0.05066019296646118,
               "y": -0.0709746852517128,
               "z": 0.10550601780414581
            },
            {
               "x": -0.04858490824699402,
               "y": -0.07202272117137909,
               "z": 0.10765665769577026
            }
         ],
         "left_eye": [
            {
               "x": 0.00943644531071186,
               "y": -0.08222489058971405,
               "z": 0.10894596576690674
            },
            {
               "x": 0.012416286394000053,
               "y": -0.08124125003814697,
               "z": 0.1088145524263382
            },
            {
               "x": 0.014633789658546448,
               "y": -0.07961228489875793,
               "z": 0.1074150800704956
            },
            {
               "x": 0.015503745526075363,
               "y": -0.07781548798084259,
               "z": 0.10510149598121643
            },
            {
               "x": 0.014908034354448318,
               "y": -0.07622642070055008,
               "z": 0.10238251835107803
            },
            {
               "x": 0.012924565933644772,
               "y": -0.07530175149440765,
               "z": 0.10006566345691681
            },
            {
               "x": 0.010014542378485203,
               "y": -0.07541060447692871,
               "z": 0.09884487837553024
            },
            {
               "x": 0.007123077753931284,
               "y": -0.07642502337694168,
               "z": 0.09898888319730759
            },
            {
               "x": 0.0049384646117687225,
               "y": -0.07813765108585358,
               "z": 0.1005532443523407
            },
            {
               "x": 0.004055266734212637,
               "y": -0.07998978346586227,
               "z": 0.10292927920818329
            },
            {
               "x": 0.004659718833863735,
               "y": -0.08154133707284927,