{
   "identity_label": {
      "age": "old",
      "ethnicity": "south_asian",
      "gender": "male"
   },
   "identity_id": "139096cd-7593-4304-b6d6-02f20bd00da4",
   "face_expression": {
      "name": "sadness",
      "intensity_level": 1
   },
   "facial_hair_included": false,
   "head_metadata": {
      "head_root_location": {
         "x": 0.0,
         "y": 0.0,
         "z": 0.0
      },
      "head_rotation": {
         "pitch": -18.45513527888131,
         "yaw": -53.25247144897485,
         "roll": 1.9116113602317777
      },
      "head_six_dof": {
         "location": {
            "x": -0.05100696533918381,
            "y": 0.017547329887747765,
            "z": 0.19710513949394226
         },
         "look_at_vector": {
            "x": -0.7704223250881113,
            "y": -0.5674231542746622,
            "z": 0.29065513069412985
         }
      }
   },
   "apex_of_cornea_point": {
      "2d": {
         "camera": {
            "right_eye": {
               "x": 220,
               "y": 233
            },
            "left_eye": {
               "x": 204,
               "y": 385
            }
         }
      },
      "3d": {
         "right_eye": {
            "x": -0.0626395121216774,
            "y": 0.045510418713092804,
            "z": 0.18557418882846832
         },
         "left_eye": {
            "x": -0.027716368436813354,
            "y": -0.0013231028569862247,
            "z": 0.18719425797462463
         }
      }
   },
   "center_of_rotation_point": {
      "2d": {
         "camera": {
            "right_eye": {
               "x": 236,
               "y": 280
            },
            "left_eye": {
               "x": 221,
               "y": 430
            }
         }
      },
      "3d": {
         "right_eye": {
            "x": -0.05229153484106064,
            "y": 0.05190903693437576,
            "z": 0.1822669357061386
         },
         "left_eye": {
            "x": -0.017933161929249763,
            "y": 0.006222570315003395,
            "z": 0.18381665647029877
         }
      }
   },
   "iris_circle": {
      "2d": {
         "camera": {
            "right_eye": [
               {
                  "x": 196,
                  "y": 249
               },
               {
                  "x": 198,
                  "y": 256
               },
               {
                  "x": 208,
                  "y": 259
               },
               {
                  "x": 221,
                  "y": 258
               },
               {
                  "x": 236,
                  "y": 253
               },
               {
                  "x": 247,
                  "y": 245
               },
               {
                  "x": 252,
                  "y": 237
               },
               {
                  "x": 249,
                  "y": 231
               },
               {
                  "x": 239,
                  "y": 227
               },
               {
                  "x": 226,
                  "y": 228
               },
               {
                  "x": 212,
                  "y": 233
               },
               {
                  "x": 201,
                  "y": 241
               }
            ],
            "left_eye": [
               {
                  "x": 179,
                  "y": 400
               },
               {
                  "x": 182,
                  "y": 409
               },
               {
                  "x": 193,
                  "y": 414
               },
               {
                  "x": 207,
                  "y": 413
               },
               {
                  "x": 221,
                  "y": 407
               },
               {
                  "x": 232,
                  "y": 398
               },
               {
                  "x": 237,
                  "y": 388
               },
               {
                  "x": 233,
                  "y": 380
               },
               {
                  "x": 224,
                  "y": 375
               },
               {
                  "x": 209,
                  "y": 376
               },
               {
                  "x": 195,
                  "y": 381
               },
               {
                  "x": 183,
                  "y": 391
               }
            ]
         }
      },
      "3d": {
         "right_eye": [
            {
               "x": -0.05912578105926514,
               "y": 0.047962479293346405,
               "z": 0.19114051759243011
            },
            {
               "x": -0.05758232623338699,
               "y": 0.045027732849121094,
               "z": 0.19046612083911896
            },
            {
               "x": -0.056824203580617905,
               "y": 0.04263313114643097,
               "z": 0.18826769292354584
            },
            {
               "x": -0.057006072252988815,
               "y": 0.04131247475743294,
               "z": 0.18514791131019592
            },
            {
               "x": -0.058157168328762054,
               "y": 0.04145009443163872,
               "z": 0.18194571137428284
            },
            {
               "x": -0.05994483083486557,
               "y": 0.043034568428993225,
               "z": 0.1794705092906952
            },
            {
               "x": -0.06183489039540291,
               "y": 0.04567519947886467,
               "z": 0.17845842242240906
            },
            {
               "x": -0.06337225437164307,
               "y": 0.04861800745129585,
               "z": 0.17921312153339386
            },
            {
               "x": -0.06420666724443436,
               "y": 0.05114716663956642,
               "z": 0.18149292469024658
            },
            {
               "x": -0.06404082477092743,
               "y": 0.05242878943681717,
               "z": 0.18461108207702637
            },
            {
               "x": -0.06289017200469971,
               "y": 0.05228006839752197,
               "z": 0.18778426945209503
            },
            {
               "x": -0.061072420328855515,
               "y": 0.050590068101882935,
               "z": 0.19015656411647797
            }
         ],
         "left_eye": [
            {
               "x": -0.024405019357800484,
               "y": 0.0014138384722173214,
               "z": 0.192892923951149
            },
            {
               "x": -0.022508352994918823,
               "y": -0.0014425705885514617,
               "z": 0.19200892746448517
            },
            {
               "x": -0.021457381546497345,
               "y": -0.003855310846120119,
               "z": 0.1896485686302185
            },
            {
               "x": -0.02154599316418171,
               "y": -0.005177915561944246,
               "z": 0.18650782108306885
            },
            {
               "x": -0.022777386009693146,
               "y": -0.005032081622630358,
               "z": 0.1832984834909439
            },
            {
               "x": -0.024817317724227905,
               "y": -0.003477823454886675,
               "z": 0.18096482753753662
            },
            {
               "x": -0.027089755982160568,
               "y": -0.000979508040472865,
               "z": 0.18009360134601593
            },
            {
               "x": -0.028971781954169273,
               "y": 0.0018203004729002714,
               "z": 0.18094511330127716
            },
            {
               "x": -0.02996605634689331,
               "y": 0.004249179735779762,
               "z": 0.18315216898918152
            },
            {
               "x": -0.029856542125344276,
               "y": 0.005562964826822281,
               "z": 0.18635758757591248
            },
            {
               "x": -0.028616739436984062,
               "y": 0.005441635847091675,