{
   "keypoints_3d_coordinates": {
      "1": [
         -0.07936401665210724,
         0.020993541926145554,
         0.15240037441253662
      ],
      "2": [
         -0.07564794272184372,
         0.016849800944328308,
         0.13107097148895264
      ],
      "3": [
         -0.07246915996074677,
         0.015274662524461746,
         0.11019527912139893
      ],
      "4": [
         -0.066607765853405,
         0.012264184653759003,
         0.08798098564147949
      ],
      "5": [
         -0.058760032057762146,
         0.0033066459000110626,
         0.07344305515289307
      ],
      "6": [
         -0.05156368762254715,
         -0.014076100662350655,
         0.06624782085418701
      ],
      "7": [
         -0.04018291085958481,
         -0.026893675327301025,
         0.05944037437438965
      ],
      "8": [
         -0.02686993032693863,
         -0.041873082518577576,
         0.055907249450683594
      ],
      "9": [
         -0.0011479094391688704,
         -0.05152832716703415,
         0.053975701332092285
      ],
      "10": [
         0.02435685507953167,
         -0.040654078125953674,
         0.05665159225463867
      ],
      "11": [
         0.037653155624866486,
         -0.02566985785961151,
         0.05981099605560303
      ],
      "12": [
         0.04945489764213562,
         -0.013347817584872246,
         0.06697797775268555
      ],
      "13": [
         0.0572894848883152,
         0.004188550636172295,
         0.0742807388305664
      ],
      "14": [
         0.0639989972114563,
         0.012978967279195786,
         0.08872401714324951
      ],
      "15": [
         0.06952810287475586,
         0.016442302614450455,
         0.11049389839172363
      ],
      "16": [
         0.07186717540025711,
         0.017311692237854004,
         0.13137400150299072
      ],
      "17": [
         0.0751364603638649,
         0.021873921155929565,
         0.15186691284179688
      ],
      "18": [
         -0.04927154630422592,
         -0.04126662015914917,
         0.17613470554351807
      ],
      "19": [
         -0.046358346939086914,
         -0.04248572140932083,
         0.18041479587554932
      ],
      "20": [
         -0.03773154690861702,
         -0.04659351706504822,
         0.18206477165222168
      ],
      "21": [
         -0.02749684639275074,
         -0.0497693195939064,
         0.18129467964172363
      ],
      "22": [
         -0.016170047223567963,
         -0.05153151974081993,
         0.1781247854232788
      ],
      "23": [
         0.012049954384565353,
         -0.05179421976208687,
         0.17839479446411133
      ],
      "24": [
         0.023288654163479805,
         -0.05018951743841171,
         0.1813046932220459
      ],
      "25": [
         0.03342075273394585,
         -0.046645019203424454,
         0.18206477165222168
      ],
      "26": [
         0.042203254997730255,
         -0.04222781956195831,
         0.18012475967407227
      ],
      "27": [
         0.04557265341281891,
         -0.04094582051038742,
         0.1757746934890747
      ],
      "28": [
         -0.002088877372443676,
         -0.05170030891895294,
         0.16843926906585693
      ],
      "29": [
         -0.0020737252198159695,
         -0.0563487783074379,
         0.15523087978363037
      ],
      "30": [
         -0.0020298385061323643,
         -0.06281715631484985,
         0.14330649375915527
      ],
      "31": [
         -0.0017428360879421234,
         -0.06942801177501678,
         0.12905824184417725
      ],
      "32": [
         -0.015398627147078514,
         -0.04945787042379379,
         0.11600339412689209
      ],
      "33": [
         -0.008515551686286926,
         -0.05347011983394623,
         0.11522114276885986
      ],
      "34": [
         -0.00128904078155756,
         -0.05696893110871315,
         0.11434042453765869
      ],
      "35": [
         0.005923081189393997,
         -0.05370691046118736,
         0.11457347869873047
      ],
      "36": [
         0.012298088520765305,
         -0.04910360276699066,
         0.115883469581604
      ],
      "37": [
         -0.044933028519153595,
         -0.03806782886385918,
         0.1604020595550537
      ],
      "38": [
         -0.03837769478559494,
         -0.045984379947185516,
         0.16626036167144775
      ],
      "39": [
         -0.027620546519756317,
         -0.04568692296743393,
         0.16670405864715576
      ],
      "40": [
         -0.019519472494721413,
         -0.04139386862516403,
         0.16028916835784912
      ],
      "41": [
         -0.027192842215299606,
         -0.044995468109846115,
         0.15771043300628662
      ],
      "42": [
         -0.03730493038892746,
         -0.04474500194191933,
         0.15649354457855225
      ],
      "43": [
         0.014867506921291351,
         -0.04273705556988716,
         0.15978670120239258
      ],
      "44": [
         0.023852888494729996,
         -0.04667503759264946,
         0.1661597490310669
      ],
      "45": [
         0.03457188978791237,
         -0.04617159813642502,
         0.1657726764678955
      ],
      "46": [
         0.04044618457555771,
         -0.03865265101194382,
         0.1595534086227417
      ],
      "47": [
         0.0340602807700634,
         -0.04483068734407425,
         0.1563965082168579
      ],
      "48": [
         0.022936897352337837,
         -0.045870956033468246,
         0.15713262557983398
      ],
      "49": [
         -0.023140300065279007,
         -0.04584440588951111,
         0.09135329723358154
      ],
      "50": [
         -0.016130980104207993,
         -0.052281543612480164,
         0.09600019454956055
      ],
      "51": [
         -0.009378178045153618,
         -0.05652036517858505,
         0.0994863510131836
      ],
      "52": [
         -0.0012101585743948817,
         -0.05830921605229378,
         0.09868454933166504
      ],
      "53": [
         0.007201738655567169,
         -0.056489091366529465,
         0.09933531284332275
      ],
      "54": [
         0.014188606292009354,
         -0.051904432475566864,
         0.09557700157165527
      ],
      "55": [
         0.02072565257549286,
         -0.04539703577756882,
         0.09108936786651611
      ],
      "56": [
         0.014734536409378052,
         -0.0503123439848423,
         0.08935606479644775
      ],
      "57": [
         0.007722590118646622,
         -0.055661287158727646,
         0.08886563777923584
      ],
      "58": [
         -0.0010950585128739476,
         -0.05760876461863518,
         0.08870089054107666
      ],
      "59": [
         -0.009348343126475811,
         -0.05646233633160591,
         0.08920931816101074
      ],
      "60": [
         -0.017100980505347252,
         -0.05188469588756561,
         0.09019994735717773
      ],
      "61": [
         -0.02136140502989292,
         -0.0441591702401638,
         0.09196710586547852
      ],
      "62": [
         -0.00812011118978262,
         -0.051608212292194366,
         0.0947725772857666
      ],
      "63": [
         -0.001265944680199027,
         -0.052720800042152405,
         0.09431588649749756
      ],
      "64": [
         0.006292830221354961,
         -0.05103722959756851,
         0.09439957141876221
      ],
      "65": [
         0.019276412203907967,
         -0.0430305078625679,
         0.09138548374176025
      ],
      "66": [
         0.006436629220843315,
         -0.05114004760980606,
         0.0932234525680542
      ],
      "67": [
         -0.0010555124608799815,
         -0.0528736487030983,
         0.09316480159759521
      ],
      "68": [
         -0.007765248417854309,
         -0.05199379473924637,
         0.09352469444274902
      ]
   },
   "keypoints_2d_coordinates": {
      "1": [
         46,
         19
      ],
      "2": [
         58,
         21
      ],
      "3": [
         70,
         23
      ],