{
   "version": "1.0.0",
   "datapoints": [
      {
         "human": {
            "id": "bba4dd34-85f6-4b4f-939b-761c90cf50f0",
            "head": {
               "eyes": {
                  "id": "9e0bd0e8-af8a-45e9-908b-f1b783a4ac6a",
                  "target_of_gaze": {
                     "direction": {
                        "x": -0.3363313940440119,
                        "y": -0.8772114876743339,
                        "z": -0.1417134116558963
                     },
                     "distance": 5.997436128296444
                  },
                  "eyelid_closure": 0.32698000242185604
               },
               "location": {
                  "x": 0.0,
                  "y": 0.0,
                  "z": 0.0
               },
               "rotation": {
                  "yaw": 0.0,
                  "pitch": 0.0,
                  "roll": 0.0
               },
               "expression": {
                  "intensity": 0.5590601913516487,
                  "name": "happiness"
               },
               "eyebrows": {
                  "id": "f7aef770-0e81-45aa-9833-69591559d649",
                  "color_settings": {
                     "index_of_refraction": 1.422105267128244,
                     "melanin": 0.5828209826857483,
                     "redness": 0.3929403915985048,
                     "roughness": 0.44872235644844327,
                     "whiteness": 0.743196961478826
                  }
               },
               "hair": {
                  "id": "14e67d8f-ff37-4aaa-93bc-92a7c397a701",
                  "color_settings": {
                     "index_of_refraction": 1.422105267128244,
                     "melanin": 0.5828209826857483,
                     "redness": 0.3929403915985048,
                     "roughness": 0.44872235644844327,
                     "whiteness": 0.743196961478826
                  }
               },
               "facial_hair": null
            }
         },
         "camera": {
            "name": "camera",
            "intrinsic_params": {
               "projection": "perspective",
               "resolution_width": 128,
               "resolution_height": 128,
               "fov_horizontal": 8.0,
               "fov_vertical": 8.0,
               "sensor_width": 15.0,
               "wavelength": "visible"
            },
            "extrinsic_params": {
               "rotation": {
                  "yaw": 0.0,
                  "pitch": 0.0,
                  "roll": 0.0
               },
               "location": {
                  "x": 0.0,
                  "y": -1.6,
                  "z": 0.12
               }
            }
         },
         "accessories": {
            "mask": null,
            "glasses": null
         },
         "background": {
            "id": "153e0358-eba1-411a-ab47-dacd7a31707f",
            "transparent": false,
            "rotation": 348.8954928595557
         },
         "lights": []
      }
   ]
}