{
   "keypoints_3d_coordinates": {
      "1": [
         -0.06578516960144043,
         0.013140812516212463,
         0.13838481903076172
      ],
      "2": [
         -0.0639205276966095,
         0.009410981088876724,
         0.1187734603881836
      ],
      "3": [
         -0.06281445920467377,
         0.009517338126897812,
         0.09998202323913574
      ],
      "4": [
         -0.058973804116249084,
         0.00707569345831871,
         0.08015191555023193
      ],
      "5": [
         -0.05303119868040085,
         -0.0012530572712421417,
         0.0665287971496582
      ],
      "6": [
         -0.04605839401483536,
         -0.018403783440589905,
         0.05916953086853027
      ],
      "7": [
         -0.03645683825016022,
         -0.03086083009839058,
         0.05228602886199951
      ],
      "8": [
         -0.02417728491127491,
         -0.04585812985897064,
         0.04822707176208496
      ],
      "9": [
         -0.0009775700746104121,
         -0.05700056627392769,
         0.04457390308380127
      ],
      "10": [
         0.023200783878564835,
         -0.0468759685754776,
         0.04736757278442383
      ],
      "11": [
         0.036354415118694305,
         -0.03211294487118721,
         0.05156433582305908
      ],
      "12": [
         0.046913161873817444,
         -0.019905898720026016,
         0.05838513374328613
      ],
      "13": [
         0.055433258414268494,
         -0.0028070807456970215,
         0.06607139110565186
      ],
      "14": [
         0.061738964170217514,
         0.005258884280920029,
         0.08093833923339844
      ],
      "15": [
         0.06560979038476944,
         0.008584719151258469,
         0.10136854648590088
      ],
      "16": [
         0.06613694131374359,
         0.008463453501462936,
         0.1202080249786377
      ],
      "17": [
         0.06678865104913712,
         0.012591909617185593,
         0.1404808759689331
      ],
      "18": [
         -0.043129146099090576,
         -0.049847811460494995,
         0.15168476104736328
      ],
      "19": [
         -0.04010264575481415,
         -0.05178241431713104,
         0.1558547019958496
      ],
      "20": [
         -0.03240244835615158,
         -0.05762521177530289,
         0.15667474269866943
      ],
      "21": [
         -0.02369854785501957,
         -0.06266911327838898,
         0.15522480010986328
      ],
      "22": [
         -0.013498647138476372,
         -0.06503871083259583,
         0.15210473537445068
      ],
      "23": [
         0.016140252351760864,
         -0.06555020809173584,
         0.15228474140167236
      ],
      "24": [
         0.02638855203986168,
         -0.06297421455383301,
         0.1554948091506958
      ],
      "25": [
         0.03532925248146057,
         -0.05804451182484627,
         0.15715479850769043
      ],
      "26": [
         0.04301745444536209,
         -0.05176641047000885,
         0.15637481212615967
      ],
      "27": [
         0.04588815197348595,
         -0.04969201236963272,
         0.15236473083496094
      ],
      "28": [
         0.0014362692600116134,
         -0.06427840888500214,
         0.14394724369049072
      ],
      "29": [
         0.000966614403296262,
         -0.06894002854824066,
         0.1330193281173706
      ],
      "30": [
         0.0007348909275606275,
         -0.07518891990184784,
         0.12500262260437012
      ],
      "31": [
         0.00022718310356140137,
         -0.08446702361106873,
         0.11194920539855957
      ],
      "32": [
         -0.014394493773579597,
         -0.061916254460811615,
         0.10033774375915527
      ],
      "33": [
         -0.008425806649029255,
         -0.06680126488208771,
         0.0988166332244873
      ],
      "34": [
         0.0002504041185602546,
         -0.0708286464214325,
         0.09751784801483154
      ],
      "35": [
         0.008547859266400337,
         -0.0677829384803772,
         0.09873080253601074
      ],
      "36": [
         0.015081003308296204,
         -0.06304064393043518,
         0.0998234748840332
      ],
      "37": [
         -0.0393645241856575,
         -0.0436759889125824,
         0.13691842555999756
      ],
      "38": [
         -0.03253316879272461,
         -0.051709167659282684,
         0.13234031200408936
      ],
      "39": [
         -0.023366769775748253,
         -0.05226707085967064,
         0.13315439224243164
      ],
      "40": [
         -0.015496710315346718,
         -0.04901154339313507,
         0.13496267795562744
      ],
      "41": [
         -0.023151997476816177,
         -0.05207754671573639,
         0.13303160667419434
      ],
      "42": [
         -0.0328412689268589,
         -0.05096767097711563,
         0.1322016716003418
      ],
      "43": [
         0.01756986230611801,
         -0.04944891110062599,
         0.1350466012954712
      ],
      "44": [
         0.026318611577153206,
         -0.05246714875102043,
         0.13367879390716553
      ],
      "45": [
         0.0358692891895771,
         -0.05193266272544861,
         0.13312673568725586
      ],
      "46": [
         0.04215613380074501,
         -0.04489196836948395,
         0.1372995376586914
      ],
      "47": [
         0.03569529950618744,
         -0.05146026983857155,
         0.13286375999450684
      ],
      "48": [
         0.02542221173644066,
         -0.05209255963563919,
         0.13346171379089355
      ],
      "49": [
         -0.02324649691581726,
         -0.05199243873357773,
         0.07986128330230713
      ],
      "50": [
         -0.01747562177479267,
         -0.0616290345788002,
         0.0830315351486206
      ],
      "51": [
         -0.010046817362308502,
         -0.06794510036706924,
         0.08626341819763184
      ],
      "52": [
         -0.0007557610515505075,
         -0.07061168551445007,
         0.08482718467712402
      ],
      "53": [
         0.008591843768954277,
         -0.0694546177983284,
         0.08538234233856201
      ],
      "54": [
         0.016219692304730415,
         -0.0644681304693222,
         0.08222854137420654
      ],
      "55": [
         0.022588297724723816,
         -0.054143402725458145,
         0.0787956714630127
      ],
      "56": [
         0.015903279185295105,
         -0.05996124446392059,
         0.07564914226531982
      ],
      "57": [
         0.007570624817162752,
         -0.06495586037635803,
         0.07361733913421631
      ],
      "58": [
         -0.0013763455208390951,
         -0.06584251672029495,
         0.07323956489562988
      ],
      "59": [
         -0.010459261946380138,
         -0.06369898468255997,
         0.0747753381729126
      ],
      "60": [
         -0.017734235152602196,
         -0.057616326957941055,
         0.07692241668701172
      ],
      "61": [
         -0.020704170688986778,
         -0.05171746388077736,
         0.08144116401672363
      ],
      "62": [
         -0.008201280608773232,
         -0.06342392414808273,
         0.0820779800415039
      ],
      "63": [
         -0.0011102796997874975,
         -0.06613363325595856,
         0.08120238780975342
      ],
      "64": [
         0.006328123155981302,
         -0.06567668914794922,
         0.08147180080413818
      ],
      "65": [
         0.01998680830001831,
         -0.05480969697237015,
         0.07976377010345459
      ],
      "66": [
         0.005900082178413868,
         -0.06424959003925323,
         0.0795968770980835
      ],
      "67": [
         -0.0013025554362684488,
         -0.0646868348121643,
         0.07961344718933105
      ],
      "68": [
         -0.008185723796486855,
         -0.0622587613761425,
         0.08049213886260986
      ]
   },
   "keypoints_2d_coordinates": {
      "1": [
         54,
         27
      ],
      "2": [
         65,
         28
      ],
      "3": [
         75,
         28
      ],
      "4": [
         87,
         30
      ],