{
   "keypoints_3d_coordinates": {
      "1": [
         -0.061523862183094025,
         0.01921650767326355,
         0.14455080032348633
      ],
      "2": [
         -0.06017547845840454,
         0.014022063463926315,
         0.12566077709197998
      ],
      "3": [
         -0.05916567146778107,
         0.012732889503240585,
         0.1072850227355957
      ],
      "4": [
         -0.05547451972961426,
         0.009721152484416962,
         0.08762621879577637
      ],
      "5": [
         -0.048300791531801224,
         0.0004213918000459671,
         0.07427287101745605
      ],
      "6": [
         -0.041142936795949936,
         -0.01700221374630928,
         0.06596744060516357
      ],
      "7": [
         -0.03198627009987831,
         -0.02978603169322014,
         0.05695688724517822
      ],
      "8": [
         -0.019537577405571938,
         -0.044233694672584534,
         0.0506211519241333
      ],
      "9": [
         0.005480264313519001,
         -0.05509943515062332,
         0.04375135898590088
      ],
      "10": [
         0.030991356819868088,
         -0.04499400779604912,
         0.04782259464263916
      ],
      "11": [
         0.043331462889909744,
         -0.0303486417979002,
         0.05306220054626465
      ],
      "12": [
         0.05304228514432907,
         -0.017711136490106583,
         0.061385273933410645
      ],
      "13": [
         0.06032320111989975,
         -0.0008920896798372269,
         0.06970655918121338
      ],
      "14": [
         0.06886814534664154,
         0.00741143524646759,
         0.08380472660064697
      ],
      "15": [
         0.07454593479633331,
         0.01016835868358612,
         0.10537278652191162
      ],
      "16": [
         0.07615333795547485,
         0.010610297322273254,
         0.1244577169418335
      ],
      "17": [
         0.07810688018798828,
         0.015364479273557663,
         0.14352941513061523
      ],
      "18": [
         -0.03823630139231682,
         -0.04620852693915367,
         0.16342473030090332
      ],
      "19": [
         -0.035117801278829575,
         -0.04830922931432724,
         0.16762471199035645
      ],
      "20": [
         -0.02724279835820198,
         -0.054180629551410675,
         0.16889464855194092
      ],
      "21": [
         -0.018252700567245483,
         -0.05894142761826515,
         0.16799473762512207
      ],
      "22": [
         -0.0070771994069218636,
         -0.060710228979587555,
         0.16457462310791016
      ],
      "23": [
         0.023073099553585052,
         -0.06157602742314339,
         0.1639547348022461
      ],
      "24": [
         0.03390580043196678,
         -0.060213230550289154,
         0.16657471656799316
      ],
      "25": [
         0.043019700795412064,
         -0.055671628564596176,
         0.16761469841003418
      ],
      "26": [
         0.0510575994849205,
         -0.04934852570295334,
         0.16588473320007324
      ],
      "27": [
         0.05384239926934242,
         -0.047436125576496124,
         0.16127467155456543
      ],
      "28": [
         0.00823295023292303,
         -0.05960109084844589,
         0.15430188179016113
      ],
      "29": [
         0.008179371245205402,
         -0.06464112550020218,
         0.1414555311203003
      ],
      "30": [
         0.008202756755053997,
         -0.0717562735080719,
         0.13341903686523438
      ],
      "31": [
         0.007829046808183193,
         -0.08067278563976288,
         0.12079465389251709
      ],
      "32": [
         -0.011240756139159203,
         -0.060243476182222366,
         0.10850262641906738
      ],
      "33": [
         -0.002653510309755802,
         -0.06575089693069458,
         0.10676705837249756
      ],
      "34": [
         0.007732701953500509,
         -0.06886391341686249,
         0.10535204410552979
      ],
      "35": [
         0.018161416053771973,
         -0.06626391410827637,
         0.10636842250823975
      ],
      "36": [
         0.026255963370203972,
         -0.06087494641542435,
         0.10741353034973145
      ],
      "37": [
         -0.035103317350149155,
         -0.044208116829395294,
         0.1454932689666748
      ],
      "38": [
         -0.028065018355846405,
         -0.05262027308344841,
         0.14075076580047607
      ],
      "39": [
         -0.01787342131137848,
         -0.052621930837631226,
         0.14217984676361084
      ],
      "40": [
         -0.010509727522730827,
         -0.04962629824876785,
         0.14466774463653564
      ],
      "41": [
         -0.017775600776076317,
         -0.05219825357198715,
         0.14207732677459717
      ],
      "42": [
         -0.028244733810424805,
         -0.05182120203971863,
         0.1404968500137329
      ],
      "43": [
         0.026685308665037155,
         -0.05000677332282066,
         0.14443063735961914
      ],
      "44": [
         0.033398233354091644,
         -0.05346621572971344,
         0.14161479473114014
      ],
      "45": [
         0.044261980801820755,
         -0.05334402993321419,
         0.13973796367645264
      ],
      "46": [
         0.05092967674136162,
         -0.045998744666576385,
         0.14347028732299805
      ],
      "47": [
         0.04394824057817459,
         -0.05259917676448822,
         0.1395512819290161
      ],
      "48": [
         0.03282974287867546,
         -0.0528845340013504,
         0.14150571823120117
      ],
      "49": [
         -0.01791044883430004,
         -0.053967736661434174,
         0.0830073356628418
      ],
      "50": [
         -0.013112351298332214,
         -0.0643218457698822,
         0.08769524097442627
      ],
      "51": [
         -0.004076756536960602,
         -0.07074006646871567,
         0.09220647811889648
      ],
      "52": [
         0.00719427177682519,
         -0.07369381189346313,
         0.09130525588989258
      ],
      "53": [
         0.018834281712770462,
         -0.0712679773569107,
         0.09176337718963623
      ],
      "54": [
         0.0278413537889719,
         -0.0653027892112732,
         0.0867844820022583
      ],
      "55": [
         0.033416684716939926,
         -0.054404616355895996,
         0.08195006847381592
      ],
      "56": [
         0.027438316494226456,
         -0.06097208335995674,
         0.07779526710510254
      ],
      "57": [
         0.018330883234739304,
         -0.06814906001091003,
         0.07521605491638184
      ],
      "58": [
         0.007424307055771351,
         -0.07024461776018143,
         0.07490265369415283
      ],
      "59": [
         -0.003994540311396122,
         -0.06771937012672424,
         0.07556796073913574
      ],
      "60": [
         -0.012931356206536293,
         -0.06042790040373802,
         0.07844889163970947
      ],
      "61": [
         -0.015282392501831055,
         -0.053530558943748474,
         0.084114670753479
      ],
      "62": [
         -0.002330103889107704,
         -0.06629078835248947,
         0.08494138717651367
      ],
      "63": [
         0.007212498690932989,
         -0.06844927370548248,
         0.0845038890838623
      ],
      "64": [
         0.016873158514499664,
         -0.06717193871736526,
         0.0845038890838623
      ],
      "65": [
         0.030546490103006363,
         -0.054245904088020325,
         0.08296585083007812
      ],
      "66": [
         0.016781194135546684,
         -0.06622550636529922,
         0.083168625831604
      ],
      "67": [
         0.007098953705281019,
         -0.06765508651733398,
         0.08309376239776611
      ],
      "68": [
         -0.0024544987827539444,
         -0.06598920375108719,
         0.08355236053466797
      ]
   },
   "keypoints_2d_coordinates": {
      "1": [
         50,
         29
      ],
      "2": [
         61,
         30
      ],
      "3": [
         71,
         30
      ],