{
   "version": "1.0.0",
   "identity_id": "6ce2da06-311d-4b0c-b966-7544c0008826",
   "eye_gaze": {
      "axis_directions": {
         "right_eye": {
            "axis_directions": {
               "visual_axis_direction": {
                  "x": 0.056291583587107945,
                  "y": -0.9961487951696463,
                  "z": 0.0672222842465038
               },
               "optical_axis_direction": {
                  "x": -0.008101188141682808,
                  "y": -0.9977494182490596,
                  "z": 0.06656176931509668
               }
            }
         },
         "left_eye": {
            "axis_directions": {
               "visual_axis_direction": {
                  "x": 0.3322306034697543,
                  "y": -0.9390865060140723,
                  "z": 0.0879736343480514
               },
               "optical_axis_direction": {
                  "x": 0.015781283557656452,
                  "y": -0.9970962000362423,
                  "z": 0.0744991205488933
               }
            }
         }
      },
      "target_point": {
         "right_eye": {
            "x": 0.2383471131324768,
            "y": -14.967391967773438,
            "z": 1.2786473035812378
         },
         "left_eye": {
            "x": 0.2383471131324768,
            "y": -14.967391967773438,
            "z": 1.2786473035812378
         }
      },
      "eye_gaze_direction_type": "custom"
   },
   "center_of_pupil_point": {
      "2d": {
         "camera_2": {
            "right_eye": {
               "x": 359.0107849454896,
               "y": 597.201068245505
            },
            "left_eye": {
               "x": 364.44826311478363,
               "y": 403.95947910822696
            }
         }
      },
      "3d": {
         "right_eye": {
            "x": -0.028340233489871025,
            "y": -0.02975630760192871,
            "z": 0.17281611263751984
         },
         "left_eye": {
            "x": 0.035946477204561234,
            "y": -0.029476672410964966,
            "z": 0.17096832394599915
         }
      }
   },
   "eyelid_closure_intensity_level": 1,
   "apex_of_cornea_point": {
      "2d": {
         "camera_2": {
            "right_eye": {
               "x": 354.82249819789047,
               "y": 597.1578330832491
            },
            "left_eye": {
               "x": 360.2272948290588,
               "y": 403.9628362734319
            }
         }
      },
      "3d": {
         "right_eye": {
            "x": -0.028365103527903557,
            "y": -0.03281932324171066,
            "z": 0.17302045226097107
         },
         "left_eye": {
            "x": 0.03599448502063751,
            "y": -0.03250991180539131,
            "z": 0.17119495570659637
         }
      }
   },
   "iris_circle": {
      "2d": {
         "camera_2": {
            "right_eye": [
               {
                  "x": 340.6579346333154,
                  "y": 597.4750709940291
               },
               {
                  "x": 342.9290200672972,
                  "y": 587.4831771002658
               },
               {
                  "x": 349.34036770500154,
                  "y": 580.1030336818241
               },
               {
                  "x": 358.15974707877,
                  "y": 577.3139790345922
               },
               {
                  "x": 367.01796779427326,
                  "y": 579.8516959123889
               },
               {
                  "x": 373.54997456660436,
                  "y": 587.0273979312412
               },
               {
                  "x": 376.014694676403,
                  "y": 596.9165332626079
               },
               {
                  "x": 373.7559000061764,
                  "y": 606.8796362067105
               },
               {
                  "x": 367.3738210986461,
                  "y": 614.2580321859422
               },
               {
                  "x": 358.5684789915695,
                  "y": 617.0759679841519
               },
               {
                  "x": 349.6947576402789,
                  "y": 614.5652287332736
               },
               {
                  "x": 343.13492141294404,
                  "y": 607.3914145754334
               }
            ],
            "left_eye": [
               {
                  "x": 346.0980747499741,
                  "y": 403.9867526104939
               },
               {
                  "x": 348.4630932511099,
                  "y": 393.96555928346305
               },
               {
                  "x": 354.9380354362987,
                  "y": 386.6328217070722
               },
               {
                  "x": 363.7793948377768,
                  "y": 383.9539114541507
               },
               {
                  "x": 372.61110394467306,
                  "y": 386.6364748027578
               },
               {
                  "x": 379.07138000009195,
                  "y": 393.9508195401395
               },
               {
                  "x": 381.4413941283348,
                  "y": 403.93684357415975
               },
               {
                  "x": 379.0902795746206,
                  "y": 413.92803053747434
               },
               {
                  "x": 372.642928365336,
                  "y": 421.2583565905632
               },
               {
                  "x": 363.81606574839844,
                  "y": 423.9655638889361
               },
               {
                  "x": 354.96915674284025,
                  "y": 421.3116836883254
               },
               {
                  "x": 348.4801296992745,
                  "y": 413.9997191898134
               }
            ]
         }
      },
      "3d": {
         "right_eye": [
            {
               "x": -0.028391363099217415,
               "y": -0.029784949496388435,
               "z": 0.17943406105041504
            },
            {
               "x": -0.025078069418668747,
               "y": -0.02986878715455532,
               "z": 0.1785789579153061
            },
            {
               "x": -0.022639689967036247,
               "y": -0.030049199238419533,
               "z": 0.17618700861930847
            },
            {
               "x": -0.02173016220331192,
               "y": -0.030277343466877937,
               "z": 0.1729007214307785
            },
            {
               "x": -0.022592708468437195,
               "y": -0.030491860583424568,
               "z": 0.16960103809833527
            },
            {
               "x": -0.024996692314743996,
               "y": -0.030635569244623184,
               "z": 0.16717079281806946
            },
            {
               "x": -0.028297381475567818,
               "y": -0.0306702870875597,
               "z": 0.1662614941596985
            },
            {
               "x": -0.031610406935214996,
               "y": -0.030586224049329758,
               "z": 0.1671173870563507
            },
            {
               "x": -0.034048281610012054,
               "y": -0.03040602058172226,
               "z": 0.16950902342796326
            },
            {
               "x": -0.03495817631483078,
               "y": -0.030178172513842583,
               "z": 0.17279532551765442
            },
            {
               "x": -0.03409527987241745,
               "y": -0.029963281005620956,
               "z": 0.1760956346988678
            },
            {
               "x": -0.03169184923171997,
               "y": -0.029819302260875702,
               "z": 0.17852570116519928
            }
         ],
         "left_eye": [
            {
               "x": 0.03588584065437317,
               "y": -0.02945675328373909,
               "z": 0.17761053144931793
            },
            {
               "x": 0.03922269493341446,
               "y": -0.02946799248456955,