{
   "version": "1.0.0",
   "center_of_pupil_point": {
      "2d": {
         "camera": {
            "right_eye": {
               "x": 31.56145575475716,
               "y": 42.45797959246613
            },
            "left_eye": {
               "x": 30.910766835916313,
               "y": 85.14109919804133
            }
         }
      },
      "3d": {
         "right_eye": {
            "x": -0.03634743019938469,
            "y": -0.05572878196835518,
            "z": 0.17473292350769043
         },
         "left_eye": {
            "x": 0.0356365330517292,
            "y": -0.057219356298446655,
            "z": 0.17577692866325378
         }
      }
   },
   "face_expression": {
      "name": "sadness",
      "intensity_level": 3.711118271821513
   },
   "center_of_rotation_point": {
      "2d": {
         "camera": {
            "right_eye": {
               "x": 33.455639483129175,
               "y": 41.910830326384335
            },
            "left_eye": {
               "x": 32.82251552032369,
               "y": 83.81908004242584
            }
         }
      },
      "3d": {
         "right_eye": {
            "x": -0.03753038868308067,
            "y": -0.044965710490942,
            "z": 0.1718961000442505
         },
         "left_eye": {
            "x": 0.03364316746592522,
            "y": -0.046362537890672684,
            "z": 0.1729242205619812
         }
      }
   },
   "identity_label": {
      "age": "young",
      "ethnicity": "hispanic",
      "gender": "female"
   },
   "head_metadata": {
      "head_six_dof": {
         "location": {
            "x": -0.002548694610595703,
            "y": -0.0721292495727539,
            "z": 0.18256711959838867
         },
         "look_at_vector": {
            "x": 8.74227803627227e-08,
            "y": -0.9999999999999962,
            "z": 9.553428304548457e-16
         }
      },
      "head_rotation": {
         "pitch": 0.0,
         "yaw": 0.0,
         "roll": 0.0
      },
      "head_root_location": {
         "x": 0.0,
         "y": 0.0,
         "z": 0.0
      }
   },
   "pupil_circle": {
      "2d": {
         "camera": {
            "right_eye": [
               {
                  "x": 29.764276436233732,
                  "y": 42.415207154168776
               },
               {
                  "x": 30.008712576379917,
                  "y": 43.3569466053688
               },
               {
                  "x": 30.668792607232902,
                  "y": 44.05803558264565
               },
               {
                  "x": 31.568179046293324,
                  "y": 44.330747154658724
               },
               {
                  "x": 32.466170117796075,
                  "y": 44.10155727345074
               },
               {
                  "x": 33.121862905601375,
                  "y": 43.43157466728297
               },
               {
                  "x": 33.35969856098969,
                  "y": 42.50057486593123
               },
               {
                  "x": 33.11507763384384,
                  "y": 41.55761264757019
               },
               {
                  "x": 32.453779700189315,
                  "y": 40.85604922587539
               },
               {
                  "x": 31.5538096708871,
                  "y": 40.584238937551596
               },
               {
                  "x": 30.656092878115214,
                  "y": 40.81438786338562
               },
               {
                  "x": 30.00133858271278,
                  "y": 41.484654529836185
               }
            ],
            "left_eye": [
               {
                  "x": 29.070579789777874,
                  "y": 85.09074479496216
               },
               {
                  "x": 29.346858189778462,
                  "y": 86.0390283789154
               },
               {
                  "x": 30.041959316876277,
                  "y": 86.74681070704983
               },
               {
                  "x": 30.96969500733968,
                  "y": 87.02463819259165
               },
               {
                  "x": 31.882233783947022,
                  "y": 86.7982297363251
               },
               {
                  "x": 32.5348421881405,
                  "y": 86.12734292714875
               },
               {
                  "x": 32.75252137902764,
                  "y": 85.19183796038969
               },
               {
                  "x": 32.476237470126684,
                  "y": 84.24234173415194
               },
               {
                  "x": 31.78029478705884,
                  "y": 83.53351774692081
               },
               {
                  "x": 30.851587828208352,
                  "y": 83.25599313413119
               },
               {
                  "x": 29.938994952198023,
                  "y": 83.48382178064085
               },
               {
                  "x": 29.287457455373325,
                  "y": 84.15572995617887
               }
            ]
         }
      },
      "3d": {
         "right_eye": [
            {
               "x": -0.03643842414021492,
               "y": -0.05493056774139404,
               "z": 0.17779512703418732
            },
            {
               "x": -0.03485012799501419,
               "y": -0.05486389622092247,
               "z": 0.17738495767116547
            },
            {
               "x": -0.03366294503211975,
               "y": -0.055028509348630905,
               "z": 0.17626459896564484
            },
            {
               "x": -0.033195022493600845,
               "y": -0.055380892008543015,
               "z": 0.17473390698432922
            },
            {
               "x": -0.033572129905223846,
               "y": -0.05582646653056145,
               "z": 0.17320305109024048
            },
            {
               "x": -0.03469308093190193,
               "y": -0.05624590069055557,
               "z": 0.17208263278007507
            },
            {
               "x": -0.0362568199634552,
               "y": -0.056526556611061096,
               "z": 0.17167207598686218
            },
            {
               "x": -0.03784541040658951,
               "y": -0.05659300461411476,
               "z": 0.17208236455917358
            },
            {
               "x": -0.039032649248838425,
               "y": -0.0564282163977623,
               "z": 0.1732032150030136
            },
            {
               "x": -0.03950006514787674,
               "y": -0.056076303124427795,
               "z": 0.174733504652977
            },
            {
               "x": -0.03912312164902687,
               "y": -0.05563044175505638,
               "z": 0.17626410722732544
            },
            {
               "x": -0.038002438843250275,
               "y": -0.055211056023836136,
               "z": 0.17738451063632965
            }
         ],
         "left_eye": [
            {
               "x": 0.03557036817073822,
               "y": -0.05640720576047897,
               "z": 0.17890983819961548
            },
            {
               "x": 0.03717385232448578,
               "y": -0.056234169751405716,
               "z": 0.17845043540000916
            },
            {
               "x": 0.038365438580513,
               "y": -0.056324709206819534,
               "z": 0.17727462947368622
            },
            {
               "x": 0.03882572427392006,
               "y": -0.05665488913655281,
               "z": 0.17569796741008759
            },
            {
               "x": 0.038431935012340546,
               "y": -0.05713678523898125,
               "z": 0.1741422712802887
            },
            {
               "x": 0.03728879988193512,
               "y": -0.05764111876487732,
               "z": 0.17302480340003967
            },
            {
               "x": 0.035703256726264954,