{
   "keypoints_3d_coordinates": {
      "1": [
         -0.08089641481637955,
         0.03413435071706772,
         0.16467070579528809
      ],
      "2": [
         -0.07843274623155594,
         0.0274488665163517,
         0.1425837278366089
      ],
      "3": [
         -0.07564764469861984,
         0.025112546980381012,
         0.12174069881439209
      ],
      "4": [
         -0.0704578086733818,
         0.01966024562716484,
         0.09775722026824951
      ],
      "5": [
         -0.0638313889503479,
         0.008881693705916405,
         0.0811007022857666
      ],
      "6": [
         -0.0547996461391449,
         -0.010168792679905891,
         0.07321333885192871
      ],
      "7": [
         -0.04279820993542671,
         -0.024872606620192528,
         0.0658038854598999
      ],
      "8": [
         -0.030122308060526848,
         -0.042197585105895996,
         0.061730265617370605
      ],
      "9": [
         -0.003982714377343655,
         -0.05113900080323219,
         0.05981314182281494
      ],
      "10": [
         0.02093055285513401,
         -0.040285274386405945,
         0.06398820877075195
      ],
      "11": [
         0.033727068454027176,
         -0.023846078664064407,
         0.06808042526245117
      ],
      "12": [
         0.04608629271388054,
         -0.009847010485827923,
         0.07545006275177002
      ],
      "13": [
         0.05597047507762909,
         0.008648263290524483,
         0.08261620998382568
      ],
      "14": [
         0.06245385855436325,
         0.019770842045545578,
         0.0987555980682373
      ],
      "15": [
         0.06752864271402359,
         0.025850165635347366,
         0.12135612964630127
      ],
      "16": [
         0.07120125740766525,
         0.029237475246191025,
         0.14188742637634277
      ],
      "17": [
         0.07530208677053452,
         0.036087218672037125,
         0.1629582643508911
      ],
      "18": [
         -0.05152374878525734,
         -0.0359605997800827,
         0.18504071235656738
      ],
      "19": [
         -0.04769304767251015,
         -0.03802129626274109,
         0.18809175491333008
      ],
      "20": [
         -0.038400646299123764,
         -0.04283629730343819,
         0.1867988109588623
      ],
      "21": [
         -0.028179148212075233,
         -0.046333394944667816,
         0.18327176570892334
      ],
      "22": [
         -0.017277248203754425,
         -0.05003559589385986,
         0.1788867712020874
      ],
      "23": [
         0.011862851679325104,
         -0.05007569491863251,
         0.17857074737548828
      ],
      "24": [
         0.023859551176428795,
         -0.04632369801402092,
         0.1823657751083374
      ],
      "25": [
         0.034011051058769226,
         -0.04227229952812195,
         0.185410737991333
      ],
      "26": [
         0.0432511530816555,
         -0.03711079806089401,
         0.18650782108306885
      ],
      "27": [
         0.047707151621580124,
         -0.03496519476175308,
         0.18333375453948975
      ],
      "28": [
         -0.0032844524830579758,
         -0.05024039000272751,
         0.173514723777771
      ],
      "29": [
         -0.004023910965770483,
         -0.05586220696568489,
         0.16287779808044434
      ],
      "30": [
         -0.00465916283428669,
         -0.06261536478996277,
         0.1534276008605957
      ],
      "31": [
         -0.005142088979482651,
         -0.0717146173119545,
         0.13731741905212402
      ],
      "32": [
         -0.020174264907836914,
         -0.053930047899484634,
         0.12548387050628662
      ],
      "33": [
         -0.012502672150731087,
         -0.05875502526760101,
         0.12103712558746338
      ],
      "34": [
         -0.005174858961254358,
         -0.061270203441381454,
         0.120017409324646
      ],
      "35": [
         0.0027115177363157272,
         -0.0581451840698719,
         0.12182307243347168
      ],
      "36": [
         0.010079777799546719,
         -0.052957359701395035,
         0.125291109085083
      ],
      "37": [
         -0.04814152047038078,
         -0.032248131930828094,
         0.17060983180999756
      ],
      "38": [
         -0.04046788439154625,
         -0.039142608642578125,
         0.17390179634094238
      ],
      "39": [
         -0.030268676578998566,
         -0.03959176689386368,
         0.173622727394104
      ],
      "40": [
         -0.02215106599032879,
         -0.035987354815006256,
         0.16868197917938232
      ],
      "41": [
         -0.03035116381943226,
         -0.03876444697380066,
         0.16718971729278564
      ],
      "42": [
         -0.039790332317352295,
         -0.03815816342830658,
         0.16668689250946045
      ],
      "43": [
         0.015619726851582527,
         -0.03608072176575661,
         0.1689610481262207
      ],
      "44": [
         0.024951152503490448,
         -0.04032331705093384,
         0.17326951026916504
      ],
      "45": [
         0.03593307361006737,
         -0.03936547785997391,
         0.17287695407867432
      ],
      "46": [
         0.04286623001098633,
         -0.03138747811317444,
         0.16937291622161865
      ],
      "47": [
         0.034556444734334946,
         -0.038075923919677734,
         0.16622614860534668
      ],
      "48": [
         0.024212222546339035,
         -0.03906973451375961,
         0.16672766208648682
      ],
      "49": [
         -0.022371413186192513,
         -0.05368092656135559,
         0.1004786491394043
      ],
      "50": [
         -0.01815923862159252,
         -0.06025203317403793,
         0.10241103172302246
      ],
      "51": [
         -0.012434445321559906,
         -0.06200580671429634,
         0.10452413558959961
      ],
      "52": [
         -0.005024227313697338,
         -0.0620669461786747,
         0.10447871685028076
      ],
      "53": [
         0.002968024928122759,
         -0.061055876314640045,
         0.10442352294921875
      ],
      "54": [
         0.009052958339452744,
         -0.05702850967645645,
         0.10253095626831055
      ],
      "55": [
         0.01263059489428997,
         -0.04880007356405258,
         0.10045051574707031
      ],
      "56": [
         0.008188710547983646,
         -0.05475214123725891,
         0.10159707069396973
      ],
      "57": [
         0.002108112908899784,
         -0.05927306041121483,
         0.09928548336029053
      ],
      "58": [
         -0.00435508182272315,
         -0.06168122589588165,
         0.09930229187011719
      ],
      "59": [
         -0.010520875453948975,
         -0.0616699755191803,
         0.09967732429504395
      ],
      "60": [
         -0.017869148403406143,
         -0.05973229184746742,
         0.10162699222564697
      ],
      "61": [
         -0.023091573268175125,
         -0.053328946232795715,
         0.10079705715179443
      ],
      "62": [
         -0.010937022045254707,
         -0.05668862909078598,
         0.10183191299438477
      ],
      "63": [
         -0.004448425490409136,
         -0.05591684579849243,
         0.10217154026031494
      ],
      "64": [
         0.0024585705250501633,
         -0.05465918034315109,
         0.10167145729064941
      ],
      "65": [
         0.013112343847751617,
         -0.047266636043787,
         0.10094010829925537
      ],
      "66": [
         0.002048646565526724,
         -0.05215312913060188,
         0.10284566879272461
      ],
      "67": [
         -0.004550513345748186,
         -0.05345553904771805,
         0.10333776473999023
      ],
      "68": [
         -0.010449975728988647,
         -0.05407347530126572,
         0.10331106185913086
      ]
   },
   "keypoints_2d_coordinates": {
      "1": [
         39,
         19
      ],
      "2": [
         51,
         20
      ],
      "3": [
         63,
         21
      ],
      "4": [
         77,
         24
      ],