{
   "version": "1.0.0",
   "identity_label": {
      "age": "adult",
      "ethnicity": "north_european",
      "gender": "female"
   },
   "center_of_pupil_point": {
      "2d": {
         "camera": {
            "right_eye": {
               "x": 44.114105073217466,
               "y": 42.413010620322645
            },
            "left_eye": {
               "x": 44.13403700453472,
               "y": 79.28885499617164
            }
         }
      },
      "3d": {
         "right_eye": {
            "x": -0.036498505622148514,
            "y": -0.05254045128822327,
            "z": 0.1536223590373993
         },
         "left_eye": {
            "x": 0.02582760527729988,
            "y": -0.05387188121676445,
            "z": 0.15355975925922394
         }
      }
   },
   "apex_of_cornea_point": {
      "2d": {
         "camera": {
            "right_eye": {
               "x": 44.5533855941128,
               "y": 41.724412070694385
            },
            "left_eye": {
               "x": 44.583454463147774,
               "y": 78.83778132468585
            }
         }
      },
      "3d": {
         "right_eye": {
            "x": -0.03758807107806206,
            "y": -0.05560934916138649,
            "z": 0.15281443297863007
         },
         "left_eye": {
            "x": 0.025014204904437065,
            "y": -0.05704224109649658,
            "z": 0.15273329615592957
         }
      }
   },
   "identity_id": "340db36e-0a42-49b2-bfd3-ff8d9e4a1aa6",
   "center_of_iris_point": {
      "2d": {
         "camera": {
            "right_eye": {
               "x": 44.16674558297045,
               "y": 42.33089673444743
            },
            "left_eye": {
               "x": 44.187859991690665,
               "y": 79.23498816303466
            }
         }
      },
      "3d": {
         "right_eye": {
            "x": -0.03662864491343498,
            "y": -0.05290774255990982,
            "z": 0.15352539718151093
         },
         "left_eye": {
            "x": 0.02573029138147831,
            "y": -0.05425132438540459,
            "z": 0.15346062183380127
         }
      }
   },
   "eyelid_closure_intensity_level": 4,
   "facial_hair_included": false,
   "pupil_circle": {
      "2d": {
         "camera": {
            "right_eye": [
               {
                  "x": 42.40556982272585,
                  "y": 42.35633685420343
               },
               {
                  "x": 42.677954058933516,
                  "y": 43.18453783376648
               },
               {
                  "x": 43.335275709670164,
                  "y": 43.8057812716681
               },
               {
                  "x": 44.20117914627591,
                  "y": 44.05368355075318
               },
               {
                  "x": 45.04328236299594,
                  "y": 43.86190266078953
               },
               {
                  "x": 45.636378632727315,
                  "y": 43.28224003458531
               },
               {
                  "x": 45.821243996268386,
                  "y": 42.46986068415985
               },
               {
                  "x": 45.54848084927091,
                  "y": 41.64303906351058
               },
               {
                  "x": 44.89146014135507,
                  "y": 41.022459855488904
               },
               {
                  "x": 44.026944493165836,
                  "y": 40.77430019017099
               },
               {
                  "x": 43.185227382661864,
                  "y": 40.96506678450428
               },
               {
                  "x": 42.59181384582503,
                  "y": 41.54409352631883
               }
            ],
            "left_eye": [
               {
                  "x": 42.41527419735012,
                  "y": 79.24614536294894
               },
               {
                  "x": 42.670072737860735,
                  "y": 80.10990739081399
               },
               {
                  "x": 43.31759805177533,
                  "y": 80.75339111830891
               },
               {
                  "x": 44.18416680428657,
                  "y": 81.0043208951762
               },
               {
                  "x": 45.036976606443005,
                  "y": 80.79556840938014
               },
               {
                  "x": 45.64738804466528,
                  "y": 80.18340128264745
               },
               {
                  "x": 45.85233632616302,
                  "y": 79.33183447792082
               },
               {
                  "x": 45.59707915832256,
                  "y": 78.46924230620019
               },
               {
                  "x": 44.95024528872665,
                  "y": 77.82606874679618
               },
               {
                  "x": 44.0845011996289,
                  "y": 77.57474314190726
               },
               {
                  "x": 43.232189169545904,
                  "y": 77.78252014159432
               },
               {
                  "x": 42.62111208237532,
                  "y": 78.39437204009162
               }
            ]
         }
      },
      "3d": {
         "right_eye": [
            {
               "x": -0.03657711669802666,
               "y": -0.05326824635267258,
               "z": 0.1564939171075821
            },
            {
               "x": -0.03516892343759537,
               "y": -0.05364459753036499,
               "z": 0.15602482855319977
            },
            {
               "x": -0.034117504954338074,
               "y": -0.05372580885887146,
               "z": 0.15491241216659546
            },
            {
               "x": -0.033703841269016266,
               "y": -0.05348906293511391,
               "z": 0.15345461666584015
            },
            {
               "x": -0.034038692712783813,
               "y": -0.05299849435687065,
               "z": 0.15204185247421265
            },
            {
               "x": -0.035032376646995544,
               "y": -0.052384380251169205,
               "z": 0.15105168521404266
            },
            {
               "x": -0.03641950339078903,
               "y": -0.05181277543306351,
               "z": 0.15075044333934784
            },
            {
               "x": -0.03782731667160988,
               "y": -0.051436327397823334,
               "z": 0.1512194275856018
            },
            {
               "x": -0.038879357278347015,
               "y": -0.051355112344026566,
               "z": 0.15233278274536133
            },
            {
               "x": -0.03929325193166733,
               "y": -0.051591794937849045,
               "z": 0.1537904292345047
            },
            {
               "x": -0.03895815834403038,
               "y": -0.05208267644047737,
               "z": 0.15520328283309937
            },
            {
               "x": -0.037963807582855225,
               "y": -0.052696626633405685,
               "z": 0.15619254112243652
            }
         ],
         "left_eye": [
            {
               "x": 0.02574329823255539,
               "y": -0.05460169538855553,
               "z": 0.15644606947898865
            },
            {
               "x": 0.02719721570611,
               "y": -0.05486047640442848,
               "z": 0.15600980818271637
            },
            {
               "x": 0.028283677995204926,
               "y": -0.05485423281788826,
               "z": 0.15491677820682526
            },
            {
               "x": 0.028712311759591103,
               "y": -0.05458483844995499,
               "z": 0.15345963835716248
            },
            {
               "x": 0.028368279337882996,
               "y": -0.05412423610687256,
               "z": 0.15202918648719788
            },
            {
               "x": 0.027343645691871643,
               "y": -0.05359617620706558,