{
   "keypoints_3d_coordinates": {
      "1": [
         -0.06603053957223892,
         0.022649947553873062,
         0.1319417953491211
      ],
      "2": [
         -0.0637962743639946,
         0.020012013614177704,
         0.11459505558013916
      ],
      "3": [
         -0.05972706526517868,
         0.018865246325731277,
         0.09690022468566895
      ],
      "4": [
         -0.05513271689414978,
         0.016721118241548538,
         0.0787665843963623
      ],
      "5": [
         -0.049919068813323975,
         0.010138215497136116,
         0.06630575656890869
      ],
      "6": [
         -0.043977707624435425,
         -0.002645134925842285,
         0.05660068988800049
      ],
      "7": [
         -0.034836914390325546,
         -0.013567401096224785,
         0.04571962356567383
      ],
      "8": [
         -0.023668350651860237,
         -0.025699838995933533,
         0.036133646965026855
      ],
      "9": [
         0.00035863020457327366,
         -0.03293051943182945,
         0.028359174728393555
      ],
      "10": [
         0.02512984350323677,
         -0.026966992765665054,
         0.036301612854003906
      ],
      "11": [
         0.03600384294986725,
         -0.014235105365514755,
         0.04575467109680176
      ],
      "12": [
         0.045060478150844574,
         -0.0028212983161211014,
         0.056378841400146484
      ],
      "13": [
         0.05206912010908127,
         0.009959114715456963,
         0.06598877906799316
      ],
      "14": [
         0.056802570819854736,
         0.016272015869617462,
         0.07933902740478516
      ],
      "15": [
         0.06025972589850426,
         0.018994640558958054,
         0.09809410572052002
      ],
      "16": [
         0.06247975677251816,
         0.019282802939414978,
         0.11627483367919922
      ],
      "17": [
         0.06473225355148315,
         0.022385288029909134,
         0.1337273120880127
      ],
      "18": [
         -0.04296799749135971,
         -0.03314632922410965,
         0.15239179134368896
      ],
      "19": [
         -0.0392305962741375,
         -0.03476003184914589,
         0.1576927900314331
      ],
      "20": [
         -0.030522296205163002,
         -0.04001213237643242,
         0.1592768430709839
      ],
      "21": [
         -0.020641596987843513,
         -0.04514383152127266,
         0.1595897674560547
      ],
      "22": [
         -0.008433395996689796,
         -0.047262534499168396,
         0.1559438705444336
      ],
      "23": [
         0.005356304347515106,
         -0.04807783290743828,
         0.15617871284484863
      ],
      "24": [
         0.017617803066968918,
         -0.04628383368253708,
         0.1598057746887207
      ],
      "25": [
         0.027588803321123123,
         -0.041020430624485016,
         0.15970087051391602
      ],
      "26": [
         0.03630150109529495,
         -0.035626932978630066,
         0.15863370895385742
      ],
      "27": [
         0.04026910662651062,
         -0.03411603346467018,
         0.15327978134155273
      ],
      "28": [
         -0.0010959913488477468,
         -0.047606460750103,
         0.14595520496368408
      ],
      "29": [
         -0.0009700084920041263,
         -0.051833249628543854,
         0.13529419898986816
      ],
      "30": [
         -0.0008490773034282029,
         -0.05976477637887001,
         0.12564027309417725
      ],
      "31": [
         -0.0008185491897165775,
         -0.06863038241863251,
         0.11208462715148926
      ],
      "32": [
         -0.014578231610357761,
         -0.04625504091382027,
         0.09758377075195312
      ],
      "33": [
         -0.008385038934648037,
         -0.05275115743279457,
         0.09582149982452393
      ],
      "34": [
         -0.0009909921791404486,
         -0.05725870281457901,
         0.09552717208862305
      ],
      "35": [
         0.0061744749546051025,
         -0.053214650601148605,
         0.09574401378631592
      ],
      "36": [
         0.012565785087645054,
         -0.04653887823224068,
         0.09800350666046143
      ],
      "37": [
         -0.04194149747490883,
         -0.027294788509607315,
         0.1389164924621582
      ],
      "38": [
         -0.035512857139110565,
         -0.035555027425289154,
         0.1441054344177246
      ],
      "39": [
         -0.025350172072649002,
         -0.03561931103467941,
         0.14429664611816406
      ],
      "40": [
         -0.016857808455824852,
         -0.033064860850572586,
         0.13849174976348877
      ],
      "41": [
         -0.02461877651512623,
         -0.034964174032211304,
         0.136327862739563
      ],
      "42": [
         -0.035467471927404404,
         -0.03393004834651947,
         0.13513219356536865
      ],
      "43": [
         0.014729565009474754,
         -0.0334659181535244,
         0.1386164426803589
      ],
      "44": [
         0.023622827604413033,
         -0.0360141396522522,
         0.14458584785461426
      ],
      "45": [
         0.03288417309522629,
         -0.03555302321910858,
         0.145041823387146
      ],
      "46": [
         0.04033845663070679,
         -0.027481384575366974,
         0.13977742195129395
      ],
      "47": [
         0.033807460218667984,
         -0.03450629115104675,
         0.1365647315979004
      ],
      "48": [
         0.023026831448078156,
         -0.035393379628658295,
         0.13635659217834473
      ],
      "49": [
         -0.024579977616667747,
         -0.03675912320613861,
         0.06570255756378174
      ],
      "50": [
         -0.020520051941275597,
         -0.046316199004650116,
         0.07756972312927246
      ],
      "51": [
         -0.011211536824703217,
         -0.05402219668030739,
         0.08111894130706787
      ],
      "52": [
         -0.0007025838131085038,
         -0.05615038424730301,
         0.07946813106536865
      ],
      "53": [
         0.009890169836580753,
         -0.0545293465256691,
         0.0811467170715332
      ],
      "54": [
         0.019850002601742744,
         -0.047336146235466,
         0.07810759544372559
      ],
      "55": [
         0.023887909948825836,
         -0.0389188751578331,
         0.06662929058074951
      ],
      "56": [
         0.020411444827914238,
         -0.041511110961437225,
         0.05976676940917969
      ],
      "57": [
         0.012331739999353886,
         -0.046074818819761276,
         0.05595409870147705
      ],
      "58": [
         -0.0004122722602915019,
         -0.04801098257303238,
         0.054969072341918945
      ],
      "59": [
         -0.012749439105391502,
         -0.04530289024114609,
         0.0554429292678833
      ],
      "60": [
         -0.02126435376703739,
         -0.04028439521789551,
         0.059456706047058105
      ],
      "61": [
         -0.022284425795078278,
         -0.03424987196922302,
         0.06888175010681152
      ],
      "62": [
         -0.00991571694612503,
         -0.05128335580229759,
         0.07705044746398926
      ],
      "63": [
         -0.00045786742703057826,
         -0.0527355819940567,
         0.07744240760803223
      ],
      "64": [
         0.008911838755011559,
         -0.051727283746004105,
         0.07711315155029297
      ],
      "65": [
         0.0221052598208189,
         -0.03682897239923477,
         0.0693974494934082
      ],
      "66": [
         0.009585726074874401,
         -0.04660031944513321,
         0.061225295066833496
      ],
      "67": [
         -0.0003558298631105572,
         -0.04787769168615341,
         0.06024754047393799
      ],
      "68": [
         -0.010682857595384121,
         -0.04657948762178421,
         0.06076836585998535
      ]
   },
   "keypoints_2d_coordinates": {
      "1": [
         57,
         27
      ],
      "2": [
         67,
         28
      ],
      "3": [
         77,
         30
      ],