{
   "keypoints_3d_coordinates": {
      "1": [
         -0.07044139504432678,
         0.024706725031137466,
         0.1400679349899292
      ],
      "2": [
         -0.06829027831554413,
         0.019044820219278336,
         0.12089240550994873
      ],
      "3": [
         -0.06899573653936386,
         0.018230721354484558,
         0.1009070873260498
      ],
      "4": [
         -0.0659613311290741,
         0.01486334577202797,
         0.08031737804412842
      ],
      "5": [
         -0.05831625312566757,
         0.004696657881140709,
         0.06734848022460938
      ],
      "6": [
         -0.05165847763419151,
         -0.0146771389991045,
         0.05883800983428955
      ],
      "7": [
         -0.04020586982369423,
         -0.02809484675526619,
         0.05141723155975342
      ],
      "8": [
         -0.02634437382221222,
         -0.04234291613101959,
         0.047828078269958496
      ],
      "9": [
         -0.0010660374537110329,
         -0.052013278007507324,
         0.0436098575592041
      ],
      "10": [
         0.024218706414103508,
         -0.04200327396392822,
         0.047362327575683594
      ],
      "11": [
         0.03891295567154884,
         -0.028713077306747437,
         0.05030953884124756
      ],
      "12": [
         0.05125455930829048,
         -0.01627504453063011,
         0.05766856670379639
      ],
      "13": [
         0.05887269228696823,
         0.001997668296098709,
         0.06599318981170654
      ],
      "14": [
         0.06705257296562195,
         0.01212041825056076,
         0.07780981063842773
      ],
      "15": [
         0.0712994858622551,
         0.015746429562568665,
         0.09841251373291016
      ],
      "16": [
         0.07080826908349991,
         0.016425926238298416,
         0.11833739280700684
      ],
      "17": [
         0.07363715767860413,
         0.021043024957180023,
         0.13787269592285156
      ],
      "18": [
         -0.04452480375766754,
         -0.035822853446006775,
         0.15918636322021484
      ],
      "19": [
         -0.04105520248413086,
         -0.03808875381946564,
         0.16285407543182373
      ],
      "20": [
         -0.03279070556163788,
         -0.04281390458345413,
         0.16366076469421387
      ],
      "21": [
         -0.02405095472931862,
         -0.0469556525349617,
         0.16246652603149414
      ],
      "22": [
         -0.013472105376422405,
         -0.04852540045976639,
         0.15919530391693115
      ],
      "23": [
         0.015032445080578327,
         -0.04915090277791023,
         0.1586012840270996
      ],
      "24": [
         0.025799144059419632,
         -0.048141900449991226,
         0.1609400510787964
      ],
      "25": [
         0.03477519750595093,
         -0.04410820081830025,
         0.16184628009796143
      ],
      "26": [
         0.0429348461329937,
         -0.039163701236248016,
         0.16080546379089355
      ],
      "27": [
         0.04615659639239311,
         -0.03741045296192169,
         0.156699538230896
      ],
      "28": [
         0.0005562250153161585,
         -0.04854863882064819,
         0.15126287937164307
      ],
      "29": [
         0.0003483693872112781,
         -0.05436096712946892,
         0.14005303382873535
      ],
      "30": [
         0.0001270692446269095,
         -0.059644073247909546,
         0.13151311874389648
      ],
      "31": [
         -0.00022602744866162539,
         -0.06721162050962448,
         0.11826896667480469
      ],
      "32": [
         -0.01600944623351097,
         -0.04829501360654831,
         0.1081775426864624
      ],
      "33": [
         -0.008443599566817284,
         -0.053312037140131,
         0.10576105117797852
      ],
      "34": [
         -0.000184694305062294,
         -0.056036610156297684,
         0.10396850109100342
      ],
      "35": [
         0.00826181098818779,
         -0.053810346871614456,
         0.10508441925048828
      ],
      "36": [
         0.015537841245532036,
         -0.048911139369010925,
         0.10704290866851807
      ],
      "37": [
         -0.04204488545656204,
         -0.0326744019985199,
         0.1440119743347168
      ],
      "38": [
         -0.03505649045109749,
         -0.04251788929104805,
         0.1447066068649292
      ],
      "39": [
         -0.026129120960831642,
         -0.04244590178132057,
         0.1452019214630127
      ],
      "40": [
         -0.019592564553022385,
         -0.03760991245508194,
         0.14399683475494385
      ],
      "41": [
         -0.025883765891194344,
         -0.04053428769111633,
         0.14225661754608154
      ],
      "42": [
         -0.03426522761583328,
         -0.039946772158145905,
         0.14070355892181396
      ],
      "43": [
         0.020191214978694916,
         -0.038224972784519196,
         0.14343476295471191
      ],
      "44": [
         0.02729160338640213,
         -0.04411371052265167,
         0.143629789352417
      ],
      "45": [
         0.03673059493303299,
         -0.043998200446367264,
         0.14269006252288818
      ],
      "46": [
         0.04337720572948456,
         -0.034367166459560394,
         0.14164602756500244
      ],
      "47": [
         0.03564970940351486,
         -0.041499972343444824,
         0.13898825645446777
      ],
      "48": [
         0.026172731071710587,
         -0.04196593537926674,
         0.1408299207687378
      ],
      "49": [
         -0.021232156082987785,
         -0.04627641662955284,
         0.08212792873382568
      ],
      "50": [
         -0.016482995823025703,
         -0.05388965457677841,
         0.08603107929229736
      ],
      "51": [
         -0.009716530330479145,
         -0.05794847011566162,
         0.08952617645263672
      ],
      "52": [
         -0.0007697857217863202,
         -0.05956977233290672,
         0.08864820003509521
      ],
      "53": [
         0.00882913451641798,
         -0.05790210887789726,
         0.08895516395568848
      ],
      "54": [
         0.016653841361403465,
         -0.05270979180932045,
         0.08472728729248047
      ],
      "55": [
         0.021279996261000633,
         -0.044529177248477936,
         0.0807809829711914
      ],
      "56": [
         0.016046598553657532,
         -0.0509256012737751,
         0.07927477359771729
      ],
      "57": [
         0.008352840319275856,
         -0.05741448700428009,
         0.07831871509552002
      ],
      "58": [
         -0.0006691064918413758,
         -0.060011208057403564,
         0.0789494514465332
      ],
      "59": [
         -0.009180278517305851,
         -0.05821886658668518,
         0.07926023006439209
      ],
      "60": [
         -0.016530290246009827,
         -0.053113579750061035,
         0.08089113235473633
      ],
      "61": [
         -0.019882382825016975,
         -0.04562404751777649,
         0.08297193050384521
      ],
      "62": [
         -0.008425166830420494,
         -0.053172823041677475,
         0.08514213562011719
      ],
      "63": [
         -0.000628994544968009,
         -0.05441150441765785,
         0.08505058288574219
      ],
      "64": [
         0.007581796962767839,
         -0.05292724445462227,
         0.08429825305938721
      ],
      "65": [
         0.01965799182653427,
         -0.04290500283241272,
         0.08139801025390625
      ],
      "66": [
         0.007489686831831932,
         -0.05228373035788536,
         0.08335661888122559
      ],
      "67": [
         -0.000613420968875289,
         -0.054006557911634445,
         0.08386886119842529
      ],
      "68": [
         -0.008201628923416138,
         -0.05320937931537628,
         0.08398807048797607
      ]
   },
   "keypoints_2d_coordinates": {
      "1": [
         53,
         24
      ],
      "2": [
         63,
         25
      ],
      "3": [
         75,
         25
      ],