{
   "body": {
      "eye": {
         "left": {
            "outer": {
               "global_3d": {
                  "x": 0.031564515084028244,
                  "y": 0.612639844417572,
                  "z": 1.2707005739212036
               },
               "pixel_2d": {
                  "x": 67,
                  "y": 189
               }
            },
            "center": {
               "global_3d": {
                  "x": 0.04542036447674036,
                  "y": 0.6171142011880875,
                  "z": 1.2691057324409485
               },
               "pixel_2d": {
                  "x": 67,
                  "y": 186
               }
            },
            "inner": {
               "global_3d": {
                  "x": 0.05988266319036484,
                  "y": 0.6150302886962891,
                  "z": 1.266480565071106
               },
               "pixel_2d": {
                  "x": 67,
                  "y": 179
               }
            }
         },
         "right": {
            "center": {
               "global_3d": {
                  "x": 0.11373185180127621,
                  "y": 0.6111431568861008,
                  "z": 1.2634123265743256
               },
               "pixel_2d": {
                  "x": 65,
                  "y": 157
               }
            },
            "outer": {
               "global_3d": {
                  "x": 0.1267165243625641,
                  "y": 0.6043928861618042,
                  "z": 1.2627878189086914
               },
               "pixel_2d": {
                  "x": 65,
                  "y": 150
               }
            },
            "inner": {
               "global_3d": {
                  "x": 0.09951257705688477,
                  "y": 0.6117119193077087,
                  "z": 1.2630367279052734
               },
               "pixel_2d": {
                  "x": 66,
                  "y": 163
               }
            }
         }
      },
      "ear": {
         "left": {
            "global_3d": {
               "x": -0.008236931370837348,
               "y": 0.52863267489842,
               "z": 1.236019960471562
            },
            "pixel_2d": {
               "x": 89,
               "y": 182
            }
         },
         "right": {
            "global_3d": {
               "x": 0.1436922363936901,
               "y": 0.5150293729134968,
               "z": 1.2232877782412939
            },
            "pixel_2d": {
               "x": 88,
               "y": 121
            }
         }
      },
      "nose": {
         "global_3d": {
            "x": 0.07955292612314224,
            "y": 0.6519786715507507,
            "z": 1.2315685749053955
         },
         "pixel_2d": {
            "x": 80,
            "y": 182
         }
      },
      "mouth": {
         "left": {
            "global_3d": {
               "x": 0.04823785275220871,
               "y": 0.6321309208869934,
               "z": 1.1906771659851074
            },
            "pixel_2d": {
               "x": 101,
               "y": 188
            }
         },
         "right": {
            "global_3d": {
               "x": 0.09896700829267502,
               "y": 0.6280164122581482,
               "z": 1.1854647397994995
            },
            "pixel_2d": {
               "x": 102,
               "y": 167
            }
         }
      },
      "heel": {
         "right": {
            "global_3d": {
               "x": 0.12564294040203094,
               "y": 1.2615927457809448,
               "z": 0.18519113957881927
            },
            "pixel_2d": {
               "x": 1017,
               "y": 489
            }
         },
         "left": {
            "global_3d": {
               "x": -0.180758997797966,
               "y": 1.3065190315246582,
               "z": 0.1557871252298355
            },
            "pixel_2d": {
               "x": 813,
               "y": 608
            }
         }
      },
      "hip": {
         "right": {
            "global_3d": {
               "x": 0.16786764198687018,
               "y": 0.6401330610600914,
               "z": 0.5905900844713536
            },
            "pixel_2d": {
               "x": 407,
               "y": 138
            }
         },
         "left": {
            "global_3d": {
               "x": -0.05768826040552884,
               "y": 0.650239884853363,
               "z": 0.6056528004204355
            },
            "pixel_2d": {
               "x": 366,
               "y": 230
            }
         }
      },
      "elbow": {
         "right": {
            "global_3d": {
               "x": 0.2933452942154624,
               "y": 0.8536384864286943,
               "z": 0.867626195604151
            },
            "pixel_2d": {
               "x": 294,
               "y": 141
            }
         },
         "left": {
            "global_3d": {
               "x": -0.22117094560102982,
               "y": 0.8606127012859691,
               "z": 0.9032757607373324
            },
            "pixel_2d": {
               "x": 234,
               "y": 351
            }
         }
      },
      "wrist": {
         "right": {
            "global_3d": {
               "x": 0.1993670960267385,
               "y": 1.0875834102431934,
               "z": 0.9436659440398216
            },
            "pixel_2d": {
               "x": 254,
               "y": 307
            }
         },
         "left": {
            "global_3d": {
               "x": -0.10535376767317454,
               "y": 1.0928255791465442,
               "z": 0.9492500834167004
            },
            "pixel_2d": {
               "x": 228,
               "y": 427
            }
         }
      },
      "shoulder": {
         "left": {
            "global_3d": {
               "x": -0.12017954140901566,
               "y": 0.5877564549446106,
               "z": 1.0127955079078674
            },
            "pixel_2d": {
               "x": 182,
               "y": 233
            }
         },
         "right": {
            "global_3d": {
               "x": 0.2282155379652977,
               "y": 0.5968492329120636,
               "z": 1.0131815969944
            },
            "pixel_2d": {
               "x": 186,
               "y": 101
            }
         }
      },
      "pinky": {
         "left": {
            "global_3d": {
               "x": -0.09328953756226434,
               "y": 1.1801934838294983,
               "z": 0.9192689028051164
            },
            "pixel_2d": {
               "x": 254,
               "y": 478
            }
         },
         "right": {
            "global_3d": {
               "x": 0.20142718652884165,
               "y": 1.1994275384479098,
               "z": 0.9436155822541978
            },
            "pixel_2d": {
               "x": 268,
               "y": 387
            }
         }
      },
      "knee": {
         "right": {
            "global_3d": {
               "x": 0.24138634310414395,
               "y": 1.0857694447040558,
               "z": 0.630874382952849
            },
            "pixel_2d": {
               "x": 531,
               "y": 284
            }
         },
         "left": {
            "global_3d": {
               "x": -0.129023481781284,
               "y": 1.1104620943466823,
               "z": 0.6069372569521269
            },
            "pixel_2d": {
               "x": 437,
               "y": 447
            }
         }
      },
      "foot": {
         "right": {
            "index": {
               "global_3d": {
                  "x": 0.18099757159749666,
                  "y": 1.4631921748320262,
                  "z": 0.3407968117131127
               },
               "pixel_2d": {
                  "x": 1251,
                  "y": 771
               }
            }
         },