{
   "face": {
      "standard": {
         "1": {
            "global_3d": {
               "x": 0.1531427502632141,
               "y": 0.5315777659416199,
               "z": 1.2504891157150269
            },
            "pixel_2d": {
               "x": 74,
               "y": 121
            }
         },
         "2": {
            "global_3d": {
               "x": 0.1485942304134369,
               "y": 0.538749098777771,
               "z": 1.2281700372695923
            },
            "pixel_2d": {
               "x": 84,
               "y": 125
            }
         },
         "3": {
            "global_3d": {
               "x": 0.1435084044933319,
               "y": 0.5421419739723206,
               "z": 1.2063829898834229
            },
            "pixel_2d": {
               "x": 94,
               "y": 128
            }
         },
         "4": {
            "global_3d": {
               "x": 0.1369662880897522,
               "y": 0.5483151078224182,
               "z": 1.1824731826782227
            },
            "pixel_2d": {
               "x": 105,
               "y": 132
            }
         },
         "5": {
            "global_3d": {
               "x": 0.12997981905937195,
               "y": 0.5588340163230896,
               "z": 1.1656079292297363
            },
            "pixel_2d": {
               "x": 113,
               "y": 137
            }
         },
         "6": {
            "global_3d": {
               "x": 0.12072945386171341,
               "y": 0.5811377167701721,
               "z": 1.1581238508224487
            },
            "pixel_2d": {
               "x": 116,
               "y": 146
            }
         },
         "7": {
            "global_3d": {
               "x": 0.11004111170768738,
               "y": 0.5980775356292725,
               "z": 1.1506930589675903
            },
            "pixel_2d": {
               "x": 119,
               "y": 155
            }
         },
         "8": {
            "global_3d": {
               "x": 0.09730640798807144,
               "y": 0.6171356439590454,
               "z": 1.1455222368240356
            },
            "pixel_2d": {
               "x": 121,
               "y": 165
            }
         },
         "9": {
            "global_3d": {
               "x": 0.06876959651708603,
               "y": 0.6306053400039673,
               "z": 1.1446917057037354
            },
            "pixel_2d": {
               "x": 122,
               "y": 180
            }
         },
         "10": {
            "global_3d": {
               "x": 0.03958754986524582,
               "y": 0.621492326259613,
               "z": 1.1516623497009277
            },
            "pixel_2d": {
               "x": 120,
               "y": 189
            }
         },
         "11": {
            "global_3d": {
               "x": 0.025261692702770233,
               "y": 0.6047298908233643,
               "z": 1.1587398052215576
            },
            "pixel_2d": {
               "x": 118,
               "y": 189
            }
         },
         "12": {
            "global_3d": {
               "x": 0.013200599700212479,
               "y": 0.5894854068756104,
               "z": 1.167464256286621
            },
            "pixel_2d": {
               "x": 115,
               "y": 190
            }
         },
         "13": {
            "global_3d": {
               "x": 0.0017058402299880981,
               "y": 0.5690653920173645,
               "z": 1.1765137910842896
            },
            "pixel_2d": {
               "x": 112,
               "y": 188
            }
         },
         "14": {
            "global_3d": {
               "x": -0.0038076937198638916,
               "y": 0.5601758360862732,
               "z": 1.1947320699691772
            },
            "pixel_2d": {
               "x": 105,
               "y": 188
            }
         },
         "15": {
            "global_3d": {
               "x": -0.006123095750808716,
               "y": 0.555502712726593,
               "z": 1.2196308374404907
            },
            "pixel_2d": {
               "x": 94,
               "y": 188
            }
         },
         "16": {
            "global_3d": {
               "x": -0.0067091286182403564,
               "y": 0.5527748465538025,
               "z": 1.2420017719268799
            },
            "pixel_2d": {
               "x": 85,
               "y": 187
            }
         },
         "17": {
            "global_3d": {
               "x": -0.008926212787628174,
               "y": 0.5456551909446716,
               "z": 1.2642393112182617
            },
            "pixel_2d": {
               "x": 76,
               "y": 186
            }
         },
         "18": {
            "global_3d": {
               "x": 0.13989746570587158,
               "y": 0.5928216576576233,
               "z": 1.2791112661361694
            },
            "pixel_2d": {
               "x": 57,
               "y": 142
            }
         },
         "19": {
            "global_3d": {
               "x": 0.13370025157928467,
               "y": 0.6023175716400146,
               "z": 1.286136269569397
            },
            "pixel_2d": {
               "x": 54,
               "y": 147
            }
         },
         "20": {
            "global_3d": {
               "x": 0.12525776028633118,
               "y": 0.6103724837303162,
               "z": 1.2900582551956177
            },
            "pixel_2d": {
               "x": 52,
               "y": 152
            }
         },
         "21": {
            "global_3d": {
               "x": 0.11541913449764252,
               "y": 0.6172522306442261,
               "z": 1.291849136352539
            },
            "pixel_2d": {
               "x": 51,
               "y": 158
            }
         },
         "22": {
            "global_3d": {
               "x": 0.10314428806304932,
               "y": 0.6237461566925049,
               "z": 1.2902973890304565
            },
            "pixel_2d": {
               "x": 52,
               "y": 165
            }
         },
         "23": {
            "global_3d": {
               "x": 0.06286988407373428,
               "y": 0.6273955702781677,
               "z": 1.2938443422317505
            },
            "pixel_2d": {
               "x": 53,
               "y": 182
            }
         },
         "24": {
            "global_3d": {
               "x": 0.050082795321941376,
               "y": 0.6231221556663513,
               "z": 1.2977198362350464
            },
            "pixel_2d": {
               "x": 53,
               "y": 185
            }
         },
         "25": {
            "global_3d": {
               "x": 0.03921359032392502,
               "y": 0.6181250810623169,
               "z": 1.298250675201416
            },
            "pixel_2d": {
               "x": 54,
               "y": 188
            }
         },
         "26": {
            "global_3d": {
               "x": 0.029024874791502953,
               "y": 0.6113437414169312,
               "z": 1.296461820602417
            },
            "pixel_2d": {
               "x": 56,
               "y": 190
            }
         },
         "27": {
            "global_3d": {
               "x": 0.020057104527950287,
               "y": 0.6030460000038147,
               "z": 1.2909621000289917
            },
            "pixel_2d": {
               "x": 59,
               "y": 191
            }
         },
         "28": {
            "global_3d": {
               "x": 0.08153333514928818,
               "y": 0.6248928904533386,
               "z": 1.2756584882736206
            },
            "pixel_2d": {
               "x": 61,
               "y": 174
            }
         },
         "29": {
            "global_3d": {
               "x": 0.08062391728162766,
               "y": 0.6311931014060974,