{
   "feet": {
      "right": {
         "heel": {
            "global_3d": {
               "x": 0.12564294040203094,
               "y": 1.2615927457809448,
               "z": 0.18519113957881927
            },
            "pixel_2d": {
               "x": 1017,
               "y": 489
            }
         },
         "index": {
            "global_3d": {
               "x": 0.18099757159749666,
               "y": 1.4631921748320262,
               "z": 0.3407968117131127
            },
            "pixel_2d": {
               "x": 1251,
               "y": 771
            }
         },
         "pinky": {
            "global_3d": {
               "x": 0.2223963737487793,
               "y": 1.4322883420520358,
               "z": 0.273849219083786
            },
            "pixel_2d": {
               "x": 1389,
               "y": 707
            }
         }
      },
      "left": {
         "heel": {
            "global_3d": {
               "x": -0.180758997797966,
               "y": 1.3065190315246582,
               "z": 0.1557871252298355
            },
            "pixel_2d": {
               "x": 813,
               "y": 608
            }
         },
         "pinky": {
            "global_3d": {
               "x": -0.17639203038480547,
               "y": 1.4604952136675518,
               "z": 0.3090222668316629
            },
            "pixel_2d": {
               "x": 803,
               "y": 763
            }
         },
         "index": {
            "global_3d": {
               "x": -0.1034846446580357,
               "y": 1.4668946464856465,
               "z": 0.35058774964676964
            },
            "pixel_2d": {
               "x": 830,
               "y": 771
            }
         }
      }
   }
}