{
   "hands": {
      "right": {
         "finger": {
            "thumb": {
               "ip": {
                  "global_3d": {
                     "x": 0.1439357708607401,
                     "y": 1.1624419731753213,
                     "z": 1.014467567205429
                  },
                  "pixel_2d": {
                     "x": 198,
                     "y": 384
                  }
               },
               "cmc": {
                  "global_3d": {
                     "x": 0.15796737124522528,
                     "y": 1.138147547841072,
                     "z": 0.9939030284682909
                  },
                  "pixel_2d": {
                     "x": 214,
                     "y": 360
                  }
               },
               "tip": {
                  "global_3d": {
                     "x": 0.13627572192086113,
                     "y": 1.1838413774967194,
                     "z": 1.026854584614436
                  },
                  "pixel_2d": {
                     "x": 188,
                     "y": 403
                  }
               },
               "mcp": {
                  "global_3d": {
                     "x": 0.1527085267007351,
                     "y": 1.1480444769064586,
                     "z": 1.003147728741169
                  },
                  "pixel_2d": {
                     "x": 207,
                     "y": 370
                  }
               }
            },
            "middle": {
               "mcp": {
                  "global_3d": {
                     "x": 0.21488351623217264,
                     "y": 1.1867802689472835,
                     "z": 0.992528905471166
                  },
                  "pixel_2d": {
                     "x": 223,
                     "y": 369
                  }
               },
               "pip": {
                  "global_3d": {
                     "x": 0.2027678383248193,
                     "y": 1.2169394493103027,
                     "z": 0.9904340782335826
                  },
                  "pixel_2d": {
                     "x": 226,
                     "y": 400
                  }
               },
               "dip": {
                  "global_3d": {
                     "x": 0.18446819271360124,
                     "y": 1.2197584169251579,
                     "z": 0.9766587061541421
                  },
                  "pixel_2d": {
                     "x": 238,
                     "y": 411
                  }
               },
               "tip": {
                  "global_3d": {
                     "x": 0.17094897230466208,
                     "y": 1.2114818294843037,
                     "z": 0.9639476107226478
                  },
                  "pixel_2d": {
                     "x": 247,
                     "y": 411
                  }
               }
            },
            "ring": {
               "mcp": {
                  "global_3d": {
                     "x": 0.22881418963273367,
                     "y": 1.183616687854131,
                     "z": 0.9768724540869395
                  },
                  "pixel_2d": {
                     "x": 238,
                     "y": 359
                  }
               },
               "pip": {
                  "global_3d": {
                     "x": 0.21626002873693193,
                     "y": 1.206091902085713,
                     "z": 0.9729533940553665
                  },
                  "pixel_2d": {
                     "x": 243,
                     "y": 384
                  }
               },
               "dip": {
                  "global_3d": {
                     "x": 0.19808388820716313,
                     "y": 1.2125312089920044,
                     "z": 0.963110721537045
                  },
                  "pixel_2d": {
                     "x": 251,
                     "y": 399
                  }
               },
               "tip": {
                  "global_3d": {
                     "x": 0.18214049604203966,
                     "y": 1.207101474205653,
                     "z": 0.9542338831557168
                  },
                  "pixel_2d": {
                     "x": 257,
                     "y": 402
                  }
               }
            },
            "index": {
               "mcp": {
                  "global_3d": {
                     "x": 0.1945634384950002,
                     "y": 1.1830787062644958,
                     "z": 1.0026667714118958
                  },
                  "pixel_2d": {
                     "x": 212,
                     "y": 376
                  }
               },
               "pip": {
                  "global_3d": {
                     "x": 0.18793832617146627,
                     "y": 1.2137200321469988,
                     "z": 1.0070755290133613
                  },
                  "pixel_2d": {
                     "x": 209,
                     "y": 404
                  }
               },
               "dip": {
                  "global_3d": {
                     "x": 0.17256277799606323,
                     "y": 1.2227758722645896,
                     "z": 0.9945405210767474
                  },
                  "pixel_2d": {
                     "x": 220,
                     "y": 419
                  }
               },
               "tip": {
                  "global_3d": {
                     "x": 0.16222817533546025,
                     "y": 1.22179381052653,
                     "z": 0.9799479196468989
                  },
                  "pixel_2d": {
                     "x": 233,
                     "y": 423
                  }
               }
            },
            "pinky": {
               "mcp": {
                  "global_3d": {
                     "x": 0.24232533325751623,
                     "y": 1.1740130285422008,
                     "z": 0.9600307370225588
                  },
                  "pixel_2d": {
                     "x": 255,
                     "y": 344
                  }
               },
               "pip": {
                  "global_3d": {
                     "x": 0.22966866833823069,
                     "y": 1.1896422931126185,
                     "z": 0.9582319451229913
                  },
                  "pixel_2d": {
                     "x": 257,
                     "y": 364
                  }
               },
               "dip": {
                  "global_3d": {
                     "x": 0.21823986300400325,
                     "y": 1.199969402381352,
                     "z": 0.9518969314438956
                  },
                  "pixel_2d": {
                     "x": 263,
                     "y": 378
                  }
               },
               "tip": {
                  "global_3d": {
                     "x": 0.20142718652884165,
                     "y": 1.1994275384479098,
                     "z": 0.9436155822541978
                  },
                  "pixel_2d": {
                     "x": 268,
                     "y": 387
                  }
               }
            }
         },
         "wrist": {
            "global_3d": {
               "x": 0.1993670960267385,
               "y": 1.0875834102431934,
               "z": 0.9436659440398216
            },
            "pixel_2d": {
               "x": 254,
               "y": 307
            }
         }
      },
      "left": {
         "finger": {
            "thumb": {
               "ip": {
                  "global_3d": {
                     "x": -0.026381454297474453,
                     "y": 1.1644680968352727,
                     "z": 0.9875316556010928
                  },
                  "pixel_2d": {
                     "x": 211,
                     "y": 448
                  }
               },
               "cmc": {
                  "global_3d": {
                     "x": -0.04844270398219427,