{
   "version": "2.0.0",
   "face": {
      "standard": {
         "1": {
            "global_3d": {
               "x": 3.974112033843994,
               "y": -0.7437130212783813,
               "z": 1.629356861114502
            },
            "pixel_2d": {
               "x": 260,
               "y": 288
            }
         },
         "2": {
            "global_3d": {
               "x": 3.9689552783966064,
               "y": -0.7460570931434631,
               "z": 1.6084222793579102
            },
            "pixel_2d": {
               "x": 260,
               "y": 288
            }
         },
         "3": {
            "global_3d": {
               "x": 3.9666972160339355,
               "y": -0.7502964735031128,
               "z": 1.5890991687774658
            },
            "pixel_2d": {
               "x": 261,
               "y": 288
            }
         },
         "4": {
            "global_3d": {
               "x": 3.961012363433838,
               "y": -0.7563422918319702,
               "z": 1.5658453702926636
            },
            "pixel_2d": {
               "x": 262,
               "y": 288
            }
         },
         "5": {
            "global_3d": {
               "x": 3.9506046772003174,
               "y": -0.760808527469635,
               "z": 1.5475142002105713
            },
            "pixel_2d": {
               "x": 263,
               "y": 288
            }
         },
         "6": {
            "global_3d": {
               "x": 3.9295730590820312,
               "y": -0.7597784996032715,
               "z": 1.5355085134506226
            },
            "pixel_2d": {
               "x": 263,
               "y": 289
            }
         },
         "7": {
            "global_3d": {
               "x": 3.9117836952209473,
               "y": -0.7634134292602539,
               "z": 1.5256836414337158
            },
            "pixel_2d": {
               "x": 264,
               "y": 289
            }
         },
         "8": {
            "global_3d": {
               "x": 3.8917336463928223,
               "y": -0.7658156156539917,
               "z": 1.5168160200119019
            },
            "pixel_2d": {
               "x": 264,
               "y": 289
            }
         },
         "9": {
            "global_3d": {
               "x": 3.865576982498169,
               "y": -0.782812774181366,
               "z": 1.5139644145965576
            },
            "pixel_2d": {
               "x": 264,
               "y": 290
            }
         },
         "10": {
            "global_3d": {
               "x": 3.8562586307525635,
               "y": -0.809553325176239,
               "z": 1.527171015739441
            },
            "pixel_2d": {
               "x": 264,
               "y": 291
            }
         },
         "11": {
            "global_3d": {
               "x": 3.86159610748291,
               "y": -0.8263998627662659,
               "z": 1.539852499961853
            },
            "pixel_2d": {
               "x": 263,
               "y": 292
            }
         },
         "12": {
            "global_3d": {
               "x": 3.8653340339660645,
               "y": -0.8409010171890259,
               "z": 1.5531216859817505
            },
            "pixel_2d": {
               "x": 263,
               "y": 292
            }
         },
         "13": {
            "global_3d": {
               "x": 3.874723434448242,
               "y": -0.8573257923126221,
               "z": 1.5674941539764404
            },
            "pixel_2d": {
               "x": 262,
               "y": 293
            }
         },
         "14": {
            "global_3d": {
               "x": 3.877145290374756,
               "y": -0.86338871717453,
               "z": 1.5885361433029175
            },
            "pixel_2d": {
               "x": 261,
               "y": 293
            }
         },
         "15": {
            "global_3d": {
               "x": 3.8771426677703857,
               "y": -0.8641380071640015,
               "z": 1.6140228509902954
            },
            "pixel_2d": {
               "x": 260,
               "y": 293
            }
         },
         "16": {
            "global_3d": {
               "x": 3.8774912357330322,
               "y": -0.8619515895843506,
               "z": 1.634282112121582
            },
            "pixel_2d": {
               "x": 260,
               "y": 293
            }
         },
         "17": {
            "global_3d": {
               "x": 3.8805017471313477,
               "y": -0.8630552887916565,
               "z": 1.6556435823440552
            },
            "pixel_2d": {
               "x": 259,
               "y": 293
            }
         },
         "18": {
            "global_3d": {
               "x": 3.919133424758911,
               "y": -0.7199158072471619,
               "z": 1.6442385911941528
            },
            "pixel_2d": {
               "x": 259,
               "y": 287
            }
         },
         "19": {
            "global_3d": {
               "x": 3.907932996749878,
               "y": -0.7197550535202026,
               "z": 1.648772954940796
            },
            "pixel_2d": {
               "x": 259,
               "y": 287
            }
         },
         "20": {
            "global_3d": {
               "x": 3.8967182636260986,
               "y": -0.7214138507843018,
               "z": 1.6511850357055664
            },
            "pixel_2d": {
               "x": 259,
               "y": 287
            }
         },
         "21": {
            "global_3d": {
               "x": 3.8859307765960693,
               "y": -0.7247922420501709,
               "z": 1.6523081064224243
            },
            "pixel_2d": {
               "x": 259,
               "y": 288
            }
         },
         "22": {
            "global_3d": {
               "x": 3.8748414516448975,
               "y": -0.731533408164978,
               "z": 1.651095986366272
            },
            "pixel_2d": {
               "x": 259,
               "y": 288
            }
         },
         "23": {
            "global_3d": {
               "x": 3.850074052810669,
               "y": -0.7622032165527344,
               "z": 1.6581337451934814
            },
            "pixel_2d": {
               "x": 259,
               "y": 289
            }
         },
         "24": {
            "global_3d": {
               "x": 3.8463995456695557,
               "y": -0.7734225392341614,
               "z": 1.6637457609176636
            },
            "pixel_2d": {
               "x": 259,
               "y": 290
            }
         },
         "25": {
            "global_3d": {
               "x": 3.8456270694732666,
               "y": -0.7846851348876953,
               "z": 1.6662683486938477
            },
            "pixel_2d": {
               "x": 258,
               "y": 290
            }
         },
         "26": {
            "global_3d": {
               "x": 3.8463079929351807,
               "y": -0.7963975071907043,
               "z": 1.6666661500930786
            },
            "pixel_2d": {
               "x": 258,
               "y": 291
            }
         },
         "27": {
            "global_3d": {
               "x": 3.848050355911255,
               "y": -0.8083533048629761,
               "z": 1.66444730758667
            },
            "pixel_2d": {
               "x": 258,
               "y": 291
            }
         },
         "28": {
            "global_3d": {
               "x": 3.8628427982330322,
               "y": -0.7507991790771484,
               "z": 1.6396640539169312
            },
            "pixel_2d": {
               "x": 259,
               "y": 289
            }
         },
         "29": {
            "global_3d": {
               "x": 3.858194351196289,
               "y": -0.7500278949737549,