{
   "version": "2.0.0",
   "hands": {
      "right": {
         "finger": {
            "thumb": {
               "ip": {
                  "global_3d": {
                     "x": 4.176306622368949,
                     "y": -0.611148231795856,
                     "z": 0.7930594959429332
                  },
                  "pixel_2d": {
                     "x": 289,
                     "y": 281
                  }
               },
               "cmc": {
                  "global_3d": {
                     "x": 4.191705981890361,
                     "y": -0.6195987636844317,
                     "z": 0.8191796417037646
                  },
                  "pixel_2d": {
                     "x": 288,
                     "y": 282
                  }
               },
               "tip": {
                  "global_3d": {
                     "x": 4.166734920607673,
                     "y": -0.6094624135229323,
                     "z": 0.7676781713962555
                  },
                  "pixel_2d": {
                     "x": 290,
                     "y": 281
                  }
               },
               "mcp": {
                  "global_3d": {
                     "x": 4.18430099884669,
                     "y": -0.6159456297755241,
                     "z": 0.8069071099162102
                  },
                  "pixel_2d": {
                     "x": 289,
                     "y": 282
                  }
               }
            },
            "middle": {
               "mcp": {
                  "global_3d": {
                     "x": 4.236031711101532,
                     "y": -0.5939833968877792,
                     "z": 0.7637141272425652
                  },
                  "pixel_2d": {
                     "x": 290,
                     "y": 280
                  }
               },
               "pip": {
                  "global_3d": {
                     "x": 4.222600783620562,
                     "y": -0.5915683997528893,
                     "z": 0.7359509340354374
                  },
                  "pixel_2d": {
                     "x": 291,
                     "y": 280
                  }
               },
               "dip": {
                  "global_3d": {
                     "x": 4.204123139381409,
                     "y": -0.5974976058517184,
                     "z": 0.7122541729893003
                  },
                  "pixel_2d": {
                     "x": 292,
                     "y": 281
                  }
               },
               "tip": {
                  "global_3d": {
                     "x": 4.188500656021966,
                     "y": -0.6072094109323289,
                     "z": 0.6997339063220553
                  },
                  "pixel_2d": {
                     "x": 292,
                     "y": 281
                  }
               }
            },
            "ring": {
               "mcp": {
                  "global_3d": {
                     "x": 4.25105486313502,
                     "y": -0.6113251025478045,
                     "z": 0.7580945913990339
                  },
                  "pixel_2d": {
                     "x": 290,
                     "y": 281
                  }
               },
               "pip": {
                  "global_3d": {
                     "x": 4.244445902960641,
                     "y": -0.6100016811064312,
                     "z": 0.7338919873748507
                  },
                  "pixel_2d": {
                     "x": 291,
                     "y": 281
                  }
               },
               "dip": {
                  "global_3d": {
                     "x": 4.2284877470561435,
                     "y": -0.6138853707483837,
                     "z": 0.7141952408211572
                  },
                  "pixel_2d": {
                     "x": 292,
                     "y": 281
                  }
               },
               "tip": {
                  "global_3d": {
                     "x": 4.211560686429341,
                     "y": -0.6219436741537518,
                     "z": 0.7025288376543257
                  },
                  "pixel_2d": {
                     "x": 292,
                     "y": 282
                  }
               }
            },
            "index": {
               "mcp": {
                  "global_3d": {
                     "x": 4.217036684354146,
                     "y": -0.5811004613836607,
                     "z": 0.7767545282840729
                  },
                  "pixel_2d": {
                     "x": 289,
                     "y": 280
                  }
               },
               "pip": {
                  "global_3d": {
                     "x": 4.206372192927769,
                     "y": -0.5758977106639317,
                     "z": 0.7496871714081083
                  },
                  "pixel_2d": {
                     "x": 290,
                     "y": 280
                  }
               },
               "dip": {
                  "global_3d": {
                     "x": 4.195115600313459,
                     "y": -0.5800321698188782,
                     "z": 0.7303916726793561
                  },
                  "pixel_2d": {
                     "x": 291,
                     "y": 280
                  }
               },
               "tip": {
                  "global_3d": {
                     "x": 4.181475811534458,
                     "y": -0.5889981620841556,
                     "z": 0.7144354946083493
                  },
                  "pixel_2d": {
                     "x": 292,
                     "y": 281
                  }
               }
            },
            "pinky": {
               "mcp": {
                  "global_3d": {
                     "x": 4.264620304107666,
                     "y": -0.6321122472484907,
                     "z": 0.7627507125337919
                  },
                  "pixel_2d": {
                     "x": 290,
                     "y": 282
                  }
               },
               "pip": {
                  "global_3d": {
                     "x": 4.26212329523904,
                     "y": -0.6291007995605469,
                     "z": 0.7447639639888491
                  },
                  "pixel_2d": {
                     "x": 290,
                     "y": 282
                  }
               },
               "dip": {
                  "global_3d": {
                     "x": 4.252311706542969,
                     "y": -0.6298085685287204,
                     "z": 0.7305394815547126
                  },
                  "pixel_2d": {
                     "x": 291,
                     "y": 282
                  }
               },
               "tip": {
                  "global_3d": {
                     "x": 4.2355497280756635,
                     "y": -0.6327926748328738,
                     "z": 0.7175591405895021
                  },
                  "pixel_2d": {
                     "x": 291,
                     "y": 282
                  }
               }
            }
         },
         "wrist": {
            "global_3d": {
               "x": 4.252590090036392,
               "y": -0.6468156923850378,
               "z": 0.8649356837073962
            },
            "pixel_2d": {
               "x": 286,
               "y": 282
            }
         }
      },
      "left": {
         "finger": {
            "thumb": {
               "ip": {
                  "global_3d": {
                     "x": 3.6150178142956326,
                     "y": -1.0307731628417969,
                     "z": 0.914181968995503
                  },
                  "pixel_2d": {
                     "x": 289,
                     "y": 303
                  }
               },
               "cmc": {
                  "global_3d": {
                     "x": 3.6345667243003845,