{
   "keypoints_3d_coordinates": {
      "1": [
         -0.0758356899023056,
         0.030852269381284714,
         0.15655994415283203
      ],
      "2": [
         -0.07498569786548615,
         0.027381449937820435,
         0.13537204265594482
      ],
      "3": [
         -0.07358235865831375,
         0.02681587263941765,
         0.11539840698242188
      ],
      "4": [
         -0.06940187513828278,
         0.022062860429286957,
         0.0928490161895752
      ],
      "5": [
         -0.0613253191113472,
         0.011723816394805908,
         0.07680809497833252
      ],
      "6": [
         -0.05190429836511612,
         -0.0064373682253062725,
         0.06931519508361816
      ],
      "7": [
         -0.04026861488819122,
         -0.019199680536985397,
         0.06253516674041748
      ],
      "8": [
         -0.02691439352929592,
         -0.03507939726114273,
         0.05865120887756348
      ],
      "9": [
         -0.0014734059805050492,
         -0.046891625970602036,
         0.055522799491882324
      ],
      "10": [
         0.02378850243985653,
         -0.03490866720676422,
         0.059964537620544434
      ],
      "11": [
         0.036979444324970245,
         -0.019097862765192986,
         0.06458020210266113
      ],
      "12": [
         0.04890322685241699,
         -0.006240601651370525,
         0.07116520404815674
      ],
      "13": [
         0.059169113636016846,
         0.011579984799027443,
         0.07885897159576416
      ],
      "14": [
         0.06646569818258286,
         0.021567966789007187,
         0.0958791971206665
      ],
      "15": [
         0.06932669132947922,
         0.02646355703473091,
         0.1183772087097168
      ],
      "16": [
         0.06910070031881332,
         0.02761441096663475,
         0.1379857063293457
      ],
      "17": [
         0.06911563128232956,
         0.031193699687719345,
         0.15945005416870117
      ],
      "18": [
         -0.05075069144368172,
         -0.033407896757125854,
         0.17169475555419922
      ],
      "19": [
         -0.04750789329409599,
         -0.03520599752664566,
         0.1760547161102295
      ],
      "20": [
         -0.0393964909017086,
         -0.041117094457149506,
         0.17751479148864746
      ],
      "21": [
         -0.02981049194931984,
         -0.04555429518222809,
         0.17648470401763916
      ],
      "22": [
         -0.01879459246993065,
         -0.04798189550638199,
         0.1738947629928589
      ],
      "23": [
         0.01238670852035284,
         -0.04801289737224579,
         0.17456471920013428
      ],
      "24": [
         0.023310407996177673,
         -0.045118898153305054,
         0.1778547763824463
      ],
      "25": [
         0.032913509756326675,
         -0.040707193315029144,
         0.17928481101989746
      ],
      "26": [
         0.04119300842285156,
         -0.03481639549136162,
         0.1783047914505005
      ],
      "27": [
         0.04455830901861191,
         -0.0330766960978508,
         0.1740347146987915
      ],
      "28": [
         -0.0027680043131113052,
         -0.047462347894907,
         0.16570746898651123
      ],
      "29": [
         -0.0027870149351656437,
         -0.05293234810233116,
         0.15457355976104736
      ],
      "30": [
         -0.002673196140676737,
         -0.060880277305841446,
         0.14512479305267334
      ],
      "31": [
         -0.0025387469213455915,
         -0.07083461433649063,
         0.1313025951385498
      ],
      "32": [
         -0.018701227381825447,
         -0.0476817823946476,
         0.11728596687316895
      ],
      "33": [
         -0.011648835614323616,
         -0.05275081843137741,
         0.11615681648254395
      ],
      "34": [
         -0.002155369846150279,
         -0.05691634863615036,
         0.11549460887908936
      ],
      "35": [
         0.0070920828729867935,
         -0.05257930979132652,
         0.11696457862854004
      ],
      "36": [
         0.014454405754804611,
         -0.04758265241980553,
         0.11801838874816895
      ],
      "37": [
         -0.0456303171813488,
         -0.026584871113300323,
         0.1561344861984253
      ],
      "38": [
         -0.038450684398412704,
         -0.035075753927230835,
         0.15479516983032227
      ],
      "39": [
         -0.028326475992798805,
         -0.03606834262609482,
         0.15595722198486328
      ],
      "40": [
         -0.019582189619541168,
         -0.03208198398351669,
         0.15616726875305176
      ],
      "41": [
         -0.027873465791344643,
         -0.034962303936481476,
         0.15373003482818604
      ],
      "42": [
         -0.038457706570625305,
         -0.03354327753186226,
         0.15265297889709473
      ],
      "43": [
         0.014045629650354385,
         -0.032225579023361206,
         0.1570887565612793
      ],
      "44": [
         0.022934405133128166,
         -0.03551696985960007,
         0.15715861320495605
      ],
      "45": [
         0.03350209817290306,
         -0.03490898758172989,
         0.15695345401763916
      ],
      "46": [
         0.03994014114141464,
         -0.026612266898155212,
         0.15840387344360352
      ],
      "47": [
         0.03323676809668541,
         -0.03299638256430626,
         0.15493261814117432
      ],
      "48": [
         0.02259262092411518,
         -0.034469783306121826,
         0.15508627891540527
      ],
      "49": [
         -0.028496040031313896,
         -0.03766806796193123,
         0.09510970115661621
      ],
      "50": [
         -0.02131805568933487,
         -0.0486355684697628,
         0.09889066219329834
      ],
      "51": [
         -0.0125653725117445,
         -0.05497736483812332,
         0.10305142402648926
      ],
      "52": [
         -0.0018910446669906378,
         -0.057112935930490494,
         0.10195231437683105
      ],
      "53": [
         0.0089439507573843,
         -0.05467074364423752,
         0.10279691219329834
      ],
      "54": [
         0.017242899164557457,
         -0.048178404569625854,
         0.09940981864929199
      ],
      "55": [
         0.02324565127491951,
         -0.03755374625325203,
         0.09603428840637207
      ],
      "56": [
         0.017193645238876343,
         -0.04383058100938797,
         0.09191977977752686
      ],
      "57": [
         0.008535646833479404,
         -0.050469182431697845,
         0.08892989158630371
      ],
      "58": [
         -0.0020865139085799456,
         -0.0523085854947567,
         0.08768820762634277
      ],
      "59": [
         -0.012628313153982162,
         -0.05085264891386032,
         0.08873534202575684
      ],
      "60": [
         -0.02177213691174984,
         -0.04426350072026253,
         0.09111142158508301
      ],
      "61": [
         -0.02565705217421055,
         -0.03753823786973953,
         0.0963670015335083
      ],
      "62": [
         -0.010697763413190842,
         -0.05052876099944115,
         0.09661686420440674
      ],
      "63": [
         -0.0023436807096004486,
         -0.052047211676836014,
         0.09596395492553711
      ],
      "64": [
         0.006991565227508545,
         -0.05043244734406471,
         0.09678220748901367
      ],
      "65": [
         0.020742086693644524,
         -0.037636786699295044,
         0.0969228744506836
      ],
      "66": [
         0.006940046325325966,
         -0.04911491647362709,
         0.09629237651824951
      ],
      "67": [
         -0.0025185300037264824,
         -0.05058300122618675,
         0.09574401378631592
      ],
      "68": [
         -0.010983468033373356,
         -0.04930199682712555,
         0.09630155563354492
      ]
   },
   "keypoints_2d_coordinates": {
      "1": [
         43,
         21
      ],
      "2": [
         55,
         22
      ],
      "3": [
         67,
         23
      ],