{
   "keypoints_3d_coordinates": {
      "1": [
         -0.06758498400449753,
         0.020258624106645584,
         0.14575088024139404
      ],
      "2": [
         -0.0655110701918602,
         0.017021771520376205,
         0.12619757652282715
      ],
      "3": [
         -0.0618753656744957,
         0.016459472477436066,
         0.10750603675842285
      ],
      "4": [
         -0.05771041661500931,
         0.013722945004701614,
         0.0873558521270752
      ],
      "5": [
         -0.05294305458664894,
         0.006260979920625687,
         0.07276904582977295
      ],
      "6": [
         -0.04607689753174782,
         -0.007600978948175907,
         0.06254434585571289
      ],
      "7": [
         -0.035667479038238525,
         -0.019154036417603493,
         0.0518110990524292
      ],
      "8": [
         -0.023897269740700722,
         -0.03251894563436508,
         0.042322516441345215
      ],
      "9": [
         0.0011402042582631111,
         -0.04008302837610245,
         0.034238338470458984
      ],
      "10": [
         0.026646122336387634,
         -0.03326767683029175,
         0.04172801971435547
      ],
      "11": [
         0.03827530890703201,
         -0.019931819289922714,
         0.05072426795959473
      ],
      "12": [
         0.04980650916695595,
         -0.008578774519264698,
         0.060832977294921875
      ],
      "13": [
         0.05764751136302948,
         0.005197940394282341,
         0.07057440280914307
      ],
      "14": [
         0.06296394020318985,
         0.012492183595895767,
         0.08626401424407959
      ],
      "15": [
         0.0678241178393364,
         0.015789169818162918,
         0.1070636510848999
      ],
      "16": [
         0.07150629162788391,
         0.01660221815109253,
         0.12539124488830566
      ],
      "17": [
         0.07360287010669708,
         0.020008865743875504,
         0.1446899175643921
      ],
      "18": [
         -0.041313331574201584,
         -0.041613489389419556,
         0.16546165943145752
      ],
      "19": [
         -0.03734362870454788,
         -0.04351718723773956,
         0.1713426113128662
      ],
      "20": [
         -0.02799583040177822,
         -0.04946708679199219,
         0.1727466583251953
      ],
      "21": [
         -0.01736043207347393,
         -0.054164689034223557,
         0.17270958423614502
      ],
      "22": [
         -0.004527730867266655,
         -0.056348785758018494,
         0.16857361793518066
      ],
      "23": [
         0.012585168704390526,
         -0.056260593235492706,
         0.16881859302520752
      ],
      "24": [
         0.025738269090652466,
         -0.053873687982559204,
         0.17287564277648926
      ],
      "25": [
         0.03641616925597191,
         -0.048683688044548035,
         0.17292070388793945
      ],
      "26": [
         0.04547517001628876,
         -0.042806386947631836,
         0.17183351516723633
      ],
      "27": [
         0.048853471875190735,
         -0.0407508909702301,
         0.16600966453552246
      ],
      "28": [
         0.0036618560552597046,
         -0.0564371719956398,
         0.1588343381881714
      ],
      "29": [
         0.0030704133678227663,
         -0.06084213778376579,
         0.14822816848754883
      ],
      "30": [
         0.0027837527450174093,
         -0.0686158686876297,
         0.13844525814056396
      ],
      "31": [
         0.0025124014355242252,
         -0.07890079915523529,
         0.12363779544830322
      ],
      "32": [
         -0.009959135204553604,
         -0.056251514703035355,
         0.1071007251739502
      ],
      "33": [
         -0.004643505439162254,
         -0.06222640722990036,
         0.10538291931152344
      ],
      "34": [
         0.0027085011824965477,
         -0.0665823370218277,
         0.10591983795166016
      ],
      "35": [
         0.009412018582224846,
         -0.0625050961971283,
         0.10575497150421143
      ],
      "36": [
         0.015102993696928024,
         -0.05558929964900017,
         0.1075754165649414
      ],
      "37": [
         -0.03983590379357338,
         -0.030088994652032852,
         0.15207123756408691
      ],
      "38": [
         -0.031014371663331985,
         -0.03875885158777237,
         0.15942394733428955
      ],
      "39": [
         -0.020776063203811646,
         -0.03846428170800209,
         0.15834975242614746
      ],
      "40": [
         -0.012804849073290825,
         -0.03870314359664917,
         0.15048480033874512
      ],
      "41": [
         -0.021976200863718987,
         -0.03974536061286926,
         0.14772486686706543
      ],
      "42": [
         -0.032882802188396454,
         -0.03785470873117447,
         0.1478673219680786
      ],
      "43": [
         0.019728511571884155,
         -0.03941644728183746,
         0.1509028673171997
      ],
      "44": [
         0.029540279880166054,
         -0.039517708122730255,
         0.1589287519454956
      ],
      "45": [
         0.03885592520236969,
         -0.03806571289896965,
         0.1587076187133789
      ],
      "46": [
         0.04644596949219704,
         -0.031334564089775085,
         0.15208709239959717
      ],
      "47": [
         0.03868933022022247,
         -0.038213882595300674,
         0.14778757095336914
      ],
      "48": [
         0.029067687690258026,
         -0.03967849910259247,
         0.1480410099029541
      ],
      "49": [
         -0.02225329913198948,
         -0.046801283955574036,
         0.0753551721572876
      ],
      "50": [
         -0.01725127547979355,
         -0.05419475585222244,
         0.08856141567230225
      ],
      "51": [
         -0.007649221457540989,
         -0.06207337975502014,
         0.09254908561706543
      ],
      "52": [
         0.0021316902711987495,
         -0.06383894383907318,
         0.09160566329956055
      ],
      "53": [
         0.01144268736243248,
         -0.06250201165676117,
         0.09270405769348145
      ],
      "54": [
         0.020042134448885918,
         -0.05616222321987152,
         0.08845412731170654
      ],
      "55": [
         0.024602852761745453,
         -0.048178091645240784,
         0.07564914226531982
      ],
      "56": [
         0.02088513784110546,
         -0.048949286341667175,
         0.06943464279174805
      ],
      "57": [
         0.012817391194403172,
         -0.05252283811569214,
         0.06456005573272705
      ],
      "58": [
         0.0018533621914684772,
         -0.05390556901693344,
         0.06274652481079102
      ],
      "59": [
         -0.010026602074503899,
         -0.051911987364292145,
         0.0645456314086914
      ],
      "60": [
         -0.018692299723625183,
         -0.04772520065307617,
         0.06885671615600586
      ],
      "61": [
         -0.02087371237576008,
         -0.04346589744091034,
         0.07863044738769531
      ],
      "62": [
         -0.006279083900153637,
         -0.05824286490678787,
         0.08776295185089111
      ],
      "63": [
         0.0017331881681457162,
         -0.059046678245067596,
         0.08815932273864746
      ],
      "64": [
         0.009096757508814335,
         -0.05887473002076149,
         0.08796358108520508
      ],
      "65": [
         0.023464862257242203,
         -0.045235052704811096,
         0.0791095495223999
      ],
      "66": [
         0.009685719385743141,
         -0.05304046720266342,
         0.071402907371521
      ],
      "67": [
         0.0016061319038271904,
         -0.05408275127410889,
         0.070595383644104
      ],
      "68": [
         -0.006998344324529171,
         -0.052756644785404205,
         0.07111883163452148
      ]
   },
   "keypoints_2d_coordinates": {
      "1": [
         49,
         26
      ],
      "2": [
         60,
         27
      ],
      "3": [
         71,
         29
      ],