{
   "version": "2.0.0",
   "body": {
      "eye": {
         "left": {
            "outer": {
               "global_3d": {
                  "x": 1.9043396711349487,
                  "y": -0.0028502342756837606,
                  "z": 1.6643595695495605
               },
               "pixel_2d": {
                  "x": 261,
                  "y": 264
               }
            },
            "center": {
               "global_3d": {
                  "x": 1.9000909924507141,
                  "y": 0.009542648971546441,
                  "z": 1.6638620495796204
               },
               "pixel_2d": {
                  "x": 261,
                  "y": 264
               }
            },
            "inner": {
               "global_3d": {
                  "x": 1.9013935327529907,
                  "y": 0.02364969253540039,
                  "z": 1.6634029150009155
               },
               "pixel_2d": {
                  "x": 261,
                  "y": 262
               }
            }
         },
         "right": {
            "center": {
               "global_3d": {
                  "x": 1.9051995873451233,
                  "y": 0.07406428921967745,
                  "z": 1.6631799638271332
               },
               "pixel_2d": {
                  "x": 261,
                  "y": 258
               }
            },
            "outer": {
               "global_3d": {
                  "x": 1.9108926057815552,
                  "y": 0.08686142414808273,
                  "z": 1.6636021137237549
               },
               "pixel_2d": {
                  "x": 261,
                  "y": 257
               }
            },
            "inner": {
               "global_3d": {
                  "x": 1.9045748710632324,
                  "y": 0.06094313785433769,
                  "z": 1.6625992059707642
               },
               "pixel_2d": {
                  "x": 261,
                  "y": 260
               }
            }
         }
      },
      "ear": {
         "left": {
            "global_3d": {
               "x": 1.9827630349567957,
               "y": -0.037482615161154954,
               "z": 1.6374143872942244
            },
            "pixel_2d": {
               "x": 263,
               "y": 267
            }
         },
         "right": {
            "global_3d": {
               "x": 1.9929932185581751,
               "y": 0.10923976530986172,
               "z": 1.6388535967894964
            },
            "pixel_2d": {
               "x": 263,
               "y": 256
            }
         }
      },
      "nose": {
         "global_3d": {
            "x": 1.8629353046417236,
            "y": 0.046624720096588135,
            "z": 1.6337306499481201
         },
         "pixel_2d": {
            "x": 264,
            "y": 261
         }
      },
      "mouth": {
         "left": {
            "global_3d": {
               "x": 1.8839019536972046,
               "y": 0.014763131737709045,
               "z": 1.5919615030288696
            },
            "pixel_2d": {
               "x": 267,
               "y": 263
            }
         },
         "right": {
            "global_3d": {
               "x": 1.8873833417892456,
               "y": 0.07233621180057526,
               "z": 1.5900110006332397
            },
            "pixel_2d": {
               "x": 267,
               "y": 259
            }
         }
      },
      "heel": {
         "right": {
            "global_3d": {
               "x": 2.3641598224639893,
               "y": 0.11575228720903397,
               "z": 0.25106120109558105
            },
            "pixel_2d": {
               "x": 349,
               "y": 255
            }
         },
         "left": {
            "global_3d": {
               "x": 1.9983900785446167,
               "y": 0.014094293117523193,
               "z": 0.029327604919672012
            },
            "pixel_2d": {
               "x": 382,
               "y": 263
            }
         }
      },
      "hip": {
         "right": {
            "global_3d": {
               "x": 2.037514480148874,
               "y": 0.15049333216213598,
               "z": 1.0248183433602496
            },
            "pixel_2d": {
               "x": 307,
               "y": 253
            }
         },
         "left": {
            "global_3d": {
               "x": 2.016684680450253,
               "y": -0.05259175444158112,
               "z": 1.0217500387168512
            },
            "pixel_2d": {
               "x": 308,
               "y": 268
            }
         }
      },
      "elbow": {
         "right": {
            "global_3d": {
               "x": 2.0491610006852583,
               "y": 0.4106068340214816,
               "z": 1.142322139306502
            },
            "pixel_2d": {
               "x": 298,
               "y": 234
            }
         },
         "left": {
            "global_3d": {
               "x": 2.153191934932362,
               "y": -0.3527951484376734,
               "z": 1.1639080914584072
            },
            "pixel_2d": {
               "x": 295,
               "y": 288
            }
         }
      },
      "wrist": {
         "right": {
            "global_3d": {
               "x": 1.8182040626804035,
               "y": 0.41689992633958656,
               "z": 0.9569781546791395
            },
            "pixel_2d": {
               "x": 319,
               "y": 231
            }
         },
         "left": {
            "global_3d": {
               "x": 1.9227866902947426,
               "y": -0.3295186397929986,
               "z": 0.9692754447460175
            },
            "pixel_2d": {
               "x": 315,
               "y": 290
            }
         }
      },
      "shoulder": {
         "left": {
            "global_3d": {
               "x": 2.052048921585083,
               "y": -0.13946832716464996,
               "z": 1.4198625683784485
            },
            "pixel_2d": {
               "x": 278,
               "y": 274
            }
         },
         "right": {
            "global_3d": {
               "x": 2.0337727069854736,
               "y": 0.21062052249908447,
               "z": 1.4132065176963806
            },
            "pixel_2d": {
               "x": 279,
               "y": 248
            }
         }
      },
      "pinky": {
         "left": {
            "global_3d": {
               "x": 1.9340612060493894,
               "y": -0.22597639014323553,
               "z": 0.8809802846776115
            },
            "pixel_2d": {
               "x": 321,
               "y": 281
            }
         },
         "right": {
            "global_3d": {
               "x": 1.7226304743025038,
               "y": 0.3930999098552598,
               "z": 0.8455023401313357
            },
            "pixel_2d": {
               "x": 332,
               "y": 231
            }
         }
      },
      "knee": {
         "right": {
            "global_3d": {
               "x": 1.9700628966093063,
               "y": 0.23963880414764085,
               "z": 0.5026463605463505
            },
            "pixel_2d": {
               "x": 348,
               "y": 246
            }
         },
         "left": {
            "global_3d": {
               "x": 1.8801780939102173,
               "y": -0.02117453725077212,
               "z": 0.5046088229864836
            },
            "pixel_2d": {
               "x": 353,
               "y": 266
            }
         }
      },
      "foot": {
         "right": {
            "index": {
               "global_3d": {
                  "x": 2.2718343602286444,
                  "y": 0.25688573097189266,
                  "z": 0.056642794981598854
               },
               "pixel_2d": {
                  "x": 365,
                  "y": 246
               }
            }
         },