{
   "version": "2.0.0",
   "face": {
      "standard": {
         "1": {
            "global_3d": {
               "x": 1.9774326086044312,
               "y": 0.1131444200873375,
               "z": 1.66386079788208
            },
            "pixel_2d": {
               "x": 261,
               "y": 255
            }
         },
         "2": {
            "global_3d": {
               "x": 1.9714770317077637,
               "y": 0.11225815117359161,
               "z": 1.6430222988128662
            },
            "pixel_2d": {
               "x": 262,
               "y": 256
            }
         },
         "3": {
            "global_3d": {
               "x": 1.969120979309082,
               "y": 0.11111883819103241,
               "z": 1.6232460737228394
            },
            "pixel_2d": {
               "x": 264,
               "y": 256
            }
         },
         "4": {
            "global_3d": {
               "x": 1.9642711877822876,
               "y": 0.10730975866317749,
               "z": 1.5992047786712646
            },
            "pixel_2d": {
               "x": 266,
               "y": 256
            }
         },
         "5": {
            "global_3d": {
               "x": 1.955333948135376,
               "y": 0.10120130330324173,
               "z": 1.5803232192993164
            },
            "pixel_2d": {
               "x": 267,
               "y": 256
            }
         },
         "6": {
            "global_3d": {
               "x": 1.9357645511627197,
               "y": 0.09275295585393906,
               "z": 1.56923508644104
            },
            "pixel_2d": {
               "x": 268,
               "y": 257
            }
         },
         "7": {
            "global_3d": {
               "x": 1.9216721057891846,
               "y": 0.08197079598903656,
               "z": 1.5591598749160767
            },
            "pixel_2d": {
               "x": 269,
               "y": 258
            }
         },
         "8": {
            "global_3d": {
               "x": 1.9050589799880981,
               "y": 0.0707312822341919,
               "z": 1.5502785444259644
            },
            "pixel_2d": {
               "x": 270,
               "y": 259
            }
         },
         "9": {
            "global_3d": {
               "x": 1.8917856216430664,
               "y": 0.04294201731681824,
               "z": 1.5439350605010986
            },
            "pixel_2d": {
               "x": 271,
               "y": 261
            }
         },
         "10": {
            "global_3d": {
               "x": 1.9000229835510254,
               "y": 0.013498380780220032,
               "z": 1.5507900714874268
            },
            "pixel_2d": {
               "x": 270,
               "y": 263
            }
         },
         "11": {
            "global_3d": {
               "x": 1.9152274131774902,
               "y": 0.00021575391292572021,
               "z": 1.559212565422058
            },
            "pixel_2d": {
               "x": 269,
               "y": 264
            }
         },
         "12": {
            "global_3d": {
               "x": 1.9279371500015259,
               "y": -0.0120750293135643,
               "z": 1.5687881708145142
            },
            "pixel_2d": {
               "x": 268,
               "y": 265
            }
         },
         "13": {
            "global_3d": {
               "x": 1.9465887546539307,
               "y": -0.022942692041397095,
               "z": 1.5789592266082764
            },
            "pixel_2d": {
               "x": 267,
               "y": 266
            }
         },
         "14": {
            "global_3d": {
               "x": 1.9545574188232422,
               "y": -0.03023739904165268,
               "z": 1.5980381965637207
            },
            "pixel_2d": {
               "x": 266,
               "y": 266
            }
         },
         "15": {
            "global_3d": {
               "x": 1.9583566188812256,
               "y": -0.03546999394893646,
               "z": 1.622658371925354
            },
            "pixel_2d": {
               "x": 264,
               "y": 267
            }
         },
         "16": {
            "global_3d": {
               "x": 1.960261344909668,
               "y": -0.037221942096948624,
               "z": 1.6428622007369995
            },
            "pixel_2d": {
               "x": 263,
               "y": 267
            }
         },
         "17": {
            "global_3d": {
               "x": 1.9663136005401611,
               "y": -0.04040880873799324,
               "z": 1.6633625030517578
            },
            "pixel_2d": {
               "x": 261,
               "y": 267
            }
         },
         "18": {
            "global_3d": {
               "x": 1.9213247299194336,
               "y": 0.09992565959692001,
               "z": 1.6849451065063477
            },
            "pixel_2d": {
               "x": 259,
               "y": 256
            }
         },
         "19": {
            "global_3d": {
               "x": 1.912622094154358,
               "y": 0.09334878623485565,
               "z": 1.689707636833191
            },
            "pixel_2d": {
               "x": 259,
               "y": 257
            }
         },
         "20": {
            "global_3d": {
               "x": 1.904457926750183,
               "y": 0.08554543554782867,
               "z": 1.6920527219772339
            },
            "pixel_2d": {
               "x": 259,
               "y": 258
            }
         },
         "21": {
            "global_3d": {
               "x": 1.897342562675476,
               "y": 0.07658375799655914,
               "z": 1.6926425695419312
            },
            "pixel_2d": {
               "x": 259,
               "y": 258
            }
         },
         "22": {
            "global_3d": {
               "x": 1.8916006088256836,
               "y": 0.06501203775405884,
               "z": 1.690041184425354
            },
            "pixel_2d": {
               "x": 259,
               "y": 259
            }
         },
         "23": {
            "global_3d": {
               "x": 1.8881357908248901,
               "y": 0.02406749129295349,
               "z": 1.6902358531951904
            },
            "pixel_2d": {
               "x": 259,
               "y": 262
            }
         },
         "24": {
            "global_3d": {
               "x": 1.8916563987731934,
               "y": 0.011689901351928711,
               "z": 1.6931884288787842
            },
            "pixel_2d": {
               "x": 259,
               "y": 263
            }
         },
         "25": {
            "global_3d": {
               "x": 1.897389531135559,
               "y": 0.0015383809804916382,
               "z": 1.6929453611373901
            },
            "pixel_2d": {
               "x": 259,
               "y": 264
            }
         },
         "26": {
            "global_3d": {
               "x": 1.904272437095642,
               "y": -0.0075603872537612915,
               "z": 1.6904102563858032
            },
            "pixel_2d": {
               "x": 259,
               "y": 265
            }
         },
         "27": {
            "global_3d": {
               "x": 1.9117039442062378,
               "y": -0.01564554125070572,
               "z": 1.6853188276290894
            },
            "pixel_2d": {
               "x": 259,
               "y": 265
            }
         },
         "28": {
            "global_3d": {
               "x": 1.8898581266403198,
               "y": 0.04433310031890869,
               "z": 1.674111008644104
            },
            "pixel_2d": {
               "x": 260,
               "y": 261
            }
         },
         "29": {
            "global_3d": {
               "x": 1.8834494352340698,