{
   "version": "2.0.0",
   "feet": {
      "right": {
         "heel": {
            "global_3d": {
               "x": 2.3641598224639893,
               "y": 0.11575228720903397,
               "z": 0.25106120109558105
            },
            "pixel_2d": {
               "x": 349,
               "y": 255
            }
         },
         "index": {
            "global_3d": {
               "x": 2.2718343602286444,
               "y": 0.25688573097189266,
               "z": 0.056642794981598854
            },
            "pixel_2d": {
               "x": 365,
               "y": 246
            }
         },
         "pinky": {
            "global_3d": {
               "x": 2.3316318127844067,
               "y": 0.27356040312184227,
               "z": 0.09807055609093772
            },
            "pixel_2d": {
               "x": 360,
               "y": 245
            }
         }
      },
      "left": {
         "heel": {
            "global_3d": {
               "x": 1.9983900785446167,
               "y": 0.014094293117523193,
               "z": 0.029327604919672012
            },
            "pixel_2d": {
               "x": 382,
               "y": 263
            }
         },
         "pinky": {
            "global_3d": {
               "x": 1.804944657617145,
               "y": -0.10447406272093455,
               "z": 0.030441784351650212
            },
            "pixel_2d": {
               "x": 396,
               "y": 273
            }
         },
         "index": {
            "global_3d": {
               "x": 1.7462604244550068,
               "y": -0.061511770718627505,
               "z": 0.0460534342047241
            },
            "pixel_2d": {
               "x": 399,
               "y": 270
            }
         }
      }
   }
}