{
   "keypoints_3d_coordinates": {
      "1": [
         -0.07144378870725632,
         0.03458118438720703,
         0.1509265899658203
      ],
      "2": [
         -0.07039906829595566,
         0.02962106466293335,
         0.13170528411865234
      ],
      "3": [
         -0.07196734100580215,
         0.02840467169880867,
         0.11199700832366943
      ],
      "4": [
         -0.06873097270727158,
         0.023558925837278366,
         0.09022319316864014
      ],
      "5": [
         -0.06128963455557823,
         0.012213760986924171,
         0.07457983493804932
      ],
      "6": [
         -0.05251360684633255,
         -0.007004072889685631,
         0.06518828868865967
      ],
      "7": [
         -0.041321996599435806,
         -0.02078007347881794,
         0.056827664375305176
      ],
      "8": [
         -0.026977522298693657,
         -0.035718902945518494,
         0.05294167995452881
      ],
      "9": [
         -0.0005428203730843961,
         -0.0470280647277832,
         0.04977619647979736
      ],
      "10": [
         0.025635678321123123,
         -0.0358794629573822,
         0.05371701717376709
      ],
      "11": [
         0.03973691910505295,
         -0.021135518327355385,
         0.05755329132080078
      ],
      "12": [
         0.05014926195144653,
         -0.007485398091375828,
         0.06643247604370117
      ],
      "13": [
         0.05846242606639862,
         0.011192377656698227,
         0.07564878463745117
      ],
      "14": [
         0.06634213775396347,
         0.02241155505180359,
         0.09063363075256348
      ],
      "15": [
         0.06917703151702881,
         0.027557287365198135,
         0.11251688003540039
      ],
      "16": [
         0.06809046864509583,
         0.029122889041900635,
         0.13195383548736572
      ],
      "17": [
         0.068588986992836,
         0.03443817049264908,
         0.15247488021850586
      ],
      "18": [
         -0.04427981749176979,
         -0.0314694344997406,
         0.16298401355743408
      ],
      "19": [
         -0.04051177203655243,
         -0.0334775373339653,
         0.16691577434539795
      ],
      "20": [
         -0.03243301808834076,
         -0.038586683571338654,
         0.16713333129882812
      ],
      "21": [
         -0.02462897077202797,
         -0.0439445860683918,
         0.16569578647613525
      ],
      "22": [
         -0.014357419684529305,
         -0.04610593616962433,
         0.16218245029449463
      ],
      "23": [
         0.010716880671679974,
         -0.0466003343462944,
         0.1618586778640747
      ],
      "24": [
         0.021743079647421837,
         -0.044469237327575684,
         0.16595518589019775
      ],
      "25": [
         0.029661081731319427,
         -0.038967784494161606,
         0.16752874851226807
      ],
      "26": [
         0.037937380373477936,
         -0.03385123610496521,
         0.16761243343353271
      ],
      "27": [
         0.042037930339574814,
         -0.031834885478019714,
         0.16379821300506592
      ],
      "28": [
         -0.0016538015333935618,
         -0.04552992805838585,
         0.15773355960845947
      ],
      "29": [
         -0.001966073177754879,
         -0.05104677751660347,
         0.1483154296875
      ],
      "30": [
         -0.0020995913073420525,
         -0.05776679515838623,
         0.14058125019073486
      ],
      "31": [
         -0.0025406177155673504,
         -0.06612572073936462,
         0.1253197193145752
      ],
      "32": [
         -0.019716639071702957,
         -0.04310694336891174,
         0.11542904376983643
      ],
      "33": [
         -0.012124437838792801,
         -0.049954500049352646,
         0.1112675666809082
      ],
      "34": [
         -0.002202092669904232,
         -0.053379759192466736,
         0.10981559753417969
      ],
      "35": [
         0.007395387627184391,
         -0.05007344111800194,
         0.11173522472381592
      ],
      "36": [
         0.015328481793403625,
         -0.04387616738677025,
         0.11629068851470947
      ],
      "37": [
         -0.040527328848838806,
         -0.02866271883249283,
         0.15018463134765625
      ],
      "38": [
         -0.0329834520816803,
         -0.03617110848426819,
         0.15149056911468506
      ],
      "39": [
         -0.023600008338689804,
         -0.03485017642378807,
         0.15224266052246094
      ],
      "40": [
         -0.01713891327381134,
         -0.03050587698817253,
         0.1516355276107788
      ],
      "41": [
         -0.02318907342851162,
         -0.03397683799266815,
         0.15115678310394287
      ],
      "42": [
         -0.03229460120201111,
         -0.03482711687684059,
         0.15002429485321045
      ],
      "43": [
         0.01365702785551548,
         -0.031328700482845306,
         0.1519334316253662
      ],
      "44": [
         0.020828982815146446,
         -0.03584694117307663,
         0.15249991416931152
      ],
      "45": [
         0.03146381676197052,
         -0.03647872060537338,
         0.15198147296905518
      ],
      "46": [
         0.03831407055258751,
         -0.02779793180525303,
         0.15132808685302734
      ],
      "47": [
         0.03063393011689186,
         -0.035046257078647614,
         0.1504380702972412
      ],
      "48": [
         0.02036726288497448,
         -0.03488278016448021,
         0.15137219429016113
      ],
      "49": [
         -0.027565792202949524,
         -0.039806291460990906,
         0.08253645896911621
      ],
      "50": [
         -0.022669361904263496,
         -0.04577512666583061,
         0.09205806255340576
      ],
      "51": [
         -0.013254040852189064,
         -0.05286829173564911,
         0.0975109338760376
      ],
      "52": [
         -0.001742843072861433,
         -0.055295657366514206,
         0.0962226390838623
      ],
      "53": [
         0.009803460910916328,
         -0.05291666090488434,
         0.09871494770050049
      ],
      "54": [
         0.020347990095615387,
         -0.04565117135643959,
         0.09499192237854004
      ],
      "55": [
         0.025134172290563583,
         -0.03904525935649872,
         0.08482682704925537
      ],
      "56": [
         0.02047240361571312,
         -0.04510211944580078,
         0.08484840393066406
      ],
      "57": [
         0.010176700539886951,
         -0.051747944205999374,
         0.08269739151000977
      ],
      "58": [
         -0.0011157041881233454,
         -0.05420587211847305,
         0.08220505714416504
      ],
      "59": [
         -0.012533992528915405,
         -0.052180252969264984,
         0.08260774612426758
      ],
      "60": [
         -0.022843925282359123,
         -0.045320555567741394,
         0.08356153964996338
      ],
      "61": [
         -0.02689177915453911,
         -0.037476472556591034,
         0.08336818218231201
      ],
      "62": [
         -0.011542022228240967,
         -0.049555703997612,
         0.09281909465789795
      ],
      "63": [
         -0.0016721024876460433,
         -0.05150703713297844,
         0.09309744834899902
      ],
      "64": [
         0.008224256336688995,
         -0.04929397627711296,
         0.09354746341705322
      ],
      "65": [
         0.023905731737613678,
         -0.0373329222202301,
         0.08506691455841064
      ],
      "66": [
         0.008408996276557446,
         -0.047986507415771484,
         0.08808493614196777
      ],
      "67": [
         -0.0016401109751313925,
         -0.05023625120520592,
         0.08793962001800537
      ],
      "68": [
         -0.011454435996711254,
         -0.047865770757198334,
         0.08787691593170166
      ]
   },
   "keypoints_2d_coordinates": {
      "1": [
         47,
         24
      ],
      "2": [
         57,
         24
      ],
      "3": [
         68,
         24
      ],