{
   "version": "1.0.0",
   "datapoints": [
      {
         "human": {
            "id": "664622b6-4c7e-4640-9cb9-de0e2d6ad4ef",
            "head": {
               "eyes": {
                  "id": "840b2285-38f7-4fd9-a022-fc6e18c62c48",
                  "target_of_gaze": {
                     "direction": {
                        "x": -0.05241205725377873,
                        "z": -0.10720225558746488,
                        "y": -0.9693089014260956
                     },
                     "distance": 0.8554276159446721
                  },
                  "eyelid_closure": 0.6432501786173782
               },
               "location": {
                  "x": 0.0,
                  "z": 0.0,
                  "y": 0.0
               },
               "rotation": {
                  "yaw": 0.0,
                  "roll": 0.0,
                  "pitch": 0.0
               },
               "expression": {
                  "intensity": 0.22427416765299807,
                  "name": "surprise"
               },
               "eyebrows": {
                  "id": "9c19ddae-c0d7-4f11-98b8-936e90dc4dfd",
                  "color_settings": {
                     "index_of_refraction": 1.4207041317467388,
                     "melanin": 0.7932993581419039,
                     "redness": 0.8730282401804216,
                     "roughness": 0.1745290397101325,
                     "whiteness": 0.8864901254682193
                  }
               },
               "hair": {
                  "id": "810931ac-72dc-4ce7-8666-3e00539a9ec6",
                  "color_settings": {
                     "index_of_refraction": 1.4207041317467388,
                     "melanin": 0.7932993581419039,
                     "redness": 0.8730282401804216,
                     "roughness": 0.1745290397101325,
                     "whiteness": 0.8864901254682193
                  }
               },
               "facial_hair": null
            }
         },
         "camera": {
            "name": "camera",
            "intrinsic_params": {
               "projection": "perspective",
               "resolution_width": 128,
               "resolution_height": 128,
               "fov_horizontal": 8.0,
               "fov_vertical": 8.0,
               "sensor_width": 15.0,
               "wavelength": "visible"
            },
            "extrinsic_params": {
               "location": {
                  "x": 0.0,
                  "z": 0.12,
                  "y": -1.6
               },
               "rotation": {
                  "yaw": 0.0,
                  "roll": 0.0,
                  "pitch": 0.0
               }
            }
         },
         "accessories": {
            "glasses": null,
            "mask": null
         },
         "background": {
            "id": "1396b580-7d04-4521-a783-f5c2fd761cfc",
            "transparent": false,
            "rotation": 212.05754651651085
         },
         "lights": []
      }
   ]
}