{
   "keypoints_3d_coordinates": {
      "1": [
         -0.06416279077529907,
         0.012025725096464157,
         0.13242578506469727
      ],
      "2": [
         -0.06305775046348572,
         0.008881963789463043,
         0.11486876010894775
      ],
      "3": [
         -0.06316416710615158,
         0.01029747724533081,
         0.09667503833770752
      ],
      "4": [
         -0.05982576683163643,
         0.009178884327411652,
         0.07802891731262207
      ],
      "5": [
         -0.053029727190732956,
         0.0016149971634149551,
         0.06362807750701904
      ],
      "6": [
         -0.044772669672966,
         -0.012772713787853718,
         0.05359756946563721
      ],
      "7": [
         -0.034594859927892685,
         -0.021631114184856415,
         0.044731974601745605
      ],
      "8": [
         -0.021855153143405914,
         -0.02985488995909691,
         0.03830993175506592
      ],
      "9": [
         0.0008031699107959867,
         -0.03460089862346649,
         0.03011775016784668
      ],
      "10": [
         0.023366009816527367,
         -0.028790878131985664,
         0.038697004318237305
      ],
      "11": [
         0.03505224362015724,
         -0.02037888765335083,
         0.04526329040527344
      ],
      "12": [
         0.04460388422012329,
         -0.01163039542734623,
         0.05417943000793457
      ],
      "13": [
         0.05287085846066475,
         0.002959471195936203,
         0.06420528888702393
      ],
      "14": [
         0.058877430856227875,
         0.010428816080093384,
         0.07852292060852051
      ],
      "15": [
         0.06119806319475174,
         0.01133519783616066,
         0.09700989723205566
      ],
      "16": [
         0.06033504009246826,
         0.009861811995506287,
         0.11492359638214111
      ],
      "17": [
         0.06038844585418701,
         0.01439937949180603,
         0.13324904441833496
      ],
      "18": [
         -0.04508355259895325,
         -0.03705906122922897,
         0.152044415473938
      ],
      "19": [
         -0.0422852486371994,
         -0.04072505980730057,
         0.155501127243042
      ],
      "20": [
         -0.03462425246834755,
         -0.046822112053632736,
         0.15874242782592773
      ],
      "21": [
         -0.025707699358463287,
         -0.051658812910318375,
         0.1613309383392334
      ],
      "22": [
         -0.015353601425886154,
         -0.05558396130800247,
         0.15782153606414795
      ],
      "23": [
         0.016012297943234444,
         -0.0549713596701622,
         0.1590975522994995
      ],
      "24": [
         0.026283448562026024,
         -0.05079340934753418,
         0.16286587715148926
      ],
      "25": [
         0.03476494923233986,
         -0.045552462339401245,
         0.16043365001678467
      ],
      "26": [
         0.04184519872069359,
         -0.039235860109329224,
         0.15713989734649658
      ],
      "27": [
         0.04469680041074753,
         -0.03555440902709961,
         0.15389001369476318
      ],
      "28": [
         0.00027223958750255406,
         -0.05467774718999863,
         0.14091122150421143
      ],
      "29": [
         0.00029217242263257504,
         -0.059550222009420395,
         0.12529325485229492
      ],
      "30": [
         0.0004906745161861181,
         -0.06508953869342804,
         0.11639463901519775
      ],
      "31": [
         0.0009224817622452974,
         -0.07286757975816727,
         0.10402107238769531
      ],
      "32": [
         -0.012155849486589432,
         -0.053333330899477005,
         0.09184384346008301
      ],
      "33": [
         -0.0063143218867480755,
         -0.05743539705872536,
         0.0900810956954956
      ],
      "34": [
         0.001259133219718933,
         -0.059674955904483795,
         0.08990275859832764
      ],
      "35": [
         0.00859617069363594,
         -0.057046860456466675,
         0.09046673774719238
      ],
      "36": [
         0.014220497570931911,
         -0.05241357162594795,
         0.09284567832946777
      ],
      "37": [
         -0.03578915074467659,
         -0.03927473723888397,
         0.1280663013458252
      ],
      "38": [
         -0.029445042833685875,
         -0.04841379076242447,
         0.12868762016296387
      ],
      "39": [
         -0.019891437143087387,
         -0.04802131652832031,
         0.12884223461151123
      ],
      "40": [
         -0.013356547802686691,
         -0.042917005717754364,
         0.12748360633850098
      ],
      "41": [
         -0.019559863954782486,
         -0.04544785991311073,
         0.12517273426055908
      ],
      "42": [
         -0.029447898268699646,
         -0.04444640874862671,
         0.12473273277282715
      ],
      "43": [
         0.013145401142537594,
         -0.04296822100877762,
         0.12836503982543945
      ],
      "44": [
         0.020272795110940933,
         -0.04701809212565422,
         0.130082368850708
      ],
      "45": [
         0.03005283698439598,
         -0.04738777130842209,
         0.12997055053710938
      ],
      "46": [
         0.0359819233417511,
         -0.03803111985325813,
         0.12942349910736084
      ],
      "47": [
         0.02936183102428913,
         -0.04340514540672302,
         0.1261690855026245
      ],
      "48": [
         0.020049337297677994,
         -0.04450878128409386,
         0.1266171932220459
      ],
      "49": [
         -0.019389167428016663,
         -0.044548243284225464,
         0.06627261638641357
      ],
      "50": [
         -0.012813751585781574,
         -0.05416713282465935,
         0.07249736785888672
      ],
      "51": [
         -0.0061182547360658646,
         -0.059083618223667145,
         0.07599663734436035
      ],
      "52": [
         0.0018735883058980107,
         -0.060422878712415695,
         0.07613146305084229
      ],
      "53": [
         0.009894054383039474,
         -0.057918086647987366,
         0.07667756080627441
      ],
      "54": [
         0.016066590324044228,
         -0.052568502724170685,
         0.07345986366271973
      ],
      "55": [
         0.02030961960554123,
         -0.044391728937625885,
         0.06723999977111816
      ],
      "56": [
         0.015917742624878883,
         -0.04706532508134842,
         0.06002664566040039
      ],
      "57": [
         0.00885898806154728,
         -0.04981082305312157,
         0.05467522144317627
      ],
      "58": [
         0.001310067600570619,
         -0.051066238433122635,
         0.05315887928009033
      ],
      "59": [
         -0.006287170574069023,
         -0.04991597682237625,
         0.05459284782409668
      ],
      "60": [
         -0.013646635226905346,
         -0.04719514399766922,
         0.05940055847167969
      ],
      "61": [
         -0.018028175458312035,
         -0.042221203446388245,
         0.06685841083526611
      ],
      "62": [
         -0.00554615817964077,
         -0.054466549307107925,
         0.07390856742858887
      ],
      "63": [
         0.0011658811708912253,
         -0.0550629086792469,
         0.07386767864227295
      ],
      "64": [
         0.008506872691214085,
         -0.053819555789232254,
         0.07433712482452393
      ],
      "65": [
         0.019697928801178932,
         -0.04189174622297287,
         0.06791698932647705
      ],
      "66": [
         0.007711849641054869,
         -0.04756756126880646,
         0.059920549392700195
      ],
      "67": [
         0.001183448825031519,
         -0.048546142876148224,
         0.05915498733520508
      ],
      "68": [
         -0.0052609131671488285,
         -0.047609299421310425,
         0.05966687202453613
      ]
   },
   "keypoints_2d_coordinates": {
      "1": [
         57,
         28
      ],
      "2": [
         67,
         28
      ],
      "3": [
         77,
         28
      ],