{
   "version": "1.0.0",
   "accessories": [],
   "center_of_pupil_point": {
      "2d": {
         "camera": {
            "right_eye": {
               "x": 42.83076194917229,
               "y": 41.60059992841585
            },
            "left_eye": {
               "x": 41.75719163533875,
               "y": 79.49064000789383
            }
         }
      },
      "3d": {
         "right_eye": {
            "x": -0.038075245916843414,
            "y": -0.04423989728093147,
            "z": 0.15598417818546295
         },
         "left_eye": {
            "x": 0.026288507506251335,
            "y": -0.04678037762641907,
            "z": 0.1577473282814026
         }
      }
   },
   "face_expression": {
      "intensity_level": 3.2900758943465305,
      "name": "mouth_open"
   },
   "head_metadata": {
      "head_rotation": {
         "pitch": 0.0,
         "yaw": 0.0,
         "roll": 0.0
      },
      "head_six_dof": {
         "location": {
            "x": -0.006938934326171875,
            "y": -0.06181204691529274,
            "z": 0.16387483477592468
         },
         "look_at_vector": {
            "x": 8.74227803627227e-08,
            "y": -0.9999999999999962,
            "z": 9.553428304548457e-16
         }
      },
      "head_root_location": {
         "x": 0.0,
         "y": 0.0,
         "z": 0.0
      }
   },
   "eye_gaze": {
      "axis_directions": {
         "right_eye": {
            "axis_directions": {
               "visual_axis_direction": {
                  "x": 0.12831867377374045,
                  "y": -0.9913975847645804,
                  "z": 0.025790441715975027
               },
               "optical_axis_direction": {
                  "x": 0.06445073329582664,
                  "y": -0.9976068545379825,
                  "z": 0.02503331293422578
               }
            }
         },
         "left_eye": {
            "axis_directions": {
               "visual_axis_direction": {
                  "x": 0.335577132888446,
                  "y": -0.9413226039181217,
                  "z": 0.036051951891360776
               },
               "optical_axis_direction": {
                  "x": 0.14928935062339507,
                  "y": -0.9885180990464169,
                  "z": 0.02333790153598267
               }
            }
         }
      },
      "target_point": {
         "right_eye": {
            "x": 0.3138415515422821,
            "y": -2.551616668701172,
            "z": 0.23649540543556213
         },
         "left_eye": {
            "x": 0.3138415515422821,
            "y": -2.551616668701172,
            "z": 0.23649540543556213
         }
      },
      "eye_gaze_direction_type": "custom"
   },
   "identity_label": {
      "age": "young",
      "ethnicity": "mediterranean",
      "gender": "male"
   },
   "iris_circle": {
      "2d": {
         "camera": {
            "right_eye": [
               {
                  "x": 38.64885931291722,
                  "y": 41.527866261291294
               },
               {
                  "x": 39.17500907239332,
                  "y": 43.618184937185255
               },
               {
                  "x": 40.67628491059391,
                  "y": 45.17070675498944
               },
               {
                  "x": 42.75049922411753,
                  "y": 45.76964175470593
               },
               {
                  "x": 44.843016853359245,
                  "y": 45.25526105455895
               },
               {
                  "x": 46.39259615649108,
                  "y": 43.76431784191797
               },
               {
                  "x": 46.98446953935606,
                  "y": 41.69604042696607
               },
               {
                  "x": 46.459878449674505,
                  "y": 39.604142836148455
               },
               {
                  "x": 44.958644112524475,
                  "y": 38.050581041580124
               },
               {
                  "x": 42.882885017271896,
                  "y": 37.45119274591386
               },
               {
                  "x": 40.789393219711265,
                  "y": 37.9666584331249
               },
               {
                  "x": 39.24005825732178,
                  "y": 39.45885681965915
               }
            ],
            "left_eye": [
               {
                  "x": 37.586935488981695,
                  "y": 79.46534541865051
               },
               {
                  "x": 38.12621175401007,
                  "y": 81.52082126035886
               },
               {
                  "x": 39.63428530080191,
                  "y": 83.04469016790156
               },
               {
                  "x": 41.7065177244421,
                  "y": 83.62939039992277
               },
               {
                  "x": 43.789013943966125,
                  "y": 83.11940902060206
               },
               {
                  "x": 45.323862109849365,
                  "y": 81.64987421539254
               },
               {
                  "x": 45.900226657366105,
                  "y": 79.61416955865538
               },
               {
                  "x": 45.36243927678097,
                  "y": 77.55701553689168
               },
               {
                  "x": 43.85473886441135,
                  "y": 76.03076002237762
               },
               {
                  "x": 41.780114880105714,
                  "y": 75.44455077201931
               },
               {
                  "x": 39.696141142078474,
                  "y": 75.9565057579336
               },
               {
                  "x": 38.160892013108224,
                  "y": 77.4283023659216
               }
            ]
         }
      },
      "3d": {
         "right_eye": [
            {
               "x": -0.03819075971841812,
               "y": -0.04457066208124161,
               "z": 0.16308355331420898
            },
            {
               "x": -0.03464287519454956,
               "y": -0.04436619579792023,
               "z": 0.16219492256641388
            },
            {
               "x": -0.03200620785355568,
               "y": -0.04426185041666031,
               "z": 0.15964587032794952
            },
            {
               "x": -0.030987689271569252,
               "y": -0.04428410530090332,
               "z": 0.15611958503723145
            },
            {
               "x": -0.03185909241437912,
               "y": -0.044427335262298584,
               "z": 0.15255975723266602
            },
            {
               "x": -0.034388162195682526,
               "y": -0.04465256631374359,
               "z": 0.149921715259552
            },
            {
               "x": -0.037896908819675446,
               "y": -0.04490073025226593,
               "z": 0.1489112824201584
            },
            {
               "x": -0.04144585132598877,
               "y": -0.04510422796010971,
               "z": 0.14979872107505798
            },
            {
               "x": -0.04408220574259758,
               "y": -0.045209139585494995,
               "z": 0.15234696865081787
            },
            {
               "x": -0.04510108008980751,
               "y": -0.04518676921725273,
               "z": 0.15587373077869415
            },
            {
               "x": -0.04422946274280548,
               "y": -0.04504420608282089,
               "z": 0.1594337671995163
            },
            {
               "x": -0.0417003370821476,
               "y": -0.04481852054595947,
               "z": 0.16207212209701538
            }
         ],
         "left_eye": [
            {
               "x": 0.026239775121212006,
               "y": -0.0471239797770977,
               "z": 0.16481457650661469
            },
            {
               "x": 0.029736913740634918,
               "y": -0.04661991447210312,