{
   "keypoints_3d_coordinates": {
      "1": [
         -0.08021139353513718,
         0.029825467616319656,
         0.17069196701049805
      ],
      "2": [
         -0.07812284678220749,
         0.0243939571082592,
         0.14825046062469482
      ],
      "3": [
         -0.07492588460445404,
         0.0226900652050972,
         0.1271144151687622
      ],
      "4": [
         -0.07004985958337784,
         0.018486708402633667,
         0.10193896293640137
      ],
      "5": [
         -0.06328094005584717,
         0.008310951292514801,
         0.08421790599822998
      ],
      "6": [
         -0.05496564134955406,
         -0.010328581556677818,
         0.07452166080474854
      ],
      "7": [
         -0.04334314540028572,
         -0.024753060191869736,
         0.06499254703521729
      ],
      "8": [
         -0.030513951554894447,
         -0.04165918380022049,
         0.057952046394348145
      ],
      "9": [
         -0.0019133315654471517,
         -0.05304517596960068,
         0.05265307426452637
      ],
      "10": [
         0.026502462103962898,
         -0.04283762723207474,
         0.05882859230041504
      ],
      "11": [
         0.03986340016126633,
         -0.026076665148139,
         0.06588184833526611
      ],
      "12": [
         0.052041199058294296,
         -0.01180410385131836,
         0.07535254955291748
      ],
      "13": [
         0.061187878251075745,
         0.006378058344125748,
         0.08497405052185059
      ],
      "14": [
         0.06841502338647842,
         0.015892036259174347,
         0.10301744937896729
      ],
      "15": [
         0.07316749542951584,
         0.02031189203262329,
         0.12809979915618896
      ],
      "16": [
         0.0760006234049797,
         0.022527508437633514,
         0.14914369583129883
      ],
      "17": [
         0.07834833115339279,
         0.027789991348981857,
         0.1713954210281372
      ],
      "18": [
         -0.054455988109111786,
         -0.04471573606133461,
         0.18917322158813477
      ],
      "19": [
         -0.05091729015111923,
         -0.046854838728904724,
         0.19533872604370117
      ],
      "20": [
         -0.04142039269208908,
         -0.054089438170194626,
         0.196685791015625
      ],
      "21": [
         -0.030028091743588448,
         -0.05985283851623535,
         0.1957172155380249
      ],
      "22": [
         -0.016235290095210075,
         -0.06252633780241013,
         0.19239425659179688
      ],
      "23": [
         0.011828809045255184,
         -0.06229753792285919,
         0.19214677810668945
      ],
      "24": [
         0.025572307407855988,
         -0.05985753983259201,
         0.19528520107269287
      ],
      "25": [
         0.036997608840465546,
         -0.05416913703083992,
         0.19637775421142578
      ],
      "26": [
         0.04691950976848602,
         -0.047139737755060196,
         0.19498920440673828
      ],
      "27": [
         0.050895508378744125,
         -0.045004136860370636,
         0.18914222717285156
      ],
      "28": [
         -0.002340717241168022,
         -0.06259100884199142,
         0.18271267414093018
      ],
      "29": [
         -0.002707991749048233,
         -0.06860744953155518,
         0.16970646381378174
      ],
      "30": [
         -0.003058494534343481,
         -0.07636097818613052,
         0.15952539443969727
      ],
      "31": [
         -0.0038153906352818012,
         -0.08777505159378052,
         0.14590513706207275
      ],
      "32": [
         -0.020874634385108948,
         -0.06340944766998291,
         0.12685918807983398
      ],
      "33": [
         -0.013290494680404663,
         -0.07048368453979492,
         0.12586140632629395
      ],
      "34": [
         -0.0034397393465042114,
         -0.07483558356761932,
         0.12602877616882324
      ],
      "35": [
         0.00628320686519146,
         -0.07077698409557343,
         0.12610948085784912
      ],
      "36": [
         0.014692828059196472,
         -0.06410908699035645,
         0.12696731090545654
      ],
      "37": [
         -0.05034872144460678,
         -0.03683287277817726,
         0.17215752601623535
      ],
      "38": [
         -0.043216463178396225,
         -0.04719037190079689,
         0.17042183876037598
      ],
      "39": [
         -0.030734514817595482,
         -0.04801608622074127,
         0.17062270641326904
      ],
      "40": [
         -0.01997651718556881,
         -0.04507337138056755,
         0.17079150676727295
      ],
      "41": [
         -0.030270665884017944,
         -0.04730517789721489,
         0.16783618927001953
      ],
      "42": [
         -0.04282626137137413,
         -0.0454862080514431,
         0.16706860065460205
      ],
      "43": [
         0.01590842381119728,
         -0.04523257911205292,
         0.17042875289916992
      ],
      "44": [
         0.026904409751296043,
         -0.0493544340133667,
         0.1705152988433838
      ],
      "45": [
         0.03958675265312195,
         -0.047505661845207214,
         0.17033159732818604
      ],
      "46": [
         0.046391602605581284,
         -0.038612157106399536,
         0.17210590839385986
      ],
      "47": [
         0.03950654715299606,
         -0.04609128087759018,
         0.16723179817199707
      ],
      "48": [
         0.026493633165955544,
         -0.04816398024559021,
         0.16757822036743164
      ],
      "49": [
         -0.03148334473371506,
         -0.05485717952251434,
         0.09600067138671875
      ],
      "50": [
         -0.02574373222887516,
         -0.0666498914361,
         0.10535526275634766
      ],
      "51": [
         -0.015439148060977459,
         -0.07441858947277069,
         0.11092019081115723
      ],
      "52": [
         -0.0034668203443288803,
         -0.0772179439663887,
         0.1101229190826416
      ],
      "53": [
         0.00849505141377449,
         -0.07513286918401718,
         0.11117684841156006
      ],
      "54": [
         0.019625835120677948,
         -0.06798841059207916,
         0.1063077449798584
      ],
      "55": [
         0.025731151923537254,
         -0.05589252710342407,
         0.09672117233276367
      ],
      "56": [
         0.020084835588932037,
         -0.062044303864240646,
         0.09112787246704102
      ],
      "57": [
         0.009897444397211075,
         -0.06802578270435333,
         0.08681154251098633
      ],
      "58": [
         -0.003021824173629284,
         -0.07017339766025543,
         0.08536779880523682
      ],
      "59": [
         -0.015163540840148926,
         -0.06822756677865982,
         0.08674776554107666
      ],
      "60": [
         -0.025560379028320312,
         -0.06148076429963112,
         0.09055936336517334
      ],
      "61": [
         -0.02885616384446621,
         -0.05413893610239029,
         0.09853684902191162
      ],
      "62": [
         -0.012804018333554268,
         -0.07086697220802307,
         0.10378050804138184
      ],
      "63": [
         -0.003477550344541669,
         -0.07240653783082962,
         0.10408365726470947
      ],
      "64": [
         0.006281832233071327,
         -0.07134707272052765,
         0.10388731956481934
      ],
      "65": [
         0.02307434007525444,
         -0.05527894198894501,
         0.09904110431671143
      ],
      "66": [
         0.006489654071629047,
         -0.06809275597333908,
         0.09471690654754639
      ],
      "67": [
         -0.0032872201409190893,
         -0.06944562494754791,
         0.09426379203796387
      ],
      "68": [
         -0.013051021844148636,
         -0.0678112655878067,
         0.09463071823120117
      ]
   },
   "keypoints_2d_coordinates": {
      "1": [
         36,
         19
      ],
      "2": [
         48,
         20
      ],
      "3": [
         60,
         22
      ],