{
   "identity_label": {
      "age": "old",
      "ethnicity": "south_asian",
      "gender": "female"
   },
   "identity_id": "708dad3a-2919-430a-aacb-50cb26dd203f",
   "face_expression": {
      "name": "contempt",
      "intensity_level": 1
   },
   "facial_hair_included": false,
   "head_metadata": {
      "head_root_location": {
         "x": 0.0,
         "y": 0.0,
         "z": 0.0
      },
      "head_rotation": {
         "pitch": -19.44099112330261,
         "yaw": -26.75584027153571,
         "roll": 0.0
      },
      "head_six_dof": {
         "location": {
            "x": -0.01333873812109232,
            "y": -0.029671981930732727,
            "z": 0.16321851313114166
         },
         "look_at_vector": {
            "x": -0.4246664945251591,
            "y": -0.8419879687879359,
            "z": 0.3327380784402036
         }
      }
   },
   "apex_of_cornea_point": {
      "2d": {
         "camera_1": {
            "right_eye": {
               "x": 367,
               "y": 357
            },
            "left_eye": {
               "x": 369,
               "y": 604
            }
         }
      },
      "3d": {
         "right_eye": {
            "x": -0.03354005515575409,
            "y": -0.012008038349449635,
            "z": 0.15150704979896545
         },
         "left_eye": {
            "x": 0.019672013819217682,
            "y": -0.03828101605176926,
            "z": 0.15056076645851135
         }
      }
   },
   "center_of_rotation_point": {
      "2d": {
         "camera_1": {
            "right_eye": {
               "x": 366,
               "y": 367
            },
            "left_eye": {
               "x": 368,
               "y": 607
            }
         }
      },
      "3d": {
         "right_eye": {
            "x": -0.031580500304698944,
            "y": -0.00024669431149959564,
            "z": 0.15191204845905304
         },
         "left_eye": {
            "x": 0.02044929750263691,
            "y": -0.02635946497321129,
            "z": 0.15091367065906525
         }
      }
   },
   "iris_circle": {
      "2d": {
         "camera_1": {
            "right_eye": [
               {
                  "x": 338,
                  "y": 361
               },
               {
                  "x": 342,
                  "y": 375
               },
               {
                  "x": 354,
                  "y": 384
               },
               {
                  "x": 368,
                  "y": 387
               },
               {
                  "x": 382,
                  "y": 383
               },
               {
                  "x": 393,
                  "y": 373
               },
               {
                  "x": 396,
                  "y": 358
               },
               {
                  "x": 391,
                  "y": 344
               },
               {
                  "x": 380,
                  "y": 334
               },
               {
                  "x": 366,
                  "y": 332
               },
               {
                  "x": 351,
                  "y": 336
               },
               {
                  "x": 341,
                  "y": 347
               }
            ],
            "left_eye": [
               {
                  "x": 339,
                  "y": 606
               },
               {
                  "x": 344,
                  "y": 621
               },
               {
                  "x": 355,
                  "y": 630
               },
               {
                  "x": 370,
                  "y": 634
               },
               {
                  "x": 384,
                  "y": 629
               },
               {
                  "x": 394,
                  "y": 618
               },
               {
                  "x": 397,
                  "y": 604
               },
               {
                  "x": 392,
                  "y": 589
               },
               {
                  "x": 381,
                  "y": 578
               },
               {
                  "x": 367,
                  "y": 575
               },
               {
                  "x": 353,
                  "y": 580
               },
               {
                  "x": 343,
                  "y": 591
               }
            ]
         }
      },
      "3d": {
         "right_eye": [
            {
               "x": -0.03277336061000824,
               "y": -0.009942860342562199,
               "z": 0.15788769721984863
            },
            {
               "x": -0.029791483655571938,
               "y": -0.010401680134236813,
               "z": 0.15684451162815094
            },
            {
               "x": -0.027757788076996803,
               "y": -0.010670092888176441,
               "z": 0.15434153378009796
            },
            {
               "x": -0.027121705934405327,
               "y": -0.010713302530348301,
               "z": 0.15121358633041382
            },
            {
               "x": -0.028053760528564453,
               "y": -0.010461816564202309,
               "z": 0.14812695980072021
            },
            {
               "x": -0.030292430892586708,
               "y": -0.009989632293581963,
               "z": 0.14587849378585815
            },
            {
               "x": -0.03339271992444992,
               "y": -0.009428821504116058,
               "z": 0.14523987472057343
            },
            {
               "x": -0.03644872084259987,
               "y": -0.00896109826862812,
               "z": 0.1463039219379425
            },
            {
               "x": -0.03859061375260353,
               "y": -0.008692176081240177,
               "z": 0.14871232211589813
            },
            {
               "x": -0.03920961171388626,
               "y": -0.008727665059268475,
               "z": 0.1518380045890808
            },
            {
               "x": -0.038218557834625244,
               "y": -0.008955602534115314,
               "z": 0.1549108773469925
            },
            {
               "x": -0.03587514907121658,
               "y": -0.009404383599758148,
               "z": 0.1571999043226242
            }
         ],
         "left_eye": [
            {
               "x": 0.0201658196747303,
               "y": -0.036088380962610245,
               "z": 0.15688471496105194
            },
            {
               "x": 0.023188289254903793,
               "y": -0.03618777543306351,
               "z": 0.15585698187351227
            },
            {
               "x": 0.025265950709581375,
               "y": -0.0362570583820343,
               "z": 0.15350115299224854
            },
            {
               "x": 0.025963863357901573,
               "y": -0.03618653863668442,
               "z": 0.1502680480480194
            },
            {
               "x": 0.02496936172246933,
               "y": -0.036003872752189636,
               "z": 0.1472615897655487
            },
            {
               "x": 0.022675715386867523,
               "y": -0.035855717957019806,
               "z": 0.14524248242378235
            },
            {
               "x": 0.019562125205993652,
               "y": -0.03566303104162216,
               "z": 0.14462178945541382
            },
            {
               "x": 0.01641857624053955,
               "y": -0.03549320995807648,
               "z": 0.1456134021282196
            },
            {
               "x": 0.014205537736415863,
               "y": -0.03543359786272049,
               "z": 0.14789730310440063
            },
            {
               "x": 0.013522553257644176,
               "y": -0.03554514795541763,
               "z": 0.15092092752456665
            },
            {
               "x": 0.014530207961797714,
               "y": -0.03570059686899185,