{
   "keypoints_3d_coordinates": {
      "1": [
         -0.060106754302978516,
         -0.004616275429725647,
         0.1294260025024414
      ],
      "2": [
         -0.05671649053692818,
         -0.008590750396251678,
         0.11264932155609131
      ],
      "3": [
         -0.05153946951031685,
         -0.007076866924762726,
         0.09673619270324707
      ],
      "4": [
         -0.045765601098537445,
         -0.007186520844697952,
         0.07884490489959717
      ],
      "5": [
         -0.04188719019293785,
         -0.012819051742553711,
         0.06485414505004883
      ],
      "6": [
         -0.037637196481227875,
         -0.026230286806821823,
         0.05577874183654785
      ],
      "7": [
         -0.031195636838674545,
         -0.03644511476159096,
         0.047304630279541016
      ],
      "8": [
         -0.023103389889001846,
         -0.04834524542093277,
         0.040192604064941406
      ],
      "9": [
         -0.0010907126124948263,
         -0.05587352439761162,
         0.03302764892578125
      ],
      "10": [
         0.02076694555580616,
         -0.04838981479406357,
         0.040642619132995605
      ],
      "11": [
         0.029373202472925186,
         -0.03674963116645813,
         0.047946810722351074
      ],
      "12": [
         0.03568027541041374,
         -0.026536094024777412,
         0.05635833740234375
      ],
      "13": [
         0.040184590965509415,
         -0.01271463930606842,
         0.06555616855621338
      ],
      "14": [
         0.0438806414604187,
         -0.007184486836194992,
         0.08023571968078613
      ],
      "15": [
         0.04868835583329201,
         -0.007139135152101517,
         0.09802937507629395
      ],
      "16": [
         0.05375751480460167,
         -0.008619271218776703,
         0.11407160758972168
      ],
      "17": [
         0.05729604512453079,
         -0.004606325179338455,
         0.13024592399597168
      ],
      "18": [
         -0.04739197716116905,
         -0.05305090174078941,
         0.14910006523132324
      ],
      "19": [
         -0.044833675026893616,
         -0.05676880106329918,
         0.15125012397766113
      ],
      "20": [
         -0.0379604771733284,
         -0.06360530108213425,
         0.15414011478424072
      ],
      "21": [
         -0.029355276376008987,
         -0.06942670047283173,
         0.15431010723114014
      ],
      "22": [
         -0.018950875848531723,
         -0.07370360195636749,
         0.15174007415771484
      ],
      "23": [
         0.015344223007559776,
         -0.07318849861621857,
         0.1517500877380371
      ],
      "24": [
         0.025823023170232773,
         -0.06849430501461029,
         0.15437006950378418
      ],
      "25": [
         0.034349724650382996,
         -0.06311149895191193,
         0.15421009063720703
      ],
      "26": [
         0.041155822575092316,
         -0.056088000535964966,
         0.15160012245178223
      ],
      "27": [
         0.04368222504854202,
         -0.05225510895252228,
         0.14948010444641113
      ],
      "28": [
         -0.001895235967822373,
         -0.07499409466981888,
         0.13751471042633057
      ],
      "29": [
         -0.0016184441046789289,
         -0.07949022203683853,
         0.12421274185180664
      ],
      "30": [
         -0.0015588452806696296,
         -0.0844372808933258,
         0.11592841148376465
      ],
      "31": [
         -0.0015776071231812239,
         -0.09219154715538025,
         0.10476100444793701
      ],
      "32": [
         -0.012633195146918297,
         -0.07374026626348495,
         0.09114670753479004
      ],
      "33": [
         -0.008016363717615604,
         -0.0781676173210144,
         0.08943736553192139
      ],
      "34": [
         -0.0017238380387425423,
         -0.08055168390274048,
         0.08925807476043701
      ],
      "35": [
         0.004303614143282175,
         -0.07796474546194077,
         0.08922123908996582
      ],
      "36": [
         0.008853396400809288,
         -0.07314999401569366,
         0.09172344207763672
      ],
      "37": [
         -0.04039670154452324,
         -0.056523267179727554,
         0.1291356086730957
      ],
      "38": [
         -0.0339009091258049,
         -0.06369119882583618,
         0.12524104118347168
      ],
      "39": [
         -0.023358779028058052,
         -0.06454955786466599,
         0.12592542171478271
      ],
      "40": [
         -0.015560321509838104,
         -0.06221117451786995,
         0.12750780582427979
      ],
      "41": [
         -0.02306448295712471,
         -0.06444378942251205,
         0.12598299980163574
      ],
      "42": [
         -0.03360886871814728,
         -0.06293738633394241,
         0.12520134449005127
      ],
      "43": [
         0.011357431299984455,
         -0.06232009828090668,
         0.1269005537033081
      ],
      "44": [
         0.02051742747426033,
         -0.06435312330722809,
         0.1260230541229248
      ],
      "45": [
         0.030385345220565796,
         -0.0633106380701065,
         0.12583637237548828
      ],
      "46": [
         0.03696134686470032,
         -0.05636866018176079,
         0.1294459104537964
      ],
      "47": [
         0.030246969312429428,
         -0.06290947645902634,
         0.12563419342041016
      ],
      "48": [
         0.019765321165323257,
         -0.0641845241189003,
         0.1258690357208252
      ],
      "49": [
         -0.020194385200738907,
         -0.06856773793697357,
         0.06914424896240234
      ],
      "50": [
         -0.016240324825048447,
         -0.07595542073249817,
         0.07394182682037354
      ],
      "51": [
         -0.009744307957589626,
         -0.08065822720527649,
         0.07812666893005371
      ],
      "52": [
         -0.0014200652949512005,
         -0.08298185467720032,
         0.07808852195739746
      ],
      "53": [
         0.006747671402990818,
         -0.08053278923034668,
         0.07834553718566895
      ],
      "54": [
         0.013238547369837761,
         -0.07637423276901245,
         0.07450258731842041
      ],
      "55": [
         0.01661013625562191,
         -0.07002907246351242,
         0.06986939907073975
      ],
      "56": [
         0.012875404208898544,
         -0.07362282276153564,
         0.06598114967346191
      ],
      "57": [
         0.006670456379652023,
         -0.07748718559741974,
         0.06312012672424316
      ],
      "58": [
         -0.0012367040617391467,
         -0.07874272763729095,
         0.06173825263977051
      ],
      "59": [
         -0.008887633681297302,
         -0.07762791216373444,
         0.06296646595001221
      ],
      "60": [
         -0.015614238567650318,
         -0.07290368527173996,
         0.06583118438720703
      ],
      "61": [
         -0.018592510372400284,
         -0.0667041540145874,
         0.06914091110229492
      ],
      "62": [
         -0.007804204244166613,
         -0.07566505670547485,
         0.07138526439666748
      ],
      "63": [
         -0.0016418255399912596,
         -0.07687665522098541,
         0.07101428508758545
      ],
      "64": [
         0.004743355792015791,
         -0.07577407360076904,
         0.07159817218780518
      ],
      "65": [
         0.015464039519429207,
         -0.06787749379873276,
         0.06978988647460938
      ],
      "66": [
         0.004588468931615353,
         -0.07521295547485352,
         0.07045722007751465
      ],
      "67": [
         -0.0014972708886489272,
         -0.07617123425006866,
         0.07000899314880371
      ],
      "68": [
         -0.007403608877211809,
         -0.07445958256721497,
         0.07038044929504395
      ]
   },
   "keypoints_2d_coordinates": {
      "1": [
         59,
         30
      ],
      "2": [
         68,
         31
      ],
      "3": [
         77,
         34
      ],