{
   "version": "1.0.0",
   "datapoints": [
      {
         "human": {
            "id": "88bb5da1-cd06-461a-8c3a-e3e7c27922a3",
            "head": {
               "eyes": {
                  "id": "959f3a1b-0fa4-418c-86db-38001394f5f3",
                  "target_of_gaze": {
                     "distance": 4.520975744680031,
                     "direction": {
                        "x": -0.29754247286384117,
                        "y": -0.8975304049346813,
                        "z": 0.13197870534833023
                     }
                  },
                  "eyelid_closure": 0.25993669661255714
               },
               "location": {
                  "x": 0.0,
                  "y": 0.0,
                  "z": 0.0
               },
               "rotation": {
                  "pitch": 0.0,
                  "yaw": 0.0,
                  "roll": 0.0
               },
               "expression": {
                  "intensity": 0.8288396398630563,
                  "name": "anger"
               },
               "eyebrows": {
                  "id": "a20830e9-75dd-433c-98d0-3c132f8f713b",
                  "color_settings": {
                     "index_of_refraction": 1.6097359666200495,
                     "melanin": 0.3757599266816076,
                     "redness": 0.5573564088970784,
                     "roughness": 0.16112739899432937,
                     "whiteness": 0.7178204630811197
                  }
               },
               "hair": {
                  "id": "31a0ea26-5afc-4995-be1b-82c1e7df8c91",
                  "color_settings": {
                     "index_of_refraction": 1.6097359666200495,
                     "melanin": 0.3757599266816076,
                     "redness": 0.5573564088970784,
                     "roughness": 0.16112739899432937,
                     "whiteness": 0.7178204630811197
                  }
               },
               "facial_hair": null
            }
         },
         "camera": {
            "name": "camera",
            "intrinsic_params": {
               "projection": "perspective",
               "resolution_width": 128,
               "resolution_height": 128,
               "fov_horizontal": 8.0,
               "fov_vertical": 8.0,
               "sensor_width": 15.0,
               "wavelength": "visible"
            },
            "extrinsic_params": {
               "location": {
                  "x": 0.0,
                  "y": -1.6,
                  "z": 0.12
               },
               "rotation": {
                  "pitch": 0.0,
                  "yaw": 0.0,
                  "roll": 0.0
               }
            }
         },
         "accessories": {
            "glasses": null,
            "mask": null
         },
         "background": {
            "id": "bc56a610-1506-4d6e-a91a-b4f63536091f",
            "transparent": false,
            "rotation": 316.0078057783499
         },
         "lights": []
      }
   ]
}