{
   "1_street_light_off.082": {
      "semantic_name": null,
      "center_of_mass": {
         "global_3d": {
            "x": 7.350539669394493,
            "y": -4.1662522107358155,
            "z": 1.6442946530155425
         },
         "pixel_2d": {
            "x": 342,
            "y": 258,
            "depth": 7.342833995819092
         }
      }
   },
   "1_street_light_on.082": {
      "semantic_name": null,
      "center_of_mass": {
         "global_3d": {
            "x": 7.350539669394493,
            "y": -4.166251733898657,
            "z": 1.6442947759501223
         },
         "pixel_2d": {
            "x": 342,
            "y": 258,
            "depth": 7.342833995819092
         }
      }
   },
   "2_side_light_off.101": {
      "semantic_name": null,
      "center_of_mass": {
         "global_3d": {
            "x": 4.181411266326904,
            "y": -0.3175622547063379,
            "z": 0.3843373552318283
         },
         "pixel_2d": {
            "x": 271,
            "y": 304,
            "depth": 4.173705577850342
         }
      }
   },
   "2_side_light_off.102": {
      "semantic_name": null,
      "center_of_mass": {
         "global_3d": {
            "x": 3.278426885604858,
            "y": 0.4893835460749121,
            "z": 0.3841613389905163
         },
         "pixel_2d": {
            "x": 239,
            "y": 317,
            "depth": 3.270721197128296
         }
      }
   },
   "2_side_light_off.103": {
      "semantic_name": null,
      "center_of_mass": {
         "global_3d": {
            "x": 2.0768735408782955,
            "y": 0.6453283702936621,
            "z": 0.38380083892304384
         },
         "pixel_2d": {
            "x": 217,
            "y": 352,
            "depth": 2.0691678524017334
         }
      }
   },
   "2_side_light_off.104": {
      "semantic_name": null,
      "center_of_mass": {
         "global_3d": {
            "x": 2.052566289901734,
            "y": -0.6428491199412876,
            "z": 0.38361577258741875
         },
         "pixel_2d": {
            "x": 310,
            "y": 353,
            "depth": 2.044860601425171
         }
      }
   },
   "2_side_light_off.105": {
      "semantic_name": null,
      "center_of_mass": {
         "global_3d": {
            "x": 3.1150968074798584,
            "y": -0.9405480945503752,
            "z": 0.38391263815546495
         },
         "pixel_2d": {
            "x": 306,
            "y": 320,
            "depth": 3.107391119003296
         }
      }
   },
   "2_side_light_on.101": {
      "semantic_name": null,
      "center_of_mass": {
         "global_3d": {
            "x": 4.181411266326904,
            "y": -0.3175622249034409,
            "z": 0.38433743064708636
         },
         "pixel_2d": {
            "x": 271,
            "y": 304,
            "depth": 4.173705577850342
         }
      }
   },
   "2_side_light_on.102": {
      "semantic_name": null,
      "center_of_mass": {
         "global_3d": {
            "x": 3.278426885604859,
            "y": 0.48938351627316434,
            "z": 0.38416139205403255
         },
         "pixel_2d": {
            "x": 239,
            "y": 317,
            "depth": 3.270721197128296
         }
      }
   },
   "2_side_light_on.103": {
      "semantic_name": null,
      "center_of_mass": {
         "global_3d": {
            "x": 2.076873540878296,
            "y": 0.64532831068873,
            "z": 0.3838007937648342
         },
         "pixel_2d": {
            "x": 217,
            "y": 352,
            "depth": 2.0691678524017334
         }
      }
   },
   "2_side_light_on.104": {
      "semantic_name": null,
      "center_of_mass": {
         "global_3d": {
            "x": 2.052566289901734,
            "y": -0.6428490603366428,
            "z": 0.38361582519620896
         },
         "pixel_2d": {
            "x": 310,
            "y": 353,
            "depth": 2.044860601425171
         }
      }
   },
   "2_side_light_on.105": {
      "semantic_name": null,
      "center_of_mass": {
         "global_3d": {
            "x": 3.1150968074798584,
            "y": -0.9405480349457305,
            "z": 0.38391266795778733
         },
         "pixel_2d": {
            "x": 306,
            "y": 320,
            "depth": 3.107391119003296
         }
      }
   },
   "509c2484-6cb9-45fc-a307-8bce815fef51.002": {
      "semantic_name": "mailbox_home",
      "center_of_mass": {
         "global_3d": {
            "x": 4.442764274775982,
            "y": -0.22335945069789886,
            "z": 0.7426346853137247
         },
         "pixel_2d": {
            "x": 267,
            "y": 289,
            "depth": 4.43505859375
         }
      }
   },
   "Hedge_Carpinus-betulus_K_summer.414": {
      "semantic_name": null,
      "center_of_mass": {
         "global_3d": {
            "x": 4.471425011704613,
            "y": 0.7758466748165196,
            "z": 0.17353628689339545
         },
         "pixel_2d": {
            "x": 234,
            "y": 307,
            "depth": 4.463719367980957
         }
      }
   },
   "Hedge_Carpinus-betulus_K_summer.415": {
      "semantic_name": null,
      "center_of_mass": {
         "global_3d": {
            "x": 4.117345765183617,
            "y": 0.9720632580684727,
            "z": 0.17330709958365348
         },
         "pixel_2d": {
            "x": 225,
            "y": 312,
            "depth": 4.109640121459961
         }
      }
   },
   "Hedge_Carpinus-betulus_K_summer.416": {
      "semantic_name": null,
      "center_of_mass": {
         "global_3d": {
            "x": 3.8207141904540345,
            "y": 0.13213944368574193,
            "z": 0.1732408565382325
         },
         "pixel_2d": {
            "x": 255,
            "y": 316,
            "depth": 3.8130085468292236
         }
      }
   },
   "Hedge_Carpinus-betulus_K_summer.417": {
      "semantic_name": null,
      "center_of_mass": {
         "global_3d": {
            "x": 2.375798419068505,
            "y": 0.6632215527462071,
            "z": 0.1728546183734217
         },
         "pixel_2d": {
            "x": 221,
            "y": 353,
            "depth": 2.3680927753448486
         }
      }
   },
   "Hedge_Carpinus-betulus_K_summer.418": {
      "semantic_name": null,
      "center_of_mass": {
         "global_3d": {
            "x": 3.604863360474755,
            "y": -1.505860910041421,
            "z": 0.17294693851759818
         },
         "pixel_2d": {
            "x": 322,
            "y": 320,
            "depth": 3.5971577167510986
         }
      }
   },
   "Hedge_Carpinus-betulus_K_summer.419": {
      "semantic_name": null,
      "center_of_mass": {
         "global_3d": {
            "x": 4.471379235485694,
            "y": -2.9021468009088647,
            "z": 0.17303034580473609
         },
         "pixel_2d": {
            "x": 356,
            "y": 308,
            "depth": 4.4636735916137695
         }
      }
   },
   "Hedge_Carpinus-betulus_K_summer.420": {
      "semantic_name": null,
      "center_of_mass": {
         "global_3d": {
            "x": 4.5006761103868484,
            "y": -4.565598711371422,
            "z": 0.17281080333824317
         },
         "pixel_2d": {
            "x": 410,
            "y": 307,
            "depth": 4.4929704666137695
         }
      }
   },
   "Plant_Pothos_A_spring-summer-autumn.414": {
      "semantic_name": null,
      "center_of_mass": {
         "global_3d": {
            "x": 4.474218904972076,
            "y": -0.3197939544916153,
            "z": 0.1816499581327662
         },
         "pixel_2d": {
            "x": 270,
            "y": 307,
            "depth": 4.466513156890869
         }
      }
   },
   "Plant_Pothos_A_spring-summer-autumn.415": {
      "semantic_name": null,
      "center_of_mass": {
         "global_3d": {
            "x": 4.178686678409576,
            "y": -0.2642672210931778,
            "z": 0.18156365060713142
         },