{
   "identity_label": {
      "age": "adult",
      "ethnicity": "african",
      "gender": "female"
   },
   "face_expression": {
      "name": "disgust",
      "intensity_level": 1
   },
   "facial_hair_included": false,
   "identity_id": "6a65d06c-4f3e-4f30-8e13-51df8669877d",
   "head_metadata": {
      "head_root_location": {
         "x": 0.0,
         "y": 0.0,
         "z": 0.0
      },
      "head_rotation": {
         "pitch": 9.903182631381636,
         "yaw": -3.2126159749388745,
         "roll": 3.2332851945843912
      },
      "head_six_dof": {
         "location": {
            "x": -0.016398746520280838,
            "y": -0.06540626287460327,
            "z": 0.1266547590494156
         },
         "look_at_vector": {
            "x": -0.0453551411732308,
            "y": -0.9835546614985866,
            "z": -0.17482316497980757
         }
      }
   },
   "apex_of_cornea_point": {
      "2d": {
         "camera": {
            "right_eye": {
               "x": 517,
               "y": 279
            },
            "left_eye": {
               "x": 498,
               "y": 550
            }
         }
      },
      "3d": {
         "right_eye": {
            "x": -0.04913044348359108,
            "y": -0.05540382117033005,
            "z": 0.11894351989030838
         },
         "left_eye": {
            "x": 0.00799274630844593,
            "y": -0.0591326467692852,
            "z": 0.12292090803384781
         }
      }
   },
   "center_of_rotation_point": {
      "2d": {
         "camera": {
            "right_eye": {
               "x": 508,
               "y": 309
            },
            "left_eye": {
               "x": 489,
               "y": 573
            }
         }
      },
      "3d": {
         "right_eye": {
            "x": -0.04310465604066849,
            "y": -0.04733661562204361,
            "z": 0.12095218151807785
         },
         "left_eye": {
            "x": 0.012996438890695572,
            "y": -0.05061670392751694,
            "z": 0.1248851791024208
         }
      }
   },
   "iris_circle": {
      "2d": {
         "camera": {
            "right_eye": [
               {
                  "x": 489,
                  "y": 283
               },
               {
                  "x": 493,
                  "y": 294
               },
               {
                  "x": 503,
                  "y": 302
               },
               {
                  "x": 516,
                  "y": 306
               },
               {
                  "x": 529,
                  "y": 304
               },
               {
                  "x": 537,
                  "y": 298
               },
               {
                  "x": 540,
                  "y": 287
               },
               {
                  "x": 536,
                  "y": 276
               },
               {
                  "x": 526,
                  "y": 268
               },
               {
                  "x": 513,
                  "y": 264
               },
               {
                  "x": 501,
                  "y": 266
               },
               {
                  "x": 492,
                  "y": 273
               }
            ],
            "left_eye": [
               {
                  "x": 471,
                  "y": 553
               },
               {
                  "x": 475,
                  "y": 565
               },
               {
                  "x": 484,
                  "y": 573
               },
               {
                  "x": 497,
                  "y": 577
               },
               {
                  "x": 509,
                  "y": 575
               },
               {
                  "x": 519,
                  "y": 568
               },
               {
                  "x": 521,
                  "y": 557
               },
               {
                  "x": 518,
                  "y": 545
               },
               {
                  "x": 508,
                  "y": 537
               },
               {
                  "x": 495,
                  "y": 533
               },
               {
                  "x": 482,
                  "y": 535
               },
               {
                  "x": 474,
                  "y": 542
               }
            ]
         }
      },
      "3d": {
         "right_eye": [
            {
               "x": -0.04831576347351074,
               "y": -0.05481228604912758,
               "z": 0.12485727667808533
            },
            {
               "x": -0.045969408005476,
               "y": -0.05632033571600914,
               "z": 0.12397628277540207
            },
            {
               "x": -0.04420691728591919,
               "y": -0.0570727214217186,
               "z": 0.12180474400520325
            },
            {
               "x": -0.04344673454761505,
               "y": -0.056995078921318054,
               "z": 0.119084432721138
            },
            {
               "x": -0.04381748288869858,
               "y": -0.056041643023490906,
               "z": 0.11648942530155182
            },
            {
               "x": -0.045264940708875656,
               "y": -0.05447874218225479,
               "z": 0.114637091755867
            },
            {
               "x": -0.047479525208473206,
               "y": -0.05268804356455803,
               "z": 0.11412561684846878
            },
            {
               "x": -0.04982014372944832,
               "y": -0.05116800218820572,
               "z": 0.11494636535644531
            },
            {
               "x": -0.051648978143930435,
               "y": -0.050354354083538055,
               "z": 0.11697181314229965
            },
            {
               "x": -0.05243013799190521,
               "y": -0.05042281746864319,
               "z": 0.11970088630914688
            },
            {
               "x": -0.05203739181160927,
               "y": -0.05141694098711014,
               "z": 0.12237804383039474
            },
            {
               "x": -0.0505560040473938,
               "y": -0.05301108583807945,
               "z": 0.12428801506757736
            }
         ],
         "left_eye": [
            {
               "x": 0.008654176257550716,
               "y": -0.058419547975063324,
               "z": 0.12867718935012817
            },
            {
               "x": 0.011095746420323849,
               "y": -0.05970516800880432,
               "z": 0.12787960469722748
            },
            {
               "x": 0.012888148427009583,
               "y": -0.06029878929257393,
               "z": 0.1258677989244461
            },
            {
               "x": 0.013655196875333786,
               "y": -0.060082241892814636,
               "z": 0.12318914383649826
            },
            {
               "x": 0.013296060264110565,
               "y": -0.05920669808983803,
               "z": 0.12055063247680664
            },
            {
               "x": 0.011795299127697945,
               "y": -0.057873453944921494,
               "z": 0.11861997842788696
            },
            {
               "x": 0.009418070316314697,
               "y": -0.056348711252212524,
               "z": 0.1180216372013092
            },
            {
               "x": 0.0070347292348742485,
               "y": -0.055110372602939606,
               "z": 0.11879713833332062
            },
            {
               "x": 0.00524826068431139,
               "y": -0.05452814698219299,
               "z": 0.12087874114513397
            },
            {
               "x": 0.004473975859582424,
               "y": -0.05468584597110748,
               "z": 0.12354635447263718
            },
            {
               "x": 0.004874391481280327,
               "y": -0.055556632578372955,