{
   "identity_id": "83b159d3-3897-40fd-a4af-f30d4e39c187",
   "face_expression": {
      "intensity_level": 2,
      "name": "happiness"
   },
   "facial_hair_included": false,
   "identity_label": {
      "age": "old",
      "ethnicity": "south_asian",
      "gender": "male"
   },
   "head_metadata": {
      "head_root_location": {
         "x": 0.0,
         "y": 0.0,
         "z": 0.0
      },
      "head_rotation": {
         "pitch": -10.752343338622532,
         "yaw": -33.01515369298234,
         "roll": 0.0
      },
      "head_six_dof": {
         "location": {
            "x": -0.039297427982091904,
            "y": -0.02602493204176426,
            "z": 0.1847275346517563
         },
         "look_at_vector": {
            "x": -0.5353925562190327,
            "y": -0.8237753382383612,
            "z": 0.1864108442540926
         }
      }
   },
   "apex_of_cornea_point": {
      "2d": {
         "camera_1": {
            "right_eye": {
               "x": 256,
               "y": 231
            },
            "left_eye": {
               "x": 248,
               "y": 462
            }
         }
      },
      "3d": {
         "right_eye": {
            "x": -0.061294086277484894,
            "y": -0.004375610500574112,
            "z": 0.17581801116466522
         },
         "left_eye": {
            "x": -0.010655549354851246,
            "y": -0.036486659198999405,
            "z": 0.17641422152519226
         }
      }
   },
   "center_of_rotation_point": {
      "2d": {
         "camera_1": {
            "right_eye": {
               "x": 267,
               "y": 261
            },
            "left_eye": {
               "x": 260,
               "y": 488
            }
         }
      },
      "3d": {
         "right_eye": {
            "x": -0.05502595379948616,
            "y": 0.004756108857691288,
            "z": 0.1736578494310379
         },
         "left_eye": {
            "x": -0.005258284509181976,
            "y": -0.026748444885015488,
            "z": 0.17423811554908752
         }
      }
   },
   "iris_circle": {
      "2d": {
         "camera_1": {
            "right_eye": [
               {
                  "x": 233,
                  "y": 240
               },
               {
                  "x": 236,
                  "y": 250
               },
               {
                  "x": 245,
                  "y": 256
               },
               {
                  "x": 258,
                  "y": 258
               },
               {
                  "x": 271,
                  "y": 253
               },
               {
                  "x": 281,
                  "y": 245
               },
               {
                  "x": 285,
                  "y": 234
               },
               {
                  "x": 282,
                  "y": 224
               },
               {
                  "x": 271,
                  "y": 217
               },
               {
                  "x": 259,
                  "y": 216
               },
               {
                  "x": 246,
                  "y": 220
               },
               {
                  "x": 237,
                  "y": 229
               }
            ],
            "left_eye": [
               {
                  "x": 225,
                  "y": 470
               },
               {
                  "x": 229,
                  "y": 481
               },
               {
                  "x": 238,
                  "y": 489
               },
               {
                  "x": 251,
                  "y": 491
               },
               {
                  "x": 264,
                  "y": 486
               },
               {
                  "x": 273,
                  "y": 477
               },
               {
                  "x": 277,
                  "y": 464
               },
               {
                  "x": 273,
                  "y": 453
               },
               {
                  "x": 264,
                  "y": 445
               },
               {
                  "x": 251,
                  "y": 443
               },
               {
                  "x": 238,
                  "y": 448
               },
               {
                  "x": 228,
                  "y": 458
               }
            ]
         }
      },
      "3d": {
         "right_eye": [
            {
               "x": -0.05939202755689621,
               "y": -0.001632579485885799,
               "z": 0.1808813214302063
            },
            {
               "x": -0.057180605828762054,
               "y": -0.0034207026474177837,
               "z": 0.18016794323921204
            },
            {
               "x": -0.05576439946889877,
               "y": -0.004910984076559544,
               "z": 0.17815004289150238
            },
            {
               "x": -0.05540291219949722,
               "y": -0.005786984693259001,
               "z": 0.17539578676223755
            },
            {
               "x": -0.05629127100110054,
               "y": -0.005858028773218393,
               "z": 0.17253312468528748
            },
            {
               "x": -0.05825529992580414,
               "y": -0.005052531603723764,
               "z": 0.1702893078327179
            },
            {
               "x": -0.06063460931181908,
               "y": -0.003493028460070491,
               "z": 0.16952455043792725
            },
            {
               "x": -0.06290030479431152,
               "y": -0.0016920443158596754,
               "z": 0.1702856868505478
            },
            {
               "x": -0.06446146965026855,
               "y": -9.874338866211474e-05,
               "z": 0.1725517064332962
            },
            {
               "x": -0.06479885429143906,
               "y": 0.0008092393400147557,
               "z": 0.17534229159355164
            },
            {
               "x": -0.06384974718093872,
               "y": 0.0008160388097167015,
               "z": 0.1780783087015152
            },
            {
               "x": -0.06186196953058243,
               "y": -0.00010545685654506087,
               "z": 0.1800839751958847
            }
         ],
         "left_eye": [
            {
               "x": -0.009009971283376217,
               "y": -0.03361627459526062,
               "z": 0.18148840963840485
            },
            {
               "x": -0.006580650806427002,
               "y": -0.03511841967701912,
               "z": 0.1805875599384308
            },
            {
               "x": -0.004928473848849535,
               "y": -0.036509186029434204,
               "z": 0.17845681309700012
            },
            {
               "x": -0.004484148696064949,
               "y": -0.037334464490413666,
               "z": 0.17576688528060913
            },
            {
               "x": -0.0054687377996742725,
               "y": -0.03741651028394699,
               "z": 0.17296044528484344
            },
            {
               "x": -0.0075743612833321095,
               "y": -0.03673854470252991,
               "z": 0.170987069606781
            },
            {
               "x": -0.010191102512180805,
               "y": -0.03553041070699692,
               "z": 0.17029018700122833
            },
            {
               "x": -0.012693882919847965,
               "y": -0.03395608812570572,
               "z": 0.17113259434700012
            },
            {
               "x": -0.01436863373965025,
               "y": -0.03251558542251587,
               "z": 0.17311996221542358
            },
            {
               "x": -0.0147721441462636,
               "y": -0.03167685121297836,
               "z": 0.17598162591457367
            },
            {
               "x": -0.013747024349868298,
               "y": -0.03157014399766922,