{
   "keypoints_3d_coordinates": {
      "1": [
         -0.06688325107097626,
         0.021050475537776947,
         0.15033721923828125
      ],
      "2": [
         -0.06748722493648529,
         0.015985626727342606,
         0.13194561004638672
      ],
      "3": [
         -0.06638433784246445,
         0.015933740884065628,
         0.1133279800415039
      ],
      "4": [
         -0.06183776631951332,
         0.01373806968331337,
         0.09121108055114746
      ],
      "5": [
         -0.055031366646289825,
         0.0059135425835847855,
         0.0743180513381958
      ],
      "6": [
         -0.0469752736389637,
         -0.007216396741569042,
         0.06409323215484619
      ],
      "7": [
         -0.036937810480594635,
         -0.016612058505415916,
         0.05434823036193848
      ],
      "8": [
         -0.026047486811876297,
         -0.025403928011655807,
         0.04551374912261963
      ],
      "9": [
         -0.0019377709832042456,
         -0.02964240126311779,
         0.036633968353271484
      ],
      "10": [
         0.021699687466025352,
         -0.0248968917876482,
         0.04700613021850586
      ],
      "11": [
         0.033278316259384155,
         -0.01632126420736313,
         0.0557481050491333
      ],
      "12": [
         0.043231938034296036,
         -0.006892112083733082,
         0.06571555137634277
      ],
      "13": [
         0.051087651401758194,
         0.00628112256526947,
         0.07636106014251709
      ],
      "14": [
         0.057614535093307495,
         0.014232832938432693,
         0.09361588954925537
      ],
      "15": [
         0.06143776327371597,
         0.01646488532423973,
         0.11535227298736572
      ],
      "16": [
         0.06314700096845627,
         0.017254356294870377,
         0.13383686542510986
      ],
      "17": [
         0.061582647264003754,
         0.02289806306362152,
         0.1518789529800415
      ],
      "18": [
         -0.049076713621616364,
         -0.025952575728297234,
         0.17126309871673584
      ],
      "19": [
         -0.045617666095495224,
         -0.029373176395893097,
         0.1738356351852417
      ],
      "20": [
         -0.03796866536140442,
         -0.03584383800625801,
         0.17714965343475342
      ],
      "21": [
         -0.028736162930727005,
         -0.04093843698501587,
         0.17772865295410156
      ],
      "22": [
         -0.018371064215898514,
         -0.04486773535609245,
         0.1754300594329834
      ],
      "23": [
         0.015331236645579338,
         -0.04422643780708313,
         0.17641007900238037
      ],
      "24": [
         0.026143034920096397,
         -0.040503837168216705,
         0.1789686679840088
      ],
      "25": [
         0.035448335111141205,
         -0.03568873554468155,
         0.17853963375091553
      ],
      "26": [
         0.043350834399461746,
         -0.02959202602505684,
         0.1752856969833374
      ],
      "27": [
         0.046284884214401245,
         -0.026051776483654976,
         0.1726231575012207
      ],
      "28": [
         -0.0017136639216914773,
         -0.04537736997008324,
         0.1590508222579956
      ],
      "29": [
         -0.0018313031177967787,
         -0.050900064408779144,
         0.14396941661834717
      ],
      "30": [
         -0.001992527861148119,
         -0.05645708739757538,
         0.1370255947113037
      ],
      "31": [
         -0.0022835531271994114,
         -0.06532652676105499,
         0.12639546394348145
      ],
      "32": [
         -0.017569316551089287,
         -0.049223415553569794,
         0.10902631282806396
      ],
      "33": [
         -0.01035091932862997,
         -0.053518664091825485,
         0.10814154148101807
      ],
      "34": [
         -0.0020540915429592133,
         -0.05548899993300438,
         0.1088263988494873
      ],
      "35": [
         0.006386018358170986,
         -0.0534004308283329,
         0.10821247100830078
      ],
      "36": [
         0.014105670154094696,
         -0.049514345824718475,
         0.10915195941925049
      ],
      "37": [
         -0.0408034548163414,
         -0.03402579948306084,
         0.15096771717071533
      ],
      "38": [
         -0.03443892300128937,
         -0.04096090421080589,
         0.1567898988723755
      ],
      "39": [
         -0.02412400394678116,
         -0.04111383110284805,
         0.1564856767654419
      ],
      "40": [
         -0.016635876148939133,
         -0.038171425461769104,
         0.14934134483337402
      ],
      "41": [
         -0.023632846772670746,
         -0.04094978794455528,
         0.1475811004638672
      ],
      "42": [
         -0.034176092594861984,
         -0.03979339823126793,
         0.1475926637649536
      ],
      "43": [
         0.014174090698361397,
         -0.038595691323280334,
         0.15000474452972412
      ],
      "44": [
         0.02097947709262371,
         -0.041116341948509216,
         0.15782737731933594
      ],
      "45": [
         0.03171123191714287,
         -0.040366992354393005,
         0.15861594676971436
      ],
      "46": [
         0.03774590790271759,
         -0.033868975937366486,
         0.15256476402282715
      ],
      "47": [
         0.03213584050536156,
         -0.039577171206474304,
         0.14918887615203857
      ],
      "48": [
         0.021882666274905205,
         -0.04074037820100784,
         0.14893639087677002
      ],
      "49": [
         -0.02258235402405262,
         -0.04647986590862274,
         0.07947909832000732
      ],
      "50": [
         -0.019689949229359627,
         -0.05323312059044838,
         0.08847546577453613
      ],
      "51": [
         -0.01247765775769949,
         -0.05893521383404732,
         0.0962754487991333
      ],
      "52": [
         -0.002007012953981757,
         -0.06173008307814598,
         0.09745895862579346
      ],
      "53": [
         0.008256216533482075,
         -0.05888314172625542,
         0.09595048427581787
      ],
      "54": [
         0.015125153586268425,
         -0.05325578153133392,
         0.08859741687774658
      ],
      "55": [
         0.018056033179163933,
         -0.0467134453356266,
         0.07945466041564941
      ],
      "56": [
         0.015566939488053322,
         -0.04879973828792572,
         0.06972289085388184
      ],
      "57": [
         0.007944157347083092,
         -0.05198439583182335,
         0.061978697776794434
      ],
      "58": [
         -0.0024654576554894447,
         -0.05371442809700966,
         0.05903327465057373
      ],
      "59": [
         -0.012877690605819225,
         -0.05267852544784546,
         0.061956048011779785
      ],
      "60": [
         -0.020132040604948997,
         -0.04904382675886154,
         0.06969141960144043
      ],
      "61": [
         -0.021655835211277008,
         -0.043180499225854874,
         0.07965993881225586
      ],
      "62": [
         -0.010154945775866508,
         -0.05365843325853348,
         0.08838748931884766
      ],
      "63": [
         -0.0021723539102822542,
         -0.054851800203323364,
         0.08915150165557861
      ],
      "64": [
         0.00654539093375206,
         -0.053554993122816086,
         0.08870851993560791
      ],
      "65": [
         0.016759438440203667,
         -0.043265871703624725,
         0.07985985279083252
      ],
      "66": [
         0.006320357322692871,
         -0.04953787475824356,
         0.06999802589416504
      ],
      "67": [
         -0.0019231010228395462,
         -0.050967492163181305,
         0.06856465339660645
      ],
      "68": [
         -0.01080089621245861,
         -0.05001591891050339,
         0.07006895542144775
      ]
   },
   "keypoints_2d_coordinates": {
      "1": [
         47,
         26
      ],
      "2": [
         57,
         26
      ],
      "3": [
         68,
         26
      ],