{
   "face_expression": {
      "intensity_level": 1,
      "name": "happiness"
   },
   "identity_label": {
      "age": "adult",
      "ethnicity": "southeast_asian",
      "gender": "male"
   },
   "facial_hair_included": false,
   "identity_id": "1544b5d8-2e90-4cd6-9ba2-136204e46a1d",
   "head_metadata": {
      "head_root_location": {
         "x": 0.0,
         "y": 0.0,
         "z": 0.0
      },
      "head_rotation": {
         "pitch": -11.628474755348517,
         "yaw": 16.61665325998898,
         "roll": 0.0
      },
      "head_six_dof": {
         "location": {
            "x": 0.01941787078976631,
            "y": -0.024149378761649132,
            "z": 0.15424761176109314
         },
         "look_at_vector": {
            "x": 0.2801531779384075,
            "y": -0.9385636804003248,
            "z": 0.201525221062794
         }
      }
   },
   "apex_of_cornea_point": {
      "2d": {
         "camera_1": {
            "right_eye": {
               "x": 380,
               "y": 471
            },
            "left_eye": {
               "x": 383,
               "y": 701
            }
         }
      },
      "3d": {
         "right_eye": {
            "x": -0.008895741775631905,
            "y": -0.020854918286204338,
            "z": 0.14842510223388672
         },
         "left_eye": {
            "x": 0.04114415869116783,
            "y": -0.0062764654867351055,
            "z": 0.14802397787570953
         }
      }
   },
   "center_of_rotation_point": {
      "2d": {
         "camera_1": {
            "right_eye": {
               "x": 390,
               "y": 462
            },
            "left_eye": {
               "x": 393,
               "y": 686
            }
         }
      },
      "3d": {
         "right_eye": {
            "x": -0.01093011163175106,
            "y": -0.011268913745880127,
            "z": 0.14641766250133514
         },
         "left_eye": {
            "x": 0.03816904127597809,
            "y": 0.003129449672996998,
            "z": 0.1460554003715515
         }
      }
   },
   "iris_circle": {
      "2d": {
         "camera_1": {
            "right_eye": [
               {
                  "x": 359,
                  "y": 468
               },
               {
                  "x": 362,
                  "y": 480
               },
               {
                  "x": 370,
                  "y": 489
               },
               {
                  "x": 382,
                  "y": 493
               },
               {
                  "x": 393,
                  "y": 491
               },
               {
                  "x": 402,
                  "y": 482
               },
               {
                  "x": 405,
                  "y": 470
               },
               {
                  "x": 402,
                  "y": 458
               },
               {
                  "x": 393,
                  "y": 449
               },
               {
                  "x": 382,
                  "y": 445
               },
               {
                  "x": 371,
                  "y": 448
               },
               {
                  "x": 362,
                  "y": 456
               }
            ],
            "left_eye": [
               {
                  "x": 362,
                  "y": 697
               },
               {
                  "x": 366,
                  "y": 708
               },
               {
                  "x": 374,
                  "y": 717
               },
               {
                  "x": 386,
                  "y": 721
               },
               {
                  "x": 397,
                  "y": 719
               },
               {
                  "x": 405,
                  "y": 711
               },
               {
                  "x": 408,
                  "y": 700
               },
               {
                  "x": 405,
                  "y": 688
               },
               {
                  "x": 396,
                  "y": 679
               },
               {
                  "x": 385,
                  "y": 675
               },
               {
                  "x": 374,
                  "y": 677
               },
               {
                  "x": 365,
                  "y": 685
               }
            ]
         }
      },
      "3d": {
         "right_eye": [
            {
               "x": -0.009573676623404026,
               "y": -0.01796300895512104,
               "z": 0.1531410664319992
            },
            {
               "x": -0.006911410018801689,
               "y": -0.017539069056510925,
               "z": 0.15248169004917145
            },
            {
               "x": -0.004907029215246439,
               "y": -0.017513692378997803,
               "z": 0.1506780982017517
            },
            {
               "x": -0.004078717902302742,
               "y": -0.017860563471913338,
               "z": 0.14818651974201202
            },
            {
               "x": -0.004617535974830389,
               "y": -0.0184517540037632,
               "z": 0.1457328051328659
            },
            {
               "x": -0.006432534661144018,
               "y": -0.01921761780977249,
               "z": 0.1438496708869934
            },
            {
               "x": -0.008976772427558899,
               "y": -0.01992291398346424,
               "z": 0.14311997592449188
            },
            {
               "x": -0.011615991592407227,
               "y": -0.02035299316048622,
               "z": 0.14377343654632568
            },
            {
               "x": -0.013655474409461021,
               "y": -0.020405951887369156,
               "z": 0.1455991417169571
            },
            {
               "x": -0.014484611339867115,
               "y": -0.020045161247253418,
               "z": 0.1479824036359787
            },
            {
               "x": -0.013919503428041935,
               "y": -0.019390342757105827,
               "z": 0.15045402944087982
            },
            {
               "x": -0.01210210844874382,
               "y": -0.01865306682884693,
               "z": 0.15237528085708618
            }
         ],
         "left_eye": [
            {
               "x": 0.040260594338178635,
               "y": -0.003319806419312954,
               "z": 0.1526462584733963
            },
            {
               "x": 0.04281342402100563,
               "y": -0.0026522628031671047,
               "z": 0.1519596427679062
            },
            {
               "x": 0.04476848244667053,
               "y": -0.002403966849669814,
               "z": 0.15004798769950867
            },
            {
               "x": 0.045649927109479904,
               "y": -0.002688832813873887,
               "z": 0.1475081443786621
            },
            {
               "x": 0.04508261755108833,
               "y": -0.0033950612414628267,
               "z": 0.14509928226470947
            },
            {
               "x": 0.043304961174726486,
               "y": -0.004339811857789755,
               "z": 0.1432756930589676
            },
            {
               "x": 0.04084385931491852,
               "y": -0.005280287470668554,
               "z": 0.14260581135749817
            },
            {
               "x": 0.0382595919072628,
               "y": -0.005983244627714157,
               "z": 0.14329920709133148
            },
            {
               "x": 0.03631763532757759,
               "y": -0.006221665069460869,
               "z": 0.14514505863189697
            },
            {
               "x": 0.03549319878220558,
               "y": -0.005929258186370134,
               "z": 0.14763906598091125
            },
            {
               "x": 0.03601060062646866,
               "y": -0.005225232802331448,