{
   "version": "1.0.0",
   "eye_gaze": {
      "axis_directions": {
         "right_eye": {
            "axis_directions": {
               "visual_axis_direction": {
                  "x": 0.3181894870805489,
                  "y": -0.9342669206900863,
                  "z": 0.16093716542701053
               },
               "optical_axis_direction": {
                  "x": 0.2563788393633319,
                  "y": -0.9525039324401481,
                  "z": 0.16433547825337216
               }
            }
         },
         "left_eye": {
            "axis_directions": {
               "visual_axis_direction": {
                  "x": 0.7774544337051263,
                  "y": -0.6190858951617423,
                  "z": 0.11089300214181955
               },
               "optical_axis_direction": {
                  "x": 0.3391845208471565,
                  "y": -0.9258212921849017,
                  "z": 0.16675969463501586
               }
            }
         }
      },
      "target_point": {
         "right_eye": {
            "x": 4.317745685577393,
            "y": -14.072234153747559,
            "z": 3.0846080780029297
         },
         "left_eye": {
            "x": 4.317745685577393,
            "y": -14.072234153747559,
            "z": 3.0846080780029297
         }
      },
      "eye_gaze_direction_type": "custom"
   },
   "accessories": [],
   "identity_id": "849ef3e3-6a79-43a0-a6d6-e7a206888aac",
   "head_metadata": {
      "head_six_dof": {
         "location": {
            "x": 0.036610133945941925,
            "y": -0.01980304718017578,
            "z": 0.19812409579753876
         },
         "look_at_vector": {
            "x": 0.28596660793452966,
            "y": -0.9385801055700151,
            "z": 0.19310744308440886
         }
      },
      "head_root_location": {
         "x": 0.0,
         "y": 0.0,
         "z": 0.0
      },
      "head_rotation": {
         "yaw": 16.61665325998898,
         "roll": 0.0,
         "pitch": -11.628474755348517
      }
   },
   "face_expression": {
      "intensity_level": 1.8,
      "name": "happiness"
   },
   "iris_circle": {
      "2d": {
         "camera": {
            "right_eye": [
               {
                  "x": 217.98027043497132,
                  "y": 521.5006297231538
               },
               {
                  "x": 221.6938882487288,
                  "y": 532.7689477660933
               },
               {
                  "x": 230.47260500427325,
                  "y": 540.9864025290806
               },
               {
                  "x": 241.97194318234816,
                  "y": 543.9603987997754
               },
               {
                  "x": 253.12477927963494,
                  "y": 540.8882974615532
               },
               {
                  "x": 260.9406044849598,
                  "y": 532.590618322394
               },
               {
                  "x": 263.3205442077557,
                  "y": 521.2780620094098
               },
               {
                  "x": 259.62077850045773,
                  "y": 509.98599238462316
               },
               {
                  "x": 250.82337849006908,
                  "y": 501.7461546404891
               },
               {
                  "x": 239.29462657637382,
                  "y": 498.774909216015
               },
               {
                  "x": 228.13520565141314,
                  "y": 501.87090743280356
               },
               {
                  "x": 220.33735347862583,
                  "y": 510.19225141542984
               }
            ],
            "left_eye": [
               {
                  "x": 233.99559184144198,
                  "y": 751.1410137280982
               },
               {
                  "x": 237.88355543519057,
                  "y": 761.9112360079176
               },
               {
                  "x": 246.74651995408271,
                  "y": 769.8198109697448
               },
               {
                  "x": 258.21684989299604,
                  "y": 772.759295919029
               },
               {
                  "x": 269.2341249388636,
                  "y": 769.9416495015884
               },
               {
                  "x": 276.8500005290879,
                  "y": 762.1096976015848
               },
               {
                  "x": 279.01969731592277,
                  "y": 751.3551804726801
               },
               {
                  "x": 275.14817620616,
                  "y": 740.5585839364923
               },
               {
                  "x": 266.26644389023704,
                  "y": 732.6206587515018
               },
               {
                  "x": 254.76111209637827,
                  "y": 729.6798908498284
               },
               {
                  "x": 243.72879538059044,
                  "y": 732.5269923040187
               },
               {
                  "x": 236.1317530414199,
                  "y": 740.3868864323655
               }
            ]
         }
      },
      "3d": {
         "right_eye": [
            {
               "x": 0.0025660705287009478,
               "y": -0.019354557618498802,
               "z": 0.19941319525241852
            },
            {
               "x": 0.00561189791187644,
               "y": -0.018702680245041847,
               "z": 0.1984425038099289
            },
            {
               "x": 0.007833246141672134,
               "y": -0.018512653186917305,
               "z": 0.1960795819759369
            },
            {
               "x": 0.008635167963802814,
               "y": -0.018836185336112976,
               "z": 0.1929570883512497
            },
            {
               "x": 0.007801440544426441,
               "y": -0.019585072994232178,
               "z": 0.1899106502532959
            },
            {
               "x": 0.005557177122682333,
               "y": -0.02056005224585533,
               "z": 0.18775811791419983
            },
            {
               "x": 0.002502555726096034,
               "y": -0.0214993916451931,
               "z": 0.1870758831501007
            },
            {
               "x": -0.0005430104210972786,
               "y": -0.022151419892907143,
               "z": 0.1880456954240799
            },
            {
               "x": -0.0027642783243209124,
               "y": -0.02234051749110222,
               "z": 0.19040918350219727
            },
            {
               "x": -0.0035660103894770145,
               "y": -0.022017402574419975,
               "z": 0.19353221356868744
            },
            {
               "x": -0.0027325034607201815,
               "y": -0.02126787044107914,
               "z": 0.19657759368419647
            },
            {
               "x": -0.0004879734478890896,
               "y": -0.02029341645538807,
               "z": 0.1987297683954239
            }
         ],
         "left_eye": [
            {
               "x": 0.06530153751373291,
               "y": -0.0019601404201239347,
               "z": 0.19591385126113892
            },
            {
               "x": 0.06828106939792633,
               "y": -0.0010576753411442041,
               "z": 0.1948944479227066
            },
            {
               "x": 0.07045774161815643,
               "y": -0.0006971916882321239,
               "z": 0.19248923659324646
            },
            {
               "x": 0.07124867290258408,
               "y": -0.0009750259341672063,
               "z": 0.18934254348278046
            },
            {
               "x": 0.07044165581464767,
               "y": -0.0018175753066316247,
               "z": 0.18629728257656097
            },
            {
               "x": 0.06825236976146698,
               "y": -0.0029979594983160496,