{
   "version": "1.0.0",
   "eyelid_closure_intensity_level": 0,
   "center_of_pupil_point": {
      "2d": {
         "camera": {
            "right_eye": {
               "x": 47.48630949951746,
               "y": 43.87374481871998
            },
            "left_eye": {
               "x": 47.569729815852,
               "y": 79.4179066512648
            }
         }
      },
      "3d": {
         "right_eye": {
            "x": -0.033839620649814606,
            "y": -0.061141062527894974,
            "z": 0.14776557683944702
         },
         "left_eye": {
            "x": 0.025884142145514488,
            "y": -0.063457190990448,
            "z": 0.1475837379693985
         }
      }
   },
   "eye_gaze": {
      "axis_directions": {
         "right_eye": {
            "axis_directions": {
               "visual_axis_direction": {
                  "x": -0.40996352495135424,
                  "y": -0.896397318484558,
                  "z": 0.1685282042364254
               },
               "optical_axis_direction": {
                  "x": -0.46707538538348314,
                  "y": -0.8682794341633793,
                  "z": 0.16712692355749473
               }
            }
         },
         "left_eye": {
            "axis_directions": {
               "visual_axis_direction": {
                  "x": -0.42560472164496677,
                  "y": -0.8890205346314777,
                  "z": 0.16882864068952227
               },
               "optical_axis_direction": {
                  "x": -0.446557416201455,
                  "y": -0.8807347464143375,
                  "z": 0.15777446084190336
               }
            }
         }
      },
      "target_point": {
         "right_eye": {
            "x": -0.2568351626396179,
            "y": -0.5351060032844543,
            "z": 0.21628791093826294
         },
         "left_eye": {
            "x": -0.2568351626396179,
            "y": -0.5351060032844543,
            "z": 0.21628791093826294
         }
      },
      "eye_gaze_direction_type": "custom"
   },
   "identity_label": {
      "age": "old",
      "ethnicity": "south_asian",
      "gender": "female"
   },
   "accessories": [],
   "face_expression": {
      "name": "surprise",
      "intensity_level": 2.8491474083671564
   },
   "facial_hair_included": false,
   "head_metadata": {
      "head_six_dof": {
         "location": {
            "x": -0.00010728835331974551,
            "y": -0.07533764839172363,
            "z": 0.15519380569458008
         },
         "look_at_vector": {
            "x": 8.74227803627227e-08,
            "y": -0.9999999999999962,
            "z": 9.553428304548457e-16
         }
      },
      "head_rotation": {
         "pitch": 0.0,
         "roll": 0.0,
         "yaw": 0.0
      },
      "head_root_location": {
         "x": 0.0,
         "y": 0.0,
         "z": 0.0
      }
   },
   "iris_circle": {
      "2d": {
         "camera": {
            "right_eye": [
               {
                  "x": 43.6479754778344,
                  "y": 43.92039439469732
               },
               {
                  "x": 44.060893695539804,
                  "y": 45.57648285662297
               },
               {
                  "x": 45.38078321281376,
                  "y": 46.743738810031545
               },
               {
                  "x": 47.254520789404694,
                  "y": 47.106940641645316
               },
               {
                  "x": 49.178399713546156,
                  "y": 46.567123557334384
               },
               {
                  "x": 50.63469970306735,
                  "y": 45.26935697070368
               },
               {
                  "x": 51.23113301299678,
                  "y": 43.56374671288871
               },
               {
                  "x": 50.81043174485645,
                  "y": 41.909740806674186
               },
               {
                  "x": 49.48789381660686,
                  "y": 40.74895301041455
               },
               {
                  "x": 47.61902966207491,
                  "y": 40.390797994670805
               },
               {
                  "x": 45.702699650061376,
                  "y": 40.928946150611594
               },
               {
                  "x": 44.249603266982355,
                  "y": 42.220327122899825
               }
            ],
            "left_eye": [
               {
                  "x": 43.62259159114996,
                  "y": 79.47839089595061
               },
               {
                  "x": 44.07591112340833,
                  "y": 81.23381311339891
               },
               {
                  "x": 45.454546337581725,
                  "y": 82.4735573814337
               },
               {
                  "x": 47.38973753371492,
                  "y": 82.86216037102571
               },
               {
                  "x": 49.361831345567346,
                  "y": 82.29422357670602
               },
               {
                  "x": 50.83897635282083,
                  "y": 80.92189276697277
               },
               {
                  "x": 51.42457868127711,
                  "y": 79.11627707504456
               },
               {
                  "x": 50.96352609124842,
                  "y": 77.36265275591217
               },
               {
                  "x": 49.582336220986036,
                  "y": 76.1301125904785
               },
               {
                  "x": 47.65191855310233,
                  "y": 75.74666772768322
               },
               {
                  "x": 45.687607225933974,
                  "y": 76.31286087361734
               },
               {
                  "x": 44.21328452655801,
                  "y": 77.67794001190975
               }
            ]
         }
      },
      "3d": {
         "right_eye": [
            {
               "x": -0.03377612307667732,
               "y": -0.060460202395915985,
               "z": 0.1542343646287918
            },
            {
               "x": -0.0309570524841547,
               "y": -0.062116771936416626,
               "z": 0.15350370109081268
            },
            {
               "x": -0.028967397287487984,
               "y": -0.0636184960603714,
               "z": 0.15125533938407898
            },
            {
               "x": -0.028340298682451248,
               "y": -0.06456153839826584,
               "z": 0.14809271693229675
            },
            {
               "x": -0.029243381693959236,
               "y": -0.0646943747997284,
               "z": 0.14486300945281982
            },
            {
               "x": -0.03143497556447983,
               "y": -0.06398046016693115,
               "z": 0.14243051409721375
            },
            {
               "x": -0.03432799503207207,
               "y": -0.06261208653450012,
               "z": 0.14144863188266754
            },
            {
               "x": -0.037146326154470444,
               "y": -0.06095486506819725,
               "z": 0.1421791911125183
            },
            {
               "x": -0.03913642093539238,
               "y": -0.05945321172475815,
               "z": 0.14442694187164307
            },
            {
               "x": -0.03976360708475113,
               "y": -0.05850980803370476,
               "z": 0.1475895196199417
            },
            {
               "x": -0.03886057808995247,
               "y": -0.05837720260024071,
               "z": 0.15081973373889923
            },
            {
               "x": -0.03666840121150017,
               "y": -0.059091247618198395,
               "z": 0.15325190126895905
            }
         ],
         "left_eye": [
            {
               "x": 0.025995798408985138,
               "y": -0.0628591999411583,