{
   "version": "1.0.0",
   "eyelid_closure_intensity_level": 4,
   "accessories": [],
   "facial_hair_included": false,
   "identity_id": "9c9e34fa-6575-4f6b-acbc-04cbd8053196",
   "center_of_rotation_point": {
      "2d": {
         "camera": {
            "right_eye": {
               "x": 43.51501708474897,
               "y": 46.495296327766
            },
            "left_eye": {
               "x": 43.874754570930385,
               "y": 82.33189644638428
            }
         }
      },
      "3d": {
         "right_eye": {
            "x": -0.029758676886558533,
            "y": -0.04405172914266586,
            "z": 0.15482527017593384
         },
         "left_eye": {
            "x": 0.03116440214216709,
            "y": -0.04407842084765434,
            "z": 0.15421311557292938
         }
      }
   },
   "center_of_iris_point": {
      "2d": {
         "camera": {
            "right_eye": {
               "x": 44.33278286723526,
               "y": 49.03412723146636
            },
            "left_eye": {
               "x": 44.74504356179079,
               "y": 84.9290627950421
            }
         }
      },
      "3d": {
         "right_eye": {
            "x": -0.025280404835939407,
            "y": -0.053968723863363266,
            "z": 0.15322193503379822
         },
         "left_eye": {
            "x": 0.035356201231479645,
            "y": -0.053848251700401306,
            "z": 0.1525280773639679
         }
      }
   },
   "center_of_pupil_point": {
      "2d": {
         "camera": {
            "right_eye": {
               "x": 44.302670845755465,
               "y": 48.94002758050851
            },
            "left_eye": {
               "x": 44.71274648770562,
               "y": 84.83254136780404
            }
         }
      },
      "3d": {
         "right_eye": {
            "x": -0.025445379316806793,
            "y": -0.053602807223796844,
            "z": 0.15328067541122437
         },
         "left_eye": {
            "x": 0.03520134463906288,
            "y": -0.053487978875637054,
            "z": 0.15259023010730743
         }
      }
   },
   "identity_label": {
      "age": "young",
      "ethnicity": "hispanic",
      "gender": "female"
   },
   "face_expression": {
      "name": "sadness",
      "intensity_level": 4.178487418968781
   },
   "eye_gaze": {
      "axis_directions": {
         "right_eye": {
            "axis_directions": {
               "visual_axis_direction": {
                  "x": 0.4647665347421168,
                  "y": -0.8737099124097562,
                  "z": -0.14360730183643478
               },
               "optical_axis_direction": {
                  "x": 0.40699901137635924,
                  "y": -0.9017964004477264,
                  "z": -0.1453102091327037
               }
            }
         },
         "left_eye": {
            "axis_directions": {
               "visual_axis_direction": {
                  "x": 0.12667631895873593,
                  "y": -0.9798213364947506,
                  "z": -0.15460678757643634
               },
               "optical_axis_direction": {
                  "x": 0.3894450623220778,
                  "y": -0.9076637074300399,
                  "z": -0.15645810189091508
               }
            }
         }
      },
      "target_point": {
         "right_eye": {
            "x": 0.1375013142824173,
            "y": -0.33339372277259827,
            "z": 0.09712852537631989
         },
         "left_eye": {
            "x": 0.1375013142824173,
            "y": -0.33339372277259827,
            "z": 0.09712852537631989
         }
      },
      "eye_gaze_direction_type": "custom"
   },
   "apex_of_cornea_point": {
      "2d": {
         "camera": {
            "right_eye": {
               "x": 44.55516681153091,
               "y": 49.72650180674139
            },
            "left_eye": {
               "x": 44.983062551322384,
               "y": 85.63977600321161
            }
         }
      },
      "3d": {
         "right_eye": {
            "x": -0.024068988859653473,
            "y": -0.056652504950761795,
            "z": 0.15278926491737366
         },
         "left_eye": {
            "x": 0.03649411350488663,
            "y": -0.056500982493162155,
            "z": 0.15207086503505707
         }
      }
   },
   "head_metadata": {
      "head_root_location": {
         "x": 0.0,
         "y": 0.0,
         "z": 0.0
      },
      "head_six_dof": {
         "location": {
            "x": 0.0005106923636049032,
            "y": -0.07269901782274246,
            "z": 0.16231119632720947
         },
         "look_at_vector": {
            "x": 8.74227803627227e-08,
            "y": -0.9999999999999962,
            "z": 9.553428304548457e-16
         }
      },
      "head_rotation": {
         "roll": 0.0,
         "pitch": 0.0,
         "yaw": 0.0
      }
   },
   "iris_circle": {
      "2d": {
         "camera": {
            "right_eye": [
               {
                  "x": 39.97323597052781,
                  "y": 49.194174715200035
               },
               {
                  "x": 40.51933609950605,
                  "y": 51.19582053030269
               },
               {
                  "x": 42.08711823352734,
                  "y": 52.62240016231549
               },
               {
                  "x": 44.25548782115859,
                  "y": 53.09419927772121
               },
               {
                  "x": 46.444969043107704,
                  "y": 52.48704042592533
               },
               {
                  "x": 48.0724709000858,
                  "y": 50.96296789418796
               },
               {
                  "x": 48.70335570937277,
                  "y": 48.92782407164448
               },
               {
                  "x": 48.166295520350175,
                  "y": 46.92414279635724
               },
               {
                  "x": 46.601545823550225,
                  "y": 45.48970065470743
               },
               {
                  "x": 44.42787968417616,
                  "y": 45.011704401368654
               },
               {
                  "x": 42.22925764796611,
                  "y": 45.62065843556432
               },
               {
                  "x": 40.59811303158999,
                  "y": 47.15257773358671
               }
            ],
            "left_eye": [
               {
                  "x": 40.48111999524436,
                  "y": 85.08793291772764
               },
               {
                  "x": 40.99488653482676,
                  "y": 87.03281903969042
               },
               {
                  "x": 42.51342731060028,
                  "y": 88.4182332444451
               },
               {
                  "x": 44.62898209558033,
                  "y": 88.87576276640652
               },
               {
                  "x": 46.77639606485402,
                  "y": 88.28466848048281
               },
               {
                  "x": 48.38367853556296,
                  "y": 86.80327130179265
               },
               {
                  "x": 49.02108128157461,
                  "y": 84.82565257156945
               },
               {
                  "x": 48.51599497816209,
                  "y": 82.87963575145248
               },
               {
                  "x": 47.00096308500547,
                  "y": 81.48705069597108
               },
               {
                  "x": 44.88027364356611,
                  "y": 81.02378122699888
               },
               {
                  "x": 42.72416057421134,
                  "y": 81.61583235401179
               },
               {
                  "x": 41.11356998439728,
                  "y": 83.10443544521846
               }
            ]
         }
      },
      "3d": {
         "right_eye": [
            {
               "x": -0.024990947917103767,