{
   "keypoints_3d_coordinates": {
      "1": [
         -0.08013181388378143,
         0.038788214325904846,
         0.16442763805389404
      ],
      "2": [
         -0.0787728801369667,
         0.03528687357902527,
         0.14267146587371826
      ],
      "3": [
         -0.07821754366159439,
         0.033839285373687744,
         0.12126851081848145
      ],
      "4": [
         -0.07387545704841614,
         0.02835230529308319,
         0.0970454216003418
      ],
      "5": [
         -0.0645035058259964,
         0.01653958484530449,
         0.08064448833465576
      ],
      "6": [
         -0.05574144423007965,
         -0.003124594921246171,
         0.07252383232116699
      ],
      "7": [
         -0.042986784130334854,
         -0.016995694488286972,
         0.06570100784301758
      ],
      "8": [
         -0.028506290167570114,
         -0.03273937478661537,
         0.06291162967681885
      ],
      "9": [
         -0.0012435982935130596,
         -0.04439552500844002,
         0.06006205081939697
      ],
      "10": [
         0.025743786245584488,
         -0.03216174989938736,
         0.06405603885650635
      ],
      "11": [
         0.04069693386554718,
         -0.01670815423130989,
         0.06655347347259521
      ],
      "12": [
         0.053668901324272156,
         -0.0027265173848718405,
         0.07379543781280518
      ],
      "13": [
         0.06251788139343262,
         0.0168633833527565,
         0.08221566677093506
      ],
      "14": [
         0.07088634371757507,
         0.02899714931845665,
         0.09843957424163818
      ],
      "15": [
         0.07449845224618912,
         0.03407379984855652,
         0.1227269172668457
      ],
      "16": [
         0.07391611486673355,
         0.0360405296087265,
         0.14424049854278564
      ],
      "17": [
         0.07424906641244888,
         0.039633240550756454,
         0.1658318042755127
      ],
      "18": [
         -0.050716008991003036,
         -0.021185535937547684,
         0.18383479118347168
      ],
      "19": [
         -0.04750360921025276,
         -0.022668134421110153,
         0.1885547637939453
      ],
      "20": [
         -0.03903570771217346,
         -0.02717883512377739,
         0.19062471389770508
      ],
      "21": [
         -0.02912500873208046,
         -0.030465034767985344,
         0.19010472297668457
      ],
      "22": [
         -0.018014809116721153,
         -0.03164713457226753,
         0.18788468837738037
      ],
      "23": [
         0.011576691642403603,
         -0.03155113756656647,
         0.18841469287872314
      ],
      "24": [
         0.02284439280629158,
         -0.02966403402388096,
         0.19114470481872559
      ],
      "25": [
         0.03296569362282753,
         -0.02619723416864872,
         0.19192469120025635
      ],
      "26": [
         0.041955992579460144,
         -0.022030234336853027,
         0.19018471240997314
      ],
      "27": [
         0.04551319032907486,
         -0.020763235166668892,
         0.18553471565246582
      ],
      "28": [
         -0.003130774712190032,
         -0.031249690800905228,
         0.17924368381500244
      ],
      "29": [
         -0.0032060397788882256,
         -0.03793034330010414,
         0.16701233386993408
      ],
      "30": [
         -0.0034431437961757183,
         -0.04474303498864174,
         0.15724480152130127
      ],
      "31": [
         -0.003753584809601307,
         -0.05394039675593376,
         0.14418554306030273
      ],
      "32": [
         -0.019456833600997925,
         -0.03276357799768448,
         0.12879860401153564
      ],
      "33": [
         -0.011619054712355137,
         -0.03820518031716347,
         0.12799787521362305
      ],
      "34": [
         -0.0025641145184636116,
         -0.041197922080755234,
         0.12750458717346191
      ],
      "35": [
         0.006617389619350433,
         -0.03812836855649948,
         0.1283862590789795
      ],
      "36": [
         0.014930712059140205,
         -0.03318782150745392,
         0.12900006771087646
      ],
      "37": [
         -0.045975200831890106,
         -0.014368994161486626,
         0.1688786745071411
      ],
      "38": [
         -0.038349129259586334,
         -0.022504519671201706,
         0.17130804061889648
      ],
      "39": [
         -0.0293385349214077,
         -0.022290784865617752,
         0.17231309413909912
      ],
      "40": [
         -0.020653540268540382,
         -0.018707334995269775,
         0.16982018947601318
      ],
      "41": [
         -0.02873666025698185,
         -0.02178267575800419,
         0.16789090633392334
      ],
      "42": [
         -0.03808588162064552,
         -0.021049216389656067,
         0.16667413711547852
      ],
      "43": [
         0.014938704669475555,
         -0.02015993557870388,
         0.17056310176849365
      ],
      "44": [
         0.023967385292053223,
         -0.023742062970995903,
         0.17295706272125244
      ],
      "45": [
         0.03407851979136467,
         -0.02321252040565014,
         0.17262732982635498
      ],
      "46": [
         0.04009169712662697,
         -0.015210175886750221,
         0.17028701305389404
      ],
      "47": [
         0.03372897207736969,
         -0.02138431742787361,
         0.168007493019104
      ],
      "48": [
         0.023397309705615044,
         -0.022923942655324936,
         0.16837859153747559
      ],
      "49": [
         -0.027464091777801514,
         -0.031624361872673035,
         0.10137748718261719
      ],
      "50": [
         -0.020780153572559357,
         -0.04000350460410118,
         0.10759902000427246
      ],
      "51": [
         -0.012471104972064495,
         -0.0448228158056736,
         0.11298024654388428
      ],
      "52": [
         -0.0020847413688898087,
         -0.04673349857330322,
         0.11260175704956055
      ],
      "53": [
         0.008553125895559788,
         -0.04450784996151924,
         0.11296629905700684
      ],
      "54": [
         0.01726854033768177,
         -0.03962866589426994,
         0.10763084888458252
      ],
      "55": [
         0.023399198427796364,
         -0.03167019039392471,
         0.1017845869064331
      ],
      "56": [
         0.01757451333105564,
         -0.038219012320041656,
         0.09929525852203369
      ],
      "57": [
         0.009007132612168789,
         -0.04542694240808487,
         0.09810221195220947
      ],
      "58": [
         -0.0015930872177705169,
         -0.04816038906574249,
         0.09782421588897705
      ],
      "59": [
         -0.01210359949618578,
         -0.04584207758307457,
         0.09820842742919922
      ],
      "60": [
         -0.021263740956783295,
         -0.03897792473435402,
         0.0994192361831665
      ],
      "61": [
         -0.025293394923210144,
         -0.03050217591226101,
         0.10225427150726318
      ],
      "62": [
         -0.010795745998620987,
         -0.04109921306371689,
         0.10564899444580078
      ],
      "63": [
         -0.0019184642005711794,
         -0.04189980775117874,
         0.10543322563171387
      ],
      "64": [
         0.007560287602245808,
         -0.04008260741829872,
         0.10535717010498047
      ],
      "65": [
         0.021368244662880898,
         -0.030179841443896294,
         0.10238099098205566
      ],
      "66": [
         0.00767435971647501,
         -0.039693061262369156,
         0.10412323474884033
      ],
      "67": [
         -0.0018459577113389969,
         -0.04182583838701248,
         0.10400044918060303
      ],
      "68": [
         -0.01106091495603323,
         -0.04107337445020676,
         0.10419535636901855
      ]
   },
   "keypoints_2d_coordinates": {
      "1": [
         39,
         19
      ],
      "2": [
         51,
         20
      ],
      "3": [
         63,
         20
      ],