{
   "keypoints_3d_coordinates": {
      "1": [
         -0.06410887837409973,
         0.023948024958372116,
         0.14343976974487305
      ],
      "2": [
         -0.06359421461820602,
         0.021031145006418228,
         0.123740553855896
      ],
      "3": [
         -0.06232085078954697,
         0.021057847887277603,
         0.10528063774108887
      ],
      "4": [
         -0.05956686660647392,
         0.01789885014295578,
         0.08498024940490723
      ],
      "5": [
         -0.053892623633146286,
         0.01010613888502121,
         0.06982684135437012
      ],
      "6": [
         -0.04578811675310135,
         -0.004798607900738716,
         0.060307860374450684
      ],
      "7": [
         -0.03601963073015213,
         -0.016835784539580345,
         0.05056023597717285
      ],
      "8": [
         -0.024218661710619926,
         -0.03056168183684349,
         0.0431976318359375
      ],
      "9": [
         0.0003638977068476379,
         -0.03851204365491867,
         0.03692448139190674
      ],
      "10": [
         0.024615459144115448,
         -0.03060326725244522,
         0.04360198974609375
      ],
      "11": [
         0.03665485978126526,
         -0.017229653894901276,
         0.050435423851013184
      ],
      "12": [
         0.04717971384525299,
         -0.005331891588866711,
         0.05921375751495361
      ],
      "13": [
         0.055844347923994064,
         0.00901125930249691,
         0.06867897510528564
      ],
      "14": [
         0.06155678629875183,
         0.016435079276561737,
         0.08449351787567139
      ],
      "15": [
         0.0634799525141716,
         0.018985141068696976,
         0.10503017902374268
      ],
      "16": [
         0.06347277760505676,
         0.019201219081878662,
         0.12303829193115234
      ],
      "17": [
         0.06465572118759155,
         0.021455232053995132,
         0.1419769525527954
      ],
      "18": [
         -0.04188740253448486,
         -0.03579890727996826,
         0.15563762187957764
      ],
      "19": [
         -0.03821035102009773,
         -0.03754470869898796,
         0.16117572784423828
      ],
      "20": [
         -0.030110253021121025,
         -0.0431564599275589,
         0.16231632232666016
      ],
      "21": [
         -0.02062840387225151,
         -0.04829441010951996,
         0.16223859786987305
      ],
      "22": [
         -0.009070754051208496,
         -0.04985136166214943,
         0.15878403186798096
      ],
      "23": [
         0.008241096511483192,
         -0.050212711095809937,
         0.1586627960205078
      ],
      "24": [
         0.019761797040700912,
         -0.04866636171936989,
         0.16225552558898926
      ],
      "25": [
         0.029394492506980896,
         -0.04383191093802452,
         0.16207432746887207
      ],
      "26": [
         0.037640996277332306,
         -0.038355760276317596,
         0.16075646877288818
      ],
      "27": [
         0.04132414609193802,
         -0.037024058401584625,
         0.15541601181030273
      ],
      "28": [
         -2.0085717551410198e-05,
         -0.048194773495197296,
         0.14997243881225586
      ],
      "29": [
         0.00013209210010245442,
         -0.052550308406353,
         0.13957953453063965
      ],
      "30": [
         0.0002034514764091,
         -0.05920962616801262,
         0.13085651397705078
      ],
      "31": [
         0.0002237326989416033,
         -0.06858852505683899,
         0.11857759952545166
      ],
      "32": [
         -0.015085918828845024,
         -0.04826652631163597,
         0.10502851009368896
      ],
      "33": [
         -0.007898448966443539,
         -0.053881388157606125,
         0.10366392135620117
      ],
      "34": [
         0.0005123424343764782,
         -0.05735821649432182,
         0.10354697704315186
      ],
      "35": [
         0.008595257066190243,
         -0.053550735116004944,
         0.10395586490631104
      ],
      "36": [
         0.015755394473671913,
         -0.047578372061252594,
         0.10581278800964355
      ],
      "37": [
         -0.04074545204639435,
         -0.02737012319266796,
         0.14172589778900146
      ],
      "38": [
         -0.033237896859645844,
         -0.03707600384950638,
         0.14278292655944824
      ],
      "39": [
         -0.02396198734641075,
         -0.03777176886796951,
         0.14260685443878174
      ],
      "40": [
         -0.015217527747154236,
         -0.03436717763543129,
         0.1408088207244873
      ],
      "41": [
         -0.023582272231578827,
         -0.03629995137453079,
         0.13904058933258057
      ],
      "42": [
         -0.03380182757973671,
         -0.03472344949841499,
         0.13869249820709229
      ],
      "43": [
         0.014531619846820831,
         -0.035168156027793884,
         0.14062225818634033
      ],
      "44": [
         0.02339872717857361,
         -0.03854440152645111,
         0.14215338230133057
      ],
      "45": [
         0.03217845782637596,
         -0.03743679076433182,
         0.1422818899154663
      ],
      "46": [
         0.040063418447971344,
         -0.02859848365187645,
         0.14136528968811035
      ],
      "47": [
         0.033164139837026596,
         -0.03537297621369362,
         0.13842356204986572
      ],
      "48": [
         0.022835398092865944,
         -0.036884695291519165,
         0.13850200176239014
      ],
      "49": [
         -0.02366822212934494,
         -0.03983067721128464,
         0.07672059535980225
      ],
      "50": [
         -0.01896786130964756,
         -0.04977770522236824,
         0.08722138404846191
      ],
      "51": [
         -0.009709944948554039,
         -0.05650893226265907,
         0.09188234806060791
      ],
      "52": [
         0.000761422619689256,
         -0.05820854380726814,
         0.09095156192779541
      ],
      "53": [
         0.011190091259777546,
         -0.05609331652522087,
         0.09153056144714355
      ],
      "54": [
         0.020211676135659218,
         -0.04908275604248047,
         0.08713126182556152
      ],
      "55": [
         0.023659944534301758,
         -0.039914295077323914,
         0.0770103931427002
      ],
      "56": [
         0.02022750861942768,
         -0.04266275465488434,
         0.07027530670166016
      ],
      "57": [
         0.012218424119055271,
         -0.04804324358701706,
         0.06601595878601074
      ],
      "58": [
         0.000720749725587666,
         -0.05079169571399689,
         0.06432533264160156
      ],
      "59": [
         -0.01099447812885046,
         -0.04872176796197891,
         0.06581079959869385
      ],
      "60": [
         -0.019545281305909157,
         -0.04366282373666763,
         0.06992030143737793
      ],
      "61": [
         -0.021384812891483307,
         -0.038269687443971634,
         0.079795241355896
      ],
      "62": [
         -0.008288129232823849,
         -0.05399463698267937,
         0.08580362796783447
      ],
      "63": [
         0.0006545367650687695,
         -0.0549708753824234,
         0.08582913875579834
      ],
      "64": [
         0.009563175030052662,
         -0.05374281108379364,
         0.08590781688690186
      ],
      "65": [
         0.021941078826785088,
         -0.038066890090703964,
         0.07968759536743164
      ],
      "66": [
         0.009815679863095284,
         -0.04904083162546158,
         0.07321333885192871
      ],
      "67": [
         0.000529423588886857,
         -0.050698742270469666,
         0.07221996784210205
      ],
      "68": [
         -0.008939660154283047,
         -0.04974640905857086,
         0.07277297973632812
      ]
   },
   "keypoints_2d_coordinates": {
      "1": [
         51,
         28
      ],
      "2": [
         62,
         28
      ],
      "3": [
         72,
         29
      ],