{
   "keypoints_3d_coordinates": {
      "1": [
         -0.0708419680595398,
         0.03661413490772247,
         0.1455286741256714
      ],
      "2": [
         -0.06936134397983551,
         0.030906956642866135,
         0.12660694122314453
      ],
      "3": [
         -0.06699603796005249,
         0.028569087386131287,
         0.10828375816345215
      ],
      "4": [
         -0.06312420964241028,
         0.02367069199681282,
         0.08703863620758057
      ],
      "5": [
         -0.05666884779930115,
         0.013544579967856407,
         0.0725332498550415
      ],
      "6": [
         -0.04818248003721237,
         -0.004529397003352642,
         0.06557297706604004
      ],
      "7": [
         -0.03731914982199669,
         -0.017714660614728928,
         0.058301329612731934
      ],
      "8": [
         -0.025334995239973068,
         -0.033797487616539,
         0.05265343189239502
      ],
      "9": [
         0.00011222518514841795,
         -0.04462900012731552,
         0.0492936372756958
      ],
      "10": [
         0.025035949423909187,
         -0.033318471163511276,
         0.05337703227996826
      ],
      "11": [
         0.036611951887607574,
         -0.017279773950576782,
         0.05895674228668213
      ],
      "12": [
         0.047466255724430084,
         -0.003885515034198761,
         0.06574833393096924
      ],
      "13": [
         0.05642145127058029,
         0.013794297352433205,
         0.07217323780059814
      ],
      "14": [
         0.06251183152198792,
         0.023603949695825577,
         0.0866919755935669
      ],
      "15": [
         0.06547245383262634,
         0.02800774574279785,
         0.10796129703521729
      ],
      "16": [
         0.06652610003948212,
         0.030537504702806473,
         0.12642896175384521
      ],
      "17": [
         0.06831558793783188,
         0.03695053979754448,
         0.1451113224029541
      ],
      "18": [
         -0.04869317635893822,
         -0.024922005832195282,
         0.16738474369049072
      ],
      "19": [
         -0.045924779027700424,
         -0.026642605662345886,
         0.17187464237213135
      ],
      "20": [
         -0.03709707781672478,
         -0.0318538062274456,
         0.17336463928222656
      ],
      "21": [
         -0.027287477627396584,
         -0.035496003925800323,
         0.1721947193145752
      ],
      "22": [
         -0.01615297794342041,
         -0.03764720633625984,
         0.169724702835083
      ],
      "23": [
         0.014920622110366821,
         -0.03745880350470543,
         0.17030465602874756
      ],
      "24": [
         0.026308322325348854,
         -0.0354556068778038,
         0.17292463779449463
      ],
      "25": [
         0.03592582419514656,
         -0.031733304262161255,
         0.17426466941833496
      ],
      "26": [
         0.04435842111706734,
         -0.0265521053224802,
         0.1731647253036499
      ],
      "27": [
         0.04741722345352173,
         -0.02495250478386879,
         0.16852474212646484
      ],
      "28": [
         -0.0006257249042391777,
         -0.038385145366191864,
         0.16172564029693604
      ],
      "29": [
         -0.0005131402867846191,
         -0.04504619911313057,
         0.15151166915893555
      ],
      "30": [
         -0.0004767442005686462,
         -0.053381748497486115,
         0.14279568195343018
      ],
      "31": [
         -0.0005097654648125172,
         -0.06487582623958588,
         0.13017010688781738
      ],
      "32": [
         -0.01539445761591196,
         -0.045348841696977615,
         0.11283600330352783
      ],
      "33": [
         -0.009025354869663715,
         -0.05078985169529915,
         0.11215579509735107
      ],
      "34": [
         -0.0006987253436818719,
         -0.05385874956846237,
         0.11194407939910889
      ],
      "35": [
         0.007750469259917736,
         -0.050347816199064255,
         0.11225903034210205
      ],
      "36": [
         0.01456848718225956,
         -0.04421482980251312,
         0.11365628242492676
      ],
      "37": [
         -0.04375523328781128,
         -0.018038734793663025,
         0.15163743495941162
      ],
      "38": [
         -0.036537423729896545,
         -0.027093319222331047,
         0.1528385877609253
      ],
      "39": [
         -0.026143286377191544,
         -0.027641143649816513,
         0.15300631523132324
      ],
      "40": [
         -0.017249884083867073,
         -0.02417725697159767,
         0.15104031562805176
      ],
      "41": [
         -0.025670738890767097,
         -0.026204537600278854,
         0.14908993244171143
      ],
      "42": [
         -0.03636755049228668,
         -0.024844564497470856,
         0.14810752868652344
      ],
      "43": [
         0.01608879677951336,
         -0.024242619052529335,
         0.15176761150360107
      ],
      "44": [
         0.02549402415752411,
         -0.027798108756542206,
         0.15350699424743652
      ],
      "45": [
         0.035739678889513016,
         -0.02732880413532257,
         0.1533496379852295
      ],
      "46": [
         0.04301824793219566,
         -0.017659835517406464,
         0.1522688865661621
      ],
      "47": [
         0.03534713014960289,
         -0.024627070873975754,
         0.14890062808990479
      ],
      "48": [
         0.025309037417173386,
         -0.02620035782456398,
         0.1493290662765503
      ],
      "49": [
         -0.025284210219979286,
         -0.04211600497364998,
         0.0877840518951416
      ],
      "50": [
         -0.019083572551608086,
         -0.051356103271245956,
         0.09352052211761475
      ],
      "51": [
         -0.010698105208575726,
         -0.05606766790151596,
         0.09805941581726074
      ],
      "52": [
         -9.189610136672854e-05,
         -0.058091919869184494,
         0.09793961048126221
      ],
      "53": [
         0.010651340708136559,
         -0.055145349353551865,
         0.09826469421386719
      ],
      "54": [
         0.019088126718997955,
         -0.04938653111457825,
         0.09383642673492432
      ],
      "55": [
         0.02380692958831787,
         -0.0414653941988945,
         0.08886528015136719
      ],
      "56": [
         0.018740709871053696,
         -0.04706868901848793,
         0.0856865644454956
      ],
      "57": [
         0.0107781533151865,
         -0.05357758700847626,
         0.08254778385162354
      ],
      "58": [
         0.0001817677402868867,
         -0.05532768741250038,
         0.08162951469421387
      ],
      "59": [
         -0.009945288300514221,
         -0.05480065569281578,
         0.08194541931152344
      ],
      "60": [
         -0.018913261592388153,
         -0.049114570021629333,
         0.0847710371017456
      ],
      "61": [
         -0.022394951432943344,
         -0.042042817920446396,
         0.0882260799407959
      ],
      "62": [
         -0.0085076205432415,
         -0.05266745761036873,
         0.09026050567626953
      ],
      "63": [
         0.00020066287834197283,
         -0.05361307039856911,
         0.09016931056976318
      ],
      "64": [
         0.00899711437523365,
         -0.05150802806019783,
         0.09065401554107666
      ],
      "65": [
         0.021402588114142418,
         -0.04073028266429901,
         0.08953356742858887
      ],
      "66": [
         0.009328176267445087,
         -0.05167780816555023,
         0.09006822109222412
      ],
      "67": [
         0.000252691563218832,
         -0.05306228622794151,
         0.0896754264831543
      ],
      "68": [
         -0.008749157190322876,
         -0.05278834328055382,
         0.08969521522521973
      ]
   },
   "keypoints_2d_coordinates": {
      "1": [
         50,
         24
      ],
      "2": [
         60,
         25
      ],
      "3": [
         71,
         26
      ],