{
   "keypoints_3d_coordinates": {
      "1": [
         -0.06061410531401634,
         0.010825533419847488,
         0.12935686111450195
      ],
      "2": [
         -0.05920793116092682,
         0.006568983197212219,
         0.11262667179107666
      ],
      "3": [
         -0.05920602008700371,
         0.008549734950065613,
         0.09552085399627686
      ],
      "4": [
         -0.05643879994750023,
         0.007038455456495285,
         0.07717454433441162
      ],
      "5": [
         -0.051349565386772156,
         -0.0011519994586706161,
         0.06235361099243164
      ],
      "6": [
         -0.04460635036230087,
         -0.017505928874015808,
         0.05282258987426758
      ],
      "7": [
         -0.03589676320552826,
         -0.028833845630288124,
         0.044710755348205566
      ],
      "8": [
         -0.024240396916866302,
         -0.04086458310484886,
         0.03966796398162842
      ],
      "9": [
         -0.0004407895030453801,
         -0.04909614473581314,
         0.03476071357727051
      ],
      "10": [
         0.02341456152498722,
         -0.04062517732381821,
         0.03981304168701172
      ],
      "11": [
         0.03454498574137688,
         -0.02912948839366436,
         0.04526031017303467
      ],
      "12": [
         0.04296202212572098,
         -0.018117889761924744,
         0.05305838584899902
      ],
      "13": [
         0.049557801336050034,
         -0.0017478317022323608,
         0.06250321865081787
      ],
      "14": [
         0.054591547697782516,
         0.006260227411985397,
         0.07698869705200195
      ],
      "15": [
         0.056233227252960205,
         0.0071309879422187805,
         0.09526956081390381
      ],
      "16": [
         0.05574987828731537,
         0.0056788064539432526,
         0.11120426654815674
      ],
      "17": [
         0.055855754762887955,
         0.010814011096954346,
         0.12840652465820312
      ],
      "18": [
         -0.04312969744205475,
         -0.044351693242788315,
         0.14153516292572021
      ],
      "19": [
         -0.039514198899269104,
         -0.0482528917491436,
         0.14265811443328857
      ],
      "20": [
         -0.03125850111246109,
         -0.05443929135799408,
         0.14274322986602783
      ],
      "21": [
         -0.023580098524689674,
         -0.05923549085855484,
         0.14211010932922363
      ],
      "22": [
         -0.014572298154234886,
         -0.0640052855014801,
         0.13950014114379883
      ],
      "23": [
         0.01221150066703558,
         -0.0631793886423111,
         0.1391531229019165
      ],
      "24": [
         0.0216498002409935,
         -0.058032192289829254,
         0.14310824871063232
      ],
      "25": [
         0.02874149940907955,
         -0.05329499393701553,
         0.14411211013793945
      ],
      "26": [
         0.03655930235981941,
         -0.04675429314374924,
         0.1442650556564331
      ],
      "27": [
         0.04027799889445305,
         -0.042905692011117935,
         0.14324307441711426
      ],
      "28": [
         -0.0009893428068608046,
         -0.06157589331269264,
         0.13197028636932373
      ],
      "29": [
         -0.000708068604581058,
         -0.06553490459918976,
         0.1244574785232544
      ],
      "30": [
         -0.00039588811341673136,
         -0.07078328728675842,
         0.11837494373321533
      ],
      "31": [
         0.0001693071098998189,
         -0.07894285023212433,
         0.10496246814727783
      ],
      "32": [
         -0.014990179799497128,
         -0.05975429713726044,
         0.09805691242218018
      ],
      "33": [
         -0.008323793299496174,
         -0.06500338017940521,
         0.09193265438079834
      ],
      "34": [
         0.0004080369835719466,
         -0.06694498658180237,
         0.09038221836090088
      ],
      "35": [
         0.008787003345787525,
         -0.06496207416057587,
         0.09244120121002197
      ],
      "36": [
         0.01521296612918377,
         -0.05902200564742088,
         0.09991610050201416
      ],
      "37": [
         -0.036976803094148636,
         -0.04335930943489075,
         0.1270207166671753
      ],
      "38": [
         -0.029546156525611877,
         -0.050939179956912994,
         0.12855267524719238
      ],
      "39": [
         -0.01994863525032997,
         -0.04995875805616379,
         0.12843668460845947
      ],
      "40": [
         -0.013293677940964699,
         -0.04661563038825989,
         0.1264439821243286
      ],
      "41": [
         -0.019336236640810966,
         -0.04857569932937622,
         0.12695753574371338
      ],
      "42": [
         -0.029155747964978218,
         -0.04910432547330856,
         0.12700796127319336
      ],
      "43": [
         0.010672139935195446,
         -0.04690561443567276,
         0.12662768363952637
      ],
      "44": [
         0.018139861524105072,
         -0.04938098415732384,
         0.1289985179901123
      ],
      "45": [
         0.027703789994120598,
         -0.04961581528186798,
         0.12853658199310303
      ],
      "46": [
         0.034489892423152924,
         -0.041479676961898804,
         0.1279926300048828
      ],
      "47": [
         0.02665827050805092,
         -0.047214023768901825,
         0.12660157680511475
      ],
      "48": [
         0.017993727698922157,
         -0.047522105276584625,
         0.127449631690979
      ],
      "49": [
         -0.024297740310430527,
         -0.054447513073682785,
         0.06591737270355225
      ],
      "50": [
         -0.01950635388493538,
         -0.059469714760780334,
         0.07674992084503174
      ],
      "51": [
         -0.01018501352518797,
         -0.06672745198011398,
         0.08106935024261475
      ],
      "52": [
         0.00073473178781569,
         -0.06888674944639206,
         0.07987260818481445
      ],
      "53": [
         0.011084727942943573,
         -0.06653174757957458,
         0.08228373527526855
      ],
      "54": [
         0.020369041711091995,
         -0.05971742421388626,
         0.0791858434677124
      ],
      "55": [
         0.022745337337255478,
         -0.05578973889350891,
         0.06819522380828857
      ],
      "56": [
         0.01959250308573246,
         -0.05862850695848465,
         0.06657040119171143
      ],
      "57": [
         0.009914036840200424,
         -0.06378708779811859,
         0.06280827522277832
      ],
      "58": [
         0.00014847388956695795,
         -0.06514232605695724,
         0.06098794937133789
      ],
      "59": [
         -0.010397044010460377,
         -0.06343454867601395,
         0.06236147880554199
      ],
      "60": [
         -0.019710330292582512,
         -0.05795279145240784,
         0.06555867195129395
      ],
      "61": [
         -0.0229618139564991,
         -0.05122651159763336,
         0.06599998474121094
      ],
      "62": [
         -0.008431771770119667,
         -0.06302438676357269,
         0.07576596736907959
      ],
      "63": [
         0.0002113379305228591,
         -0.06474621593952179,
         0.07541024684906006
      ],
      "64": [
         0.008244392462074757,
         -0.06307926774024963,
         0.0767669677734375
      ],
      "65": [
         0.022580444812774658,
         -0.05278141796588898,
         0.06785476207733154
      ],
      "66": [
         0.007995969615876675,
         -0.061388883739709854,
         0.06931400299072266
      ],
      "67": [
         0.00012597290333360434,
         -0.06303174048662186,
         0.06839311122894287
      ],
      "68": [
         -0.008124666288495064,
         -0.0602574422955513,
         0.06863880157470703
      ]
   },
   "keypoints_2d_coordinates": {
      "1": [
         59,
         30
      ],
      "2": [
         68,
         30
      ],
      "3": [
         78,
         30
      ],