{
   "keypoints_3d_coordinates": {
      "1": [
         -0.061180487275123596,
         0.06641802936792374,
         0.14146959781646729
      ],
      "2": [
         -0.06301094591617584,
         0.056486330926418304,
         0.12540292739868164
      ],
      "3": [
         -0.06515168398618698,
         0.05173152685165405,
         0.10689783096313477
      ],
      "4": [
         -0.06389407813549042,
         0.043501682579517365,
         0.08747696876525879
      ],
      "5": [
         -0.059290893375873566,
         0.027181614190340042,
         0.07476139068603516
      ],
      "6": [
         -0.056013718247413635,
         0.006930418312549591,
         0.06949687004089355
      ],
      "7": [
         -0.04929795116186142,
         -0.00758539792150259,
         0.06370425224304199
      ],
      "8": [
         -0.04062008485198021,
         -0.023953545838594437,
         0.05918681621551514
      ],
      "9": [
         -0.018603866919875145,
         -0.042594872415065765,
         0.05229508876800537
      ],
      "10": [
         0.009940017946064472,
         -0.03802691400051117,
         0.058081746101379395
      ],
      "11": [
         0.026580333709716797,
         -0.02747519314289093,
         0.06200909614562988
      ],
      "12": [
         0.042260099202394485,
         -0.015785418450832367,
         0.06775963306427002
      ],
      "13": [
         0.053741730749607086,
         0.00182420015335083,
         0.07306110858917236
      ],
      "14": [
         0.06249704584479332,
         0.010478205978870392,
         0.0856015682220459
      ],
      "15": [
         0.06715649366378784,
         0.016645997762680054,
         0.10611927509307861
      ],
      "16": [
         0.06680051237344742,
         0.021045219153165817,
         0.12490534782409668
      ],
      "17": [
         0.06844185292720795,
         0.030933789908885956,
         0.14184856414794922
      ],
      "18": [
         -0.05389498174190521,
         0.0029811114072799683,
         0.17380009591579437
      ],
      "19": [
         -0.05115000903606415,
         0.0018157530575990677,
         0.178252711892128
      ],
      "20": [
         -0.04464094713330269,
         -0.005023809149861336,
         0.18132178485393524
      ],
      "21": [
         -0.0370040237903595,
         -0.011633319780230522,
         0.18150120973587036
      ],
      "22": [
         -0.02695172280073166,
         -0.01640312746167183,
         0.17893758416175842
      ],
      "23": [
         0.0004475228488445282,
         -0.02348998561501503,
         0.1789351850748062
      ],
      "24": [
         0.01139441691339016,
         -0.02433742955327034,
         0.18127481639385223
      ],
      "25": [
         0.02125248871743679,
         -0.02210909128189087,
         0.1809055656194687
      ],
      "26": [
         0.02995968610048294,
         -0.019189003854990005,
         0.17822840809822083
      ],
      "27": [
         0.03222931548953056,
         -0.019444851204752922,
         0.1734635978937149
      ],
      "28": [
         -0.013654636219143867,
         -0.022398080676794052,
         0.17071008682250977
      ],
      "29": [
         -0.015477024018764496,
         -0.03111114539206028,
         0.16177546977996826
      ],
      "30": [
         -0.017411714419722557,
         -0.04044464975595474,
         0.15409541130065918
      ],
      "31": [
         -0.020036818459630013,
         -0.0524444617331028,
         0.14203977584838867
      ],
      "32": [
         -0.03322610259056091,
         -0.02666720375418663,
         0.12886452674865723
      ],
      "33": [
         -0.02812061831355095,
         -0.03457597643136978,
         0.12572455406188965
      ],
      "34": [
         -0.017245318740606308,
         -0.04156222194433212,
         0.12441849708557129
      ],
      "35": [
         -0.005448496900498867,
         -0.041144635528326035,
         0.12500524520874023
      ],
      "36": [
         0.0027230498380959034,
         -0.036650650203228,
         0.12808609008789062
      ],
      "37": [
         -0.04912148416042328,
         0.0013120900839567184,
         0.15931010246276855
      ],
      "38": [
         -0.04429628700017929,
         -0.006560334004461765,
         0.16472852230072021
      ],
      "39": [
         -0.03572939708828926,
         -0.008485617116093636,
         0.16436684131622314
      ],
      "40": [
         -0.02769424393773079,
         -0.006816213019192219,
         0.1594374179840088
      ],
      "41": [
         -0.03408914431929588,
         -0.008270910941064358,
         0.15949618816375732
      ],
      "42": [
         -0.04281000792980194,
         -0.0073247747495770454,
         0.15880167484283447
      ],
      "43": [
         0.005386867560446262,
         -0.015371434390544891,
         0.15960693359375
      ],
      "44": [
         0.012017382308840752,
         -0.02046179585158825,
         0.16424334049224854
      ],
      "45": [
         0.020742690190672874,
         -0.0231082234531641,
         0.164137601852417
      ],
      "46": [
         0.027364682406187057,
         -0.018615052103996277,
         0.15954577922821045
      ],
      "47": [
         0.01869496889412403,
         -0.022793345153331757,
         0.15826022624969482
      ],
      "48": [
         0.010600042529404163,
         -0.019749484956264496,
         0.159376859664917
      ],
      "49": [
         -0.04406800866127014,
         -0.020259790122509003,
         0.1009817123413086
      ],
      "50": [
         -0.041740670800209045,
         -0.03100946545600891,
         0.10546469688415527
      ],
      "51": [
         -0.03430989012122154,
         -0.03976363688707352,
         0.1089482307434082
      ],
      "52": [
         -0.019086625427007675,
         -0.046511173248291016,
         0.10886192321777344
      ],
      "53": [
         -0.003631152678281069,
         -0.04684140160679817,
         0.10904920101165771
      ],
      "54": [
         0.008577564731240273,
         -0.04277593642473221,
         0.10502433776855469
      ],
      "55": [
         0.01646900177001953,
         -0.03530043363571167,
         0.10115182399749756
      ],
      "56": [
         0.00853502657264471,
         -0.04077531397342682,
         0.09344696998596191
      ],
      "57": [
         -0.004208575002849102,
         -0.04551061987876892,
         0.0890880823135376
      ],
      "58": [
         -0.019502339884638786,
         -0.04548007994890213,
         0.0884847640991211
      ],
      "59": [
         -0.03413457050919533,
         -0.03875452280044556,
         0.089774489402771
      ],
      "60": [
         -0.040795695036649704,
         -0.02949097752571106,
         0.09469842910766602
      ],
      "61": [
         -0.04252436012029648,
         -0.021458951756358147,
         0.10151243209838867
      ],
      "62": [
         -0.0302761010825634,
         -0.0385943278670311,
         0.10549986362457275
      ],
      "63": [
         -0.018574271351099014,
         -0.044337883591651917,
         0.10576343536376953
      ],
      "64": [
         -0.006915834732353687,
         -0.04469480365514755,
         0.10528945922851562
      ],
      "65": [
         0.01419927179813385,
         -0.03569092974066734,
         0.10184967517852783
      ],
      "66": [
         -0.0064809005707502365,
         -0.041730545461177826,
         0.09306037425994873
      ],
      "67": [
         -0.01785951666533947,
         -0.04182025045156479,
         0.09237194061279297
      ],
      "68": [
         -0.029753535985946655,
         -0.03662946820259094,
         0.09331321716308594
      ]
   },
   "keypoints_2d_coordinates": {
      "1": [
         418,
         243
      ],
      "2": [
         488,
         233
      ],
      "3": [
         570,
         223
      ],