{
   "keypoints_3d_coordinates": {
      "1": [
         -0.07233072817325592,
         0.023195359855890274,
         0.15515875816345215
      ],
      "2": [
         -0.07049177587032318,
         0.01771065592765808,
         0.13450944423675537
      ],
      "3": [
         -0.06924785673618317,
         0.015913721174001694,
         0.11511921882629395
      ],
      "4": [
         -0.0647803544998169,
         0.011852707713842392,
         0.09295308589935303
      ],
      "5": [
         -0.05673958733677864,
         0.0018623080104589462,
         0.07788825035095215
      ],
      "6": [
         -0.04782124236226082,
         -0.016648609191179276,
         0.07007932662963867
      ],
      "7": [
         -0.036690548062324524,
         -0.03027375414967537,
         0.06250619888305664
      ],
      "8": [
         -0.024585027247667313,
         -0.04576787352561951,
         0.05729269981384277
      ],
      "9": [
         0.0006849357741884887,
         -0.055591244250535965,
         0.05322396755218506
      ],
      "10": [
         0.024838590994477272,
         -0.04456409811973572,
         0.057941436767578125
      ],
      "11": [
         0.03698486089706421,
         -0.029042266309261322,
         0.06213641166687012
      ],
      "12": [
         0.04851444065570831,
         -0.015623260289430618,
         0.0696183443069458
      ],
      "13": [
         0.05743639916181564,
         0.0023350268602371216,
         0.07732176780700684
      ],
      "14": [
         0.06566041707992554,
         0.011692862957715988,
         0.09247136116027832
      ],
      "15": [
         0.07057789713144302,
         0.015365205705165863,
         0.11479687690734863
      ],
      "16": [
         0.07220415025949478,
         0.01719202846288681,
         0.13409936428070068
      ],
      "17": [
         0.07449477910995483,
         0.022702720016241074,
         0.1544044017791748
      ],
      "18": [
         -0.045227743685245514,
         -0.040767669677734375,
         0.174219012260437
      ],
      "19": [
         -0.04173494130373001,
         -0.04327177256345749,
         0.17780232429504395
      ],
      "20": [
         -0.03316584229469299,
         -0.048308420926332474,
         0.17710256576538086
      ],
      "21": [
         -0.023188093677163124,
         -0.05249687284231186,
         0.174879789352417
      ],
      "22": [
         -0.011967143975198269,
         -0.05503392219543457,
         0.17183613777160645
      ],
      "23": [
         0.015068105421960354,
         -0.054753921926021576,
         0.17196404933929443
      ],
      "24": [
         0.026379507035017014,
         -0.052163321524858475,
         0.1744903326034546
      ],
      "25": [
         0.035894352942705154,
         -0.0482318215072155,
         0.17683911323547363
      ],
      "26": [
         0.04451020807027817,
         -0.04313281923532486,
         0.17709696292877197
      ],
      "27": [
         0.048346854746341705,
         -0.04101027175784111,
         0.17339873313903809
      ],
      "28": [
         0.001637152163311839,
         -0.05557580292224884,
         0.16685152053833008
      ],
      "29": [
         0.0017398478230461478,
         -0.061407074332237244,
         0.15716087818145752
      ],
      "30": [
         0.0018177147721871734,
         -0.06832781434059143,
         0.1479552984237671
      ],
      "31": [
         0.001611010986380279,
         -0.07717658579349518,
         0.13461875915527344
      ],
      "32": [
         -0.014185275882482529,
         -0.05748360976576805,
         0.12142348289489746
      ],
      "33": [
         -0.006873748265206814,
         -0.0631973147392273,
         0.11837983131408691
      ],
      "34": [
         0.0015547772636637092,
         -0.06583110988140106,
         0.11744534969329834
      ],
      "35": [
         0.00980407651513815,
         -0.062466301023960114,
         0.11899304389953613
      ],
      "36": [
         0.01647977903485298,
         -0.05672384053468704,
         0.12187314033508301
      ],
      "37": [
         -0.04134683683514595,
         -0.036129120737314224,
         0.15919101238250732
      ],
      "38": [
         -0.03484359011054039,
         -0.045423783361911774,
         0.1627894639968872
      ],
      "39": [
         -0.022941647097468376,
         -0.04575269669294357,
         0.16327953338623047
      ],
      "40": [
         -0.014337152242660522,
         -0.040937818586826324,
         0.1598283052444458
      ],
      "41": [
         -0.0220964252948761,
         -0.044120751321315765,
         0.157240629196167
      ],
      "42": [
         -0.033364757895469666,
         -0.043211158365011215,
         0.1553715467453003
      ],
      "43": [
         0.01740558259189129,
         -0.04146721214056015,
         0.1599501371383667
      ],
      "44": [
         0.026144031435251236,
         -0.04636133089661598,
         0.16355860233306885
      ],
      "45": [
         0.03767383471131325,
         -0.04570237174630165,
         0.1628185510635376
      ],
      "46": [
         0.044341474771499634,
         -0.03632698580622673,
         0.1592252254486084
      ],
      "47": [
         0.03652939200401306,
         -0.04370507597923279,
         0.15548336505889893
      ],
      "48": [
         0.02535206265747547,
         -0.04459560662508011,
         0.1573195457458496
      ],
      "49": [
         -0.019094811752438545,
         -0.05758250877261162,
         0.09460556507110596
      ],
      "50": [
         -0.015801232308149338,
         -0.06537961959838867,
         0.09837329387664795
      ],
      "51": [
         -0.008939546532928944,
         -0.06826448440551758,
         0.10203075408935547
      ],
      "52": [
         0.0011985788587480783,
         -0.06947077810764313,
         0.10167789459228516
      ],
      "53": [
         0.011233764700591564,
         -0.06729172170162201,
         0.10185933113098145
      ],
      "54": [
         0.018357425928115845,
         -0.06286069750785828,
         0.09866452217102051
      ],
      "55": [
         0.021209504455327988,
         -0.05401095002889633,
         0.0947408676147461
      ],
      "56": [
         0.01701280102133751,
         -0.06125206500291824,
         0.09372663497924805
      ],
      "57": [
         0.010051963850855827,
         -0.0661778599023819,
         0.09078478813171387
      ],
      "58": [
         0.0010222125565633178,
         -0.06862711906433105,
         0.09051823616027832
      ],
      "59": [
         -0.007379787042737007,
         -0.06803420931100845,
         0.09091305732727051
      ],
      "60": [
         -0.01507585309445858,
         -0.06444182991981506,
         0.09370124340057373
      ],
      "61": [
         -0.01854565367102623,
         -0.0578046478331089,
         0.09484720230102539
      ],
      "62": [
         -0.007353536784648895,
         -0.06382386386394501,
         0.09613537788391113
      ],
      "63": [
         0.0009085815399885178,
         -0.06396880000829697,
         0.09650027751922607
      ],
      "64": [
         0.009552844800055027,
         -0.06280111521482468,
         0.09627294540405273
      ],
      "65": [
         0.020136889070272446,
         -0.05353163182735443,
         0.09493696689605713
      ],
      "66": [
         0.008497808128595352,
         -0.06091979891061783,
         0.09624576568603516
      ],
      "67": [
         0.0005809901049360633,
         -0.06219891831278801,
         0.09644091129302979
      ],
      "68": [
         -0.0067399172112345695,
         -0.06209958717226982,
         0.09635841846466064
      ]
   },
   "keypoints_2d_coordinates": {
      "1": [
         44,
         23
      ],
      "2": [
         56,
         24
      ],
      "3": [
         67,
         25
      ],