{
   "keypoints_3d_coordinates": {
      "1": [
         -0.0716666430234909,
         0.018618132919073105,
         0.14419615268707275
      ],
      "2": [
         -0.06988927721977234,
         0.015825044363737106,
         0.1250767707824707
      ],
      "3": [
         -0.06779283285140991,
         0.016207396984100342,
         0.10532760620117188
      ],
      "4": [
         -0.06412111222743988,
         0.013964246958494186,
         0.08506476879119873
      ],
      "5": [
         -0.05765172466635704,
         0.005977168679237366,
         0.07085764408111572
      ],
      "6": [
         -0.05129752680659294,
         -0.009605679661035538,
         0.059536099433898926
      ],
      "7": [
         -0.04084348678588867,
         -0.02231707237660885,
         0.048429012298583984
      ],
      "8": [
         -0.02789943479001522,
         -0.03552760183811188,
         0.040642499923706055
      ],
      "9": [
         -0.0011826459085568786,
         -0.042833488434553146,
         0.03338348865509033
      ],
      "10": [
         0.025374332442879677,
         -0.03588337451219559,
         0.041351318359375
      ],
      "11": [
         0.039006344974040985,
         -0.02320283092558384,
         0.04914283752441406
      ],
      "12": [
         0.049740634858608246,
         -0.010863321833312511,
         0.060158491134643555
      ],
      "13": [
         0.056488167494535446,
         0.004108715802431107,
         0.07161498069763184
      ],
      "14": [
         0.06291189044713974,
         0.011698588728904724,
         0.08586692810058594
      ],
      "15": [
         0.06630698591470718,
         0.014177247881889343,
         0.10661172866821289
      ],
      "16": [
         0.06769956648349762,
         0.013807263225317001,
         0.12631511688232422
      ],
      "17": [
         0.06937447190284729,
         0.01606357842683792,
         0.14583516120910645
      ],
      "18": [
         -0.046670377254486084,
         -0.044984545558691025,
         0.16048181056976318
      ],
      "19": [
         -0.04255957528948784,
         -0.04668474569916725,
         0.16604280471801758
      ],
      "20": [
         -0.03357807919383049,
         -0.052208345383405685,
         0.16767680644989014
      ],
      "21": [
         -0.02366417646408081,
         -0.05757904797792435,
         0.16835975646972656
      ],
      "22": [
         -0.010940976440906525,
         -0.058962345123291016,
         0.16471385955810547
      ],
      "23": [
         0.005380423739552498,
         -0.05960244685411453,
         0.16453874111175537
      ],
      "24": [
         0.017904723063111305,
         -0.05839574337005615,
         0.16827571392059326
      ],
      "25": [
         0.028107620775699615,
         -0.05312194675207138,
         0.1676408052444458
      ],
      "26": [
         0.03756092116236687,
         -0.04750414192676544,
         0.1663837432861328
      ],
      "27": [
         0.04166322574019432,
         -0.04580584540963173,
         0.16078972816467285
      ],
      "28": [
         -0.002490326762199402,
         -0.057421885430812836,
         0.15475702285766602
      ],
      "29": [
         -0.0023589497432112694,
         -0.06219194084405899,
         0.14324212074279785
      ],
      "30": [
         -0.002294201636686921,
         -0.06853723526000977,
         0.1350473165512085
      ],
      "31": [
         -0.002248562639579177,
         -0.07773841917514801,
         0.12157762050628662
      ],
      "32": [
         -0.018742620944976807,
         -0.055105894804000854,
         0.10777771472930908
      ],
      "33": [
         -0.010664834640920162,
         -0.06110931187868118,
         0.10563147068023682
      ],
      "34": [
         -0.0022405830677598715,
         -0.06498061120510101,
         0.10543107986450195
      ],
      "35": [
         0.006621654145419598,
         -0.0611727200448513,
         0.10559475421905518
      ],
      "36": [
         0.014554928988218307,
         -0.055145666003227234,
         0.10786676406860352
      ],
      "37": [
         -0.04602314531803131,
         -0.039888083934783936,
         0.14721107482910156
      ],
      "38": [
         -0.039156656712293625,
         -0.0481913685798645,
         0.15218162536621094
      ],
      "39": [
         -0.030287722125649452,
         -0.04817521572113037,
         0.1525946855545044
      ],
      "40": [
         -0.02178938314318657,
         -0.044941335916519165,
         0.1480013132095337
      ],
      "41": [
         -0.029446810483932495,
         -0.04754558205604553,
         0.1457369327545166
      ],
      "42": [
         -0.039129506796598434,
         -0.046849630773067474,
         0.14450466632843018
      ],
      "43": [
         0.017150431871414185,
         -0.045263104140758514,
         0.14780282974243164
      ],
      "44": [
         0.025600621476769447,
         -0.04906194284558296,
         0.15223228931427002
      ],
      "45": [
         0.03425637260079384,
         -0.04861234873533249,
         0.1523500680923462
      ],
      "46": [
         0.04173445329070091,
         -0.040906213223934174,
         0.14740002155303955
      ],
      "47": [
         0.03530995547771454,
         -0.047311484813690186,
         0.14523077011108398
      ],
      "48": [
         0.02459225431084633,
         -0.048405956476926804,
         0.14549827575683594
      ],
      "49": [
         -0.028274444863200188,
         -0.04419137164950371,
         0.07385706901550293
      ],
      "50": [
         -0.023137664422392845,
         -0.05496593192219734,
         0.08569347858428955
      ],
      "51": [
         -0.012919765897095203,
         -0.0631377324461937,
         0.08960390090942383
      ],
      "52": [
         -0.0018985605565831065,
         -0.06460639834403992,
         0.08811032772064209
      ],
      "53": [
         0.009431777521967888,
         -0.06283599138259888,
         0.08937633037567139
      ],
      "54": [
         0.019979355856776237,
         -0.05453789234161377,
         0.08553528785705566
      ],
      "55": [
         0.024681339040398598,
         -0.04390603303909302,
         0.07414364814758301
      ],
      "56": [
         0.020580505952239037,
         -0.047858692705631256,
         0.06750977039337158
      ],
      "57": [
         0.0115504777058959,
         -0.054121121764183044,
         0.06417644023895264
      ],
      "58": [
         -0.0015925877960398793,
         -0.057428885251283646,
         0.06332206726074219
      ],
      "59": [
         -0.014708179980516434,
         -0.05448119342327118,
         0.06414306163787842
      ],
      "60": [
         -0.02422567643225193,
         -0.048698876053094864,
         0.06769382953643799
      ],
      "61": [
         -0.026096893474459648,
         -0.04207061231136322,
         0.07755565643310547
      ],
      "62": [
         -0.011721438728272915,
         -0.05974702164530754,
         0.0859830379486084
      ],
      "63": [
         -0.0017514015780761838,
         -0.06072165071964264,
         0.08665692806243896
      ],
      "64": [
         0.008265902288258076,
         -0.05898590385913849,
         0.08565878868103027
      ],
      "65": [
         0.022600911557674408,
         -0.041854992508888245,
         0.07744789123535156
      ],
      "66": [
         0.009036088362336159,
         -0.053697749972343445,
         0.06968164443969727
      ],
      "67": [
         -0.0016549930442124605,
         -0.05603356659412384,
         0.06926620006561279
      ],
      "68": [
         -0.012708362191915512,
         -0.05512474477291107,
         0.069632887840271
      ]
   },
   "keypoints_2d_coordinates": {
      "1": [
         50,
         23
      ],
      "2": [
         61,
         24
      ],
      "3": [
         72,
         26
      ],