{
   "identity_id": "72125bc5-e373-4883-b3bf-69a3c820e6b1",
   "identity_label": {
      "age": "young",
      "ethnicity": "african",
      "gender": "male"
   },
   "face_expression": {
      "name": "happiness",
      "intensity_level": 3
   },
   "facial_hair_included": false,
   "head_metadata": {
      "head_root_location": {
         "x": 0.0,
         "y": 0.0,
         "z": 0.0
      },
      "head_rotation": {
         "pitch": -3.9266326382711947,
         "yaw": 33.620264057215856,
         "roll": 2.376951934941335
      },
      "head_six_dof": {
         "location": {
            "x": 0.04875168949365616,
            "y": -0.03242741897702217,
            "z": 0.17924663424491882
         },
         "look_at_vector": {
            "x": 0.5491474705716417,
            "y": -0.8307376260159414,
            "z": 0.0911704573102808
         }
      }
   },
   "apex_of_cornea_point": {
      "2d": {
         "camera": {
            "right_eye": {
               "x": 278,
               "y": 596
            },
            "left_eye": {
               "x": 273,
               "y": 854
            }
         }
      },
      "3d": {
         "right_eye": {
            "x": 0.017812835052609444,
            "y": -0.045351795852184296,
            "z": 0.1696036010980606
         },
         "left_eye": {
            "x": 0.07441464811563492,
            "y": -0.00850075576454401,
            "z": 0.1719520092010498
         }
      }
   },
   "center_of_rotation_point": {
      "2d": {
         "camera": {
            "right_eye": {
               "x": 284,
               "y": 564
            },
            "left_eye": {
               "x": 278,
               "y": 816
            }
         }
      },
      "3d": {
         "right_eye": {
            "x": 0.011026635766029358,
            "y": -0.03436397761106491,
            "z": 0.16874155402183533
         },
         "left_eye": {
            "x": 0.0664864033460617,
            "y": 0.0017956886440515518,
            "z": 0.17116151750087738
         }
      }
   },
   "iris_circle": {
      "2d": {
         "camera": {
            "right_eye": [
               {
                  "x": 247,
                  "y": 587
               },
               {
                  "x": 251,
                  "y": 601
               },
               {
                  "x": 263,
                  "y": 611
               },
               {
                  "x": 279,
                  "y": 616
               },
               {
                  "x": 295,
                  "y": 613
               },
               {
                  "x": 308,
                  "y": 604
               },
               {
                  "x": 312,
                  "y": 591
               },
               {
                  "x": 308,
                  "y": 577
               },
               {
                  "x": 297,
                  "y": 566
               },
               {
                  "x": 280,
                  "y": 561
               },
               {
                  "x": 264,
                  "y": 564
               },
               {
                  "x": 251,
                  "y": 573
               }
            ],
            "left_eye": [
               {
                  "x": 242,
                  "y": 844
               },
               {
                  "x": 246,
                  "y": 857
               },
               {
                  "x": 258,
                  "y": 866
               },
               {
                  "x": 274,
                  "y": 870
               },
               {
                  "x": 290,
                  "y": 868
               },
               {
                  "x": 302,
                  "y": 860
               },
               {
                  "x": 307,
                  "y": 849
               },
               {
                  "x": 303,
                  "y": 836
               },
               {
                  "x": 291,
                  "y": 826
               },
               {
                  "x": 274,
                  "y": 822
               },
               {
                  "x": 258,
                  "y": 824
               },
               {
                  "x": 246,
                  "y": 832
               }
            ]
         }
      },
      "3d": {
         "right_eye": [
            {
               "x": 0.01589389145374298,
               "y": -0.0427728034555912,
               "z": 0.1763986051082611
            },
            {
               "x": 0.018890725448727608,
               "y": -0.04096927121281624,
               "z": 0.17563940584659576
            },
            {
               "x": 0.021178582683205605,
               "y": -0.03975300118327141,
               "z": 0.17309091985225677
            },
            {
               "x": 0.022171469405293465,
               "y": -0.03942180797457695,
               "z": 0.16963177919387817
            },
            {
               "x": 0.021611684933304787,
               "y": -0.040040742605924606,
               "z": 0.16613349318504333
            },
            {
               "x": 0.01968560926616192,
               "y": -0.041465774178504944,
               "z": 0.1635054051876068
            },
            {
               "x": 0.016816407442092896,
               "y": -0.043263524770736694,
               "z": 0.16243423521518707
            },
            {
               "x": 0.013828720897436142,
               "y": -0.04503457248210907,
               "z": 0.16325469315052032
            },
            {
               "x": 0.011474577710032463,
               "y": -0.04635509103536606,
               "z": 0.165700763463974
            },
            {
               "x": 0.010457963682711124,
               "y": -0.04675376042723656,
               "z": 0.16914236545562744
            },
            {
               "x": 0.011024470441043377,
               "y": -0.04613318294286728,
               "z": 0.17266938090324402
            },
            {
               "x": 0.01302955113351345,
               "y": -0.04466015845537186,
               "z": 0.17535772919654846
            }
         ],
         "left_eye": [
            {
               "x": 0.07229536771774292,
               "y": -0.006127513013780117,
               "z": 0.1788482964038849
            },
            {
               "x": 0.07513433694839478,
               "y": -0.004028019029647112,
               "z": 0.1780049353837967
            },
            {
               "x": 0.07725635915994644,
               "y": -0.0026120173279196024,
               "z": 0.17548047006130219
            },
            {
               "x": 0.0781991109251976,
               "y": -0.002183382399380207,
               "z": 0.17201130092144012
            },
            {
               "x": 0.07769916206598282,
               "y": -0.0028643361292779446,
               "z": 0.16839706897735596
            },
            {
               "x": 0.07592862844467163,
               "y": -0.004452187102288008,
               "z": 0.1656995415687561
            },
            {
               "x": 0.07323222607374191,
               "y": -0.006612694822251797,
               "z": 0.1646641343832016
            },
            {
               "x": 0.07041891664266586,
               "y": -0.008716096170246601,
               "z": 0.16551591455936432
            },
            {
               "x": 0.06820458918809891,
               "y": -0.010155986994504929,
               "z": 0.16805873811244965
            },
            {
               "x": 0.06723342835903168,
               "y": -0.010631880722939968,
               "z": 0.1715695708990097
            },
            {
               "x": 0.06775668263435364,
               "y": -0.009956108406186104,