{
   "keypoints_3d_coordinates": {
      "1": [
         -0.08222343772649765,
         0.04269242659211159,
         0.16285324096679688
      ],
      "2": [
         -0.08080408722162247,
         0.03745903819799423,
         0.14139115810394287
      ],
      "3": [
         -0.07943744957447052,
         0.03597095608711243,
         0.12055504322052002
      ],
      "4": [
         -0.07587575912475586,
         0.030463598668575287,
         0.0955655574798584
      ],
      "5": [
         -0.06766282021999359,
         0.01912003383040428,
         0.07777369022369385
      ],
      "6": [
         -0.057682525366544724,
         -0.00021923426538705826,
         0.0701059103012085
      ],
      "7": [
         -0.044830966740846634,
         -0.01412537507712841,
         0.06296062469482422
      ],
      "8": [
         -0.031174741685390472,
         -0.030709581449627876,
         0.058051228523254395
      ],
      "9": [
         -0.0042802561074495316,
         -0.04168875142931938,
         0.05372416973114014
      ],
      "10": [
         0.021504657343029976,
         -0.02980421483516693,
         0.06094503402709961
      ],
      "11": [
         0.03486974909901619,
         -0.014102235436439514,
         0.06629538536071777
      ],
      "12": [
         0.048134662210941315,
         -0.0003845682367682457,
         0.07373571395874023
      ],
      "13": [
         0.058211907744407654,
         0.018254349008202553,
         0.08133494853973389
      ],
      "14": [
         0.06522639840841293,
         0.029290184378623962,
         0.09882700443267822
      ],
      "15": [
         0.06712964922189713,
         0.03425309434533119,
         0.12222754955291748
      ],
      "16": [
         0.06696755439043045,
         0.03613690286874771,
         0.1415344476699829
      ],
      "17": [
         0.06749872863292694,
         0.040794968605041504,
         0.16272616386413574
      ],
      "18": [
         -0.05661330372095108,
         -0.024544453248381615,
         0.1834162473678589
      ],
      "19": [
         -0.05375100299715996,
         -0.026032952591776848,
         0.18820858001708984
      ],
      "20": [
         -0.04526135325431824,
         -0.031920403242111206,
         0.19034326076507568
      ],
      "21": [
         -0.03481150418519974,
         -0.03534615412354469,
         0.19009459018707275
      ],
      "22": [
         -0.022993754595518112,
         -0.03716275468468666,
         0.18786466121673584
      ],
      "23": [
         0.007334744092077017,
         -0.036242153495550156,
         0.1887446641921997
      ],
      "24": [
         0.018984496593475342,
         -0.034308455884456635,
         0.19136464595794678
      ],
      "25": [
         0.02921704575419426,
         -0.030740803107619286,
         0.19205331802368164
      ],
      "26": [
         0.03770889341831207,
         -0.025486653670668602,
         0.1901085376739502
      ],
      "27": [
         0.04064669460058212,
         -0.024406952783465385,
         0.18528640270233154
      ],
      "28": [
         -0.007577886339277029,
         -0.03803281486034393,
         0.1801203489303589
      ],
      "29": [
         -0.007025959901511669,
         -0.045445509254932404,
         0.16903293132781982
      ],
      "30": [
         -0.006631216965615749,
         -0.05372609198093414,
         0.15852534770965576
      ],
      "31": [
         -0.005776963196694851,
         -0.064237579703331,
         0.14448511600494385
      ],
      "32": [
         -0.021408285945653915,
         -0.042246297001838684,
         0.12751710414886475
      ],
      "33": [
         -0.014437328092753887,
         -0.04736103117465973,
         0.1267695426940918
      ],
      "34": [
         -0.005381965544074774,
         -0.05039243400096893,
         0.12692177295684814
      ],
      "35": [
         0.003350301645696163,
         -0.046320077031850815,
         0.12725114822387695
      ],
      "36": [
         0.010264063253998756,
         -0.04047698900103569,
         0.1288137435913086
      ],
      "37": [
         -0.050406891852617264,
         -0.01600455865263939,
         0.16802871227264404
      ],
      "38": [
         -0.04271151125431061,
         -0.025505630299448967,
         0.17445027828216553
      ],
      "39": [
         -0.0322544164955616,
         -0.02535022608935833,
         0.17566299438476562
      ],
      "40": [
         -0.023790016770362854,
         -0.021998995915055275,
         0.16999244689941406
      ],
      "41": [
         -0.03214944154024124,
         -0.024959659203886986,
         0.16630637645721436
      ],
      "42": [
         -0.042805276811122894,
         -0.023192668333649635,
         0.16533052921295166
      ],
      "43": [
         0.0074561722576618195,
         -0.02282590977847576,
         0.1702944040298462
      ],
      "44": [
         0.015971584245562553,
         -0.02552981860935688,
         0.17600035667419434
      ],
      "45": [
         0.027060888707637787,
         -0.02531631663441658,
         0.17560029029846191
      ],
      "46": [
         0.03418167680501938,
         -0.016918670386075974,
         0.16885948181152344
      ],
      "47": [
         0.02714477851986885,
         -0.02303854562342167,
         0.16620421409606934
      ],
      "48": [
         0.0169659536331892,
         -0.024748805910348892,
         0.16699552536010742
      ],
      "49": [
         -0.03103899210691452,
         -0.03573016822338104,
         0.09924912452697754
      ],
      "50": [
         -0.023371653631329536,
         -0.04494905471801758,
         0.10629963874816895
      ],
      "51": [
         -0.015001557767391205,
         -0.05053294077515602,
         0.11104846000671387
      ],
      "52": [
         -0.004740502219647169,
         -0.052271995693445206,
         0.1111522912979126
      ],
      "53": [
         0.005235432647168636,
         -0.048813141882419586,
         0.11161112785339355
      ],
      "54": [
         0.012724915519356728,
         -0.04219217225909233,
         0.10737490653991699
      ],
      "55": [
         0.017984164878726006,
         -0.0330217182636261,
         0.10137903690338135
      ],
      "56": [
         0.012955307960510254,
         -0.03880476579070091,
         0.09568572044372559
      ],
      "57": [
         0.005419108085334301,
         -0.04542776942253113,
         0.0910104513168335
      ],
      "58": [
         -0.004945903550833464,
         -0.04808635637164116,
         0.08860516548156738
      ],
      "59": [
         -0.015068594366312027,
         -0.047390103340148926,
         0.09009253978729248
      ],
      "60": [
         -0.024154385551810265,
         -0.041768088936805725,
         0.09370434284210205
      ],
      "61": [
         -0.02846040576696396,
         -0.0350864939391613,
         0.1003885269165039
      ],
      "62": [
         -0.012923363596200943,
         -0.045919619500637054,
         0.10436701774597168
      ],
      "63": [
         -0.005239901598542929,
         -0.04621482267975807,
         0.10450100898742676
      ],
      "64": [
         0.0031760260462760925,
         -0.04411424323916435,
         0.10513091087341309
      ],
      "65": [
         0.016011638566851616,
         -0.03201892971992493,
         0.10231304168701172
      ],
      "66": [
         0.0030682245269417763,
         -0.0417805016040802,
         0.09768879413604736
      ],
      "67": [
         -0.005496147088706493,
         -0.0439629852771759,
         0.09663724899291992
      ],
      "68": [
         -0.01350759994238615,
         -0.04343082010746002,
         0.09689772129058838
      ]
   },
   "keypoints_2d_coordinates": {
      "1": [
         40,
         18
      ],
      "2": [
         52,
         19
      ],
      "3": [
         64,
         20
      ],