{
   "identity_id": "c78ac4ce-1a55-4f31-919a-bd637c8fe7f1",
   "identity_label": {
      "age": "young",
      "ethnicity": "african",
      "gender": "male"
   },
   "face_expression": {
      "intensity_level": 1,
      "name": "fear"
   },
   "facial_hair_included": false,
   "head_metadata": {
      "head_root_location": {
         "x": 0.0,
         "y": 0.0,
         "z": 0.0
      },
      "head_rotation": {
         "pitch": 19.99999941818584,
         "yaw": 10.1917068973959,
         "roll": -4.815736291778326
      },
      "head_six_dof": {
         "location": {
            "x": 0.026104390621185303,
            "y": -0.0851806253194809,
            "z": 0.1125505343079567
         },
         "look_at_vector": {
            "x": 0.13683663232420612,
            "y": -0.8586870980128999,
            "z": -0.49389493190389666
         }
      }
   },
   "apex_of_cornea_point": {
      "2d": {
         "camera": {
            "right_eye": {
               "x": 571,
               "y": 498
            },
            "left_eye": {
               "x": 581,
               "y": 785
            }
         }
      },
      "3d": {
         "right_eye": {
            "x": -0.0029683085158467293,
            "y": -0.07362930476665497,
            "z": 0.10766781866550446
         },
         "left_eye": {
            "x": 0.057386282831430435,
            "y": -0.06240133196115494,
            "z": 0.10540560632944107
         }
      }
   },
   "center_of_rotation_point": {
      "2d": {
         "camera": {
            "right_eye": {
               "x": 523,
               "y": 473
            },
            "left_eye": {
               "x": 535,
               "y": 754
            }
         }
      },
      "3d": {
         "right_eye": {
            "x": -0.008136143907904625,
            "y": -0.06620503962039948,
            "z": 0.11764921247959137
         },
         "left_eye": {
            "x": 0.051024649292230606,
            "y": -0.05574636906385422,
            "z": 0.11516658961772919
         }
      }
   },
   "iris_circle": {
      "2d": {
         "camera": {
            "right_eye": [
               {
                  "x": 538,
                  "y": 501
               },
               {
                  "x": 539,
                  "y": 515
               },
               {
                  "x": 545,
                  "y": 524
               },
               {
                  "x": 556,
                  "y": 524
               },
               {
                  "x": 568,
                  "y": 515
               },
               {
                  "x": 578,
                  "y": 501
               },
               {
                  "x": 584,
                  "y": 484
               },
               {
                  "x": 583,
                  "y": 470
               },
               {
                  "x": 577,
                  "y": 462
               },
               {
                  "x": 566,
                  "y": 462
               },
               {
                  "x": 554,
                  "y": 470
               },
               {
                  "x": 544,
                  "y": 484
               }
            ],
            "left_eye": [
               {
                  "x": 550,
                  "y": 787
               },
               {
                  "x": 549,
                  "y": 801
               },
               {
                  "x": 554,
                  "y": 808
               },
               {
                  "x": 564,
                  "y": 807
               },
               {
                  "x": 576,
                  "y": 798
               },
               {
                  "x": 588,
                  "y": 785
               },
               {
                  "x": 595,
                  "y": 769
               },
               {
                  "x": 595,
                  "y": 756
               },
               {
                  "x": 590,
                  "y": 749
               },
               {
                  "x": 579,
                  "y": 750
               },
               {
                  "x": 567,
                  "y": 758
               },
               {
                  "x": 557,
                  "y": 772
               }
            ]
         }
      },
      "3d": {
         "right_eye": [
            {
               "x": -0.002358719240874052,
               "y": -0.07721628993749619,
               "z": 0.11450126022100449
            },
            {
               "x": 0.0006183384684845805,
               "y": -0.07500428706407547,
               "z": 0.11441370844841003
            },
            {
               "x": 0.002414300572127104,
               "y": -0.071957066655159,
               "z": 0.11309158802032471
            },
            {
               "x": 0.002451496897265315,
               "y": -0.06893478333950043,
               "z": 0.11085602641105652
            },
            {
               "x": 0.0006578257889486849,
               "y": -0.06672874838113785,
               "z": 0.10828901827335358
            },
            {
               "x": -0.0023920643143355846,
               "y": -0.06596948206424713,
               "z": 0.10613777488470078
            },
            {
               "x": -0.005833098199218512,
               "y": -0.06679289788007736,
               "z": 0.10493728518486023
            },
            {
               "x": -0.00872366689145565,
               "y": -0.0689891055226326,
               "z": 0.10507950186729431
            },
            {
               "x": -0.01042789127677679,
               "y": -0.07201611995697021,
               "z": 0.10644383728504181
            },
            {
               "x": -0.010418384335935116,
               "y": -0.07506316900253296,
               "z": 0.10868111252784729
            },
            {
               "x": -0.008663672022521496,
               "y": -0.0773359090089798,
               "z": 0.11126551777124405
            },
            {
               "x": -0.005720408633351326,
               "y": -0.07809604704380035,
               "z": 0.11338575929403305
            }
         ],
         "left_eye": [
            {
               "x": 0.057706356048583984,
               "y": -0.06610865890979767,
               "z": 0.11212009191513062
            },
            {
               "x": 0.0605468824505806,
               "y": -0.06374535709619522,
               "z": 0.11232000589370728
            },
            {
               "x": 0.062161631882190704,
               "y": -0.060689229518175125,
               "z": 0.11121595650911331
            },
            {
               "x": 0.06209414824843407,
               "y": -0.05767984688282013,
               "z": 0.10906881093978882
            },
            {
               "x": 0.06039781868457794,
               "y": -0.055461566895246506,
               "z": 0.10640756040811539
            },
            {
               "x": 0.05755064636468887,
               "y": -0.05469168350100517,
               "z": 0.1040290966629982
            },
            {
               "x": 0.05426272749900818,
               "y": -0.055681921541690826,
               "z": 0.102591872215271
            },
            {
               "x": 0.05146237090229988,
               "y": -0.05815593898296356,
               "z": 0.1024775356054306
            },
            {
               "x": 0.04983263835310936,
               "y": -0.06145651265978813,
               "z": 0.10371361672878265
            },
            {
               "x": 0.04986799880862236,
               "y": -0.06451203674077988,
               "z": 0.10587271302938461
            },
            {
               "x": 0.05156727880239487,
               "y": -0.0666530579328537,