{
   "version": "2.0.0",
   "body": {
      "eye": {
         "left": {
            "outer": {
               "global_3d": {
                  "x": 2.9395649433135986,
                  "y": -0.2576237618923187,
                  "z": 1.6693005561828613
               },
               "pixel_2d": {
                  "x": 259,
                  "y": 274
               }
            },
            "center": {
               "global_3d": {
                  "x": 2.937724530696869,
                  "y": -0.24470021948218346,
                  "z": 1.668377697467804
               },
               "pixel_2d": {
                  "x": 259,
                  "y": 274
               }
            },
            "inner": {
               "global_3d": {
                  "x": 2.941650629043579,
                  "y": -0.23110495507717133,
                  "z": 1.6676844358444214
               },
               "pixel_2d": {
                  "x": 259,
                  "y": 273
               }
            }
         },
         "right": {
            "center": {
               "global_3d": {
                  "x": 2.9547192454338074,
                  "y": -0.18230416253209114,
                  "z": 1.6665059328079224
               },
               "pixel_2d": {
                  "x": 259,
                  "y": 270
               }
            },
            "outer": {
               "global_3d": {
                  "x": 2.962663173675537,
                  "y": -0.1707988977432251,
                  "z": 1.6668663024902344
               },
               "pixel_2d": {
                  "x": 259,
                  "y": 270
               }
            },
            "inner": {
               "global_3d": {
                  "x": 2.951671838760376,
                  "y": -0.19506315886974335,
                  "z": 1.6662088632583618
               },
               "pixel_2d": {
                  "x": 259,
                  "y": 271
               }
            }
         }
      },
      "ear": {
         "left": {
            "global_3d": {
               "x": 3.0110134141785756,
               "y": -0.3069072365760803,
               "z": 1.6460575716836112
            },
            "pixel_2d": {
               "x": 260,
               "y": 276
            }
         },
         "right": {
            "global_3d": {
               "x": 3.048299551010132,
               "y": -0.16463409630315645,
               "z": 1.6447137594223022
            },
            "pixel_2d": {
               "x": 260,
               "y": 269
            }
         }
      },
      "nose": {
         "global_3d": {
            "x": 2.9090681076049805,
            "y": -0.20227578282356262,
            "z": 1.6361961364746094
         },
         "pixel_2d": {
            "x": 261,
            "y": 272
         }
      },
      "mouth": {
         "left": {
            "global_3d": {
               "x": 2.9249422550201416,
               "y": -0.23846322298049927,
               "z": 1.5957998037338257
            },
            "pixel_2d": {
               "x": 263,
               "y": 273
            }
         },
         "right": {
            "global_3d": {
               "x": 2.938917398452759,
               "y": -0.18284770846366882,
               "z": 1.592727780342102
            },
            "pixel_2d": {
               "x": 263,
               "y": 271
            }
         }
      },
      "heel": {
         "right": {
            "global_3d": {
               "x": 3.246502637863159,
               "y": -0.18466997146606445,
               "z": 0.18342021107673645
            },
            "pixel_2d": {
               "x": 327,
               "y": 269
            }
         },
         "left": {
            "global_3d": {
               "x": 3.212425470352173,
               "y": -0.3077086806297302,
               "z": 0.03197936341166496
            },
            "pixel_2d": {
               "x": 334,
               "y": 275
            }
         }
      },
      "hip": {
         "right": {
            "global_3d": {
               "x": 3.1202906457389274,
               "y": -0.14497768297428038,
               "z": 1.0390057243951938
            },
            "pixel_2d": {
               "x": 289,
               "y": 268
            }
         },
         "left": {
            "global_3d": {
               "x": 3.0553524494171143,
               "y": -0.3385000919423452,
               "z": 1.029012810893175
            },
            "pixel_2d": {
               "x": 290,
               "y": 278
            }
         }
      },
      "elbow": {
         "right": {
            "global_3d": {
               "x": 3.2602633996443315,
               "y": 0.07297712496735832,
               "z": 1.1527863307432695
            },
            "pixel_2d": {
               "x": 282,
               "y": 258
            }
         },
         "left": {
            "global_3d": {
               "x": 3.061869751323353,
               "y": -0.6524846824732694,
               "z": 1.1700967225161465
            },
            "pixel_2d": {
               "x": 283,
               "y": 293
            }
         }
      },
      "wrist": {
         "right": {
            "global_3d": {
               "x": 3.100652684768041,
               "y": 0.15558448123435178,
               "z": 0.9199480439225832
            },
            "pixel_2d": {
               "x": 295,
               "y": 254
            }
         },
         "left": {
            "global_3d": {
               "x": 2.855977659424146,
               "y": -0.5665756836533546,
               "z": 0.9673204844196638
            },
            "pixel_2d": {
               "x": 296,
               "y": 291
            }
         }
      },
      "shoulder": {
         "left": {
            "global_3d": {
               "x": 3.041364908218384,
               "y": -0.4229443818330765,
               "z": 1.4288143515586853
            },
            "pixel_2d": {
               "x": 271,
               "y": 282
            }
         },
         "right": {
            "global_3d": {
               "x": 3.1377581357955933,
               "y": -0.08720634877681732,
               "z": 1.4203912615776062
            },
            "pixel_2d": {
               "x": 271,
               "y": 265
            }
         }
      },
      "pinky": {
         "left": {
            "global_3d": {
               "x": 2.900651309225294,
               "y": -0.48190901097324157,
               "z": 0.8698789344893562
            },
            "pixel_2d": {
               "x": 300,
               "y": 286
            }
         },
         "right": {
            "global_3d": {
               "x": 3.0331811242633395,
               "y": 0.16667547035548422,
               "z": 0.7878368298212687
            },
            "pixel_2d": {
               "x": 302,
               "y": 253
            }
         }
      },
      "knee": {
         "right": {
            "global_3d": {
               "x": 2.966507757703463,
               "y": -0.0199156849218222,
               "z": 0.5459303483366966
            },
            "pixel_2d": {
               "x": 315,
               "y": 262
            }
         },
         "left": {
            "global_3d": {
               "x": 3.0409478843212128,
               "y": -0.29876802147676546,
               "z": 0.4944706515719493
            },
            "pixel_2d": {
               "x": 316,
               "y": 276
            }
         }
      },
      "foot": {
         "right": {
            "index": {
               "global_3d": {
                  "x": 3.098022209273444,
                  "y": -0.02263981641994582,
                  "z": 0.04571485022703806
               },
               "pixel_2d": {
                  "x": 336,
                  "y": 262
               }
            }
         },