{
   "version": "2.0.0",
   "feet": {
      "right": {
         "heel": {
            "global_3d": {
               "x": 3.246502637863159,
               "y": -0.18466997146606445,
               "z": 0.18342021107673645
            },
            "pixel_2d": {
               "x": 327,
               "y": 269
            }
         },
         "index": {
            "global_3d": {
               "x": 3.098022209273444,
               "y": -0.02263981641994582,
               "z": 0.04571485022703806
            },
            "pixel_2d": {
               "x": 336,
               "y": 262
            }
         },
         "pinky": {
            "global_3d": {
               "x": 3.170145034790039,
               "y": -0.012380005584822761,
               "z": 0.06178350011921591
            },
            "pixel_2d": {
               "x": 334,
               "y": 262
            }
         }
      },
      "left": {
         "heel": {
            "global_3d": {
               "x": 3.212425470352173,
               "y": -0.3077086806297302,
               "z": 0.03197936341166496
            },
            "pixel_2d": {
               "x": 334,
               "y": 275
            }
         },
         "pinky": {
            "global_3d": {
               "x": 2.987443851100074,
               "y": -0.34682679093546337,
               "z": 0.03044075984507799
            },
            "pixel_2d": {
               "x": 340,
               "y": 278
            }
         },
         "index": {
            "global_3d": {
               "x": 2.948986748854319,
               "y": -0.2851924929353926,
               "z": 0.046451904293563634
            },
            "pixel_2d": {
               "x": 341,
               "y": 276
            }
         }
      }
   }
}