{
   "version": "2.0.0",
   "hands": {
      "right": {
         "finger": {
            "thumb": {
               "ip": {
                  "global_3d": {
                     "x": 3.0001713803836276,
                     "y": 0.13881652908665792,
                     "z": 0.8765219790594918
                  },
                  "pixel_2d": {
                     "x": 298,
                     "y": 254
                  }
               },
               "cmc": {
                  "global_3d": {
                     "x": 3.0247799356778464,
                     "y": 0.1404068830112616,
                     "z": 0.8960509896278381
                  },
                  "pixel_2d": {
                     "x": 297,
                     "y": 254
                  }
               },
               "tip": {
                  "global_3d": {
                     "x": 2.984257181485494,
                     "y": 0.13577351636356777,
                     "z": 0.854720950126648
                  },
                  "pixel_2d": {
                     "x": 299,
                     "y": 255
                  }
               },
               "mcp": {
                  "global_3d": {
                     "x": 3.0132711132367453,
                     "y": 0.1392987680931886,
                     "z": 0.8868352075417837
                  },
                  "pixel_2d": {
                     "x": 297,
                     "y": 254
                  }
               }
            },
            "middle": {
               "mcp": {
                  "global_3d": {
                     "x": 3.02501172820727,
                     "y": 0.19273317170639834,
                     "z": 0.841515839099884
                  },
                  "pixel_2d": {
                     "x": 299,
                     "y": 252
                  }
               },
               "pip": {
                  "global_3d": {
                     "x": 3.004859975406102,
                     "y": 0.1876013374754361,
                     "z": 0.8185904366629464
                  },
                  "pixel_2d": {
                     "x": 301,
                     "y": 252
                  }
               },
               "dip": {
                  "global_3d": {
                     "x": 2.98721958058221,
                     "y": 0.17277587950229645,
                     "z": 0.7983540913888386
                  },
                  "pixel_2d": {
                     "x": 302,
                     "y": 253
                  }
               },
               "tip": {
                  "global_3d": {
                     "x": 2.9774399863349066,
                     "y": 0.15626113530662325,
                     "z": 0.7870705227057139
                  },
                  "pixel_2d": {
                     "x": 303,
                     "y": 254
                  }
               }
            },
            "ring": {
               "mcp": {
                  "global_3d": {
                     "x": 3.044680178165436,
                     "y": 0.1896088713159164,
                     "z": 0.828778179983298
                  },
                  "pixel_2d": {
                     "x": 300,
                     "y": 252
                  }
               },
               "pip": {
                  "global_3d": {
                     "x": 3.0313268303871155,
                     "y": 0.1877841470496995,
                     "z": 0.8075001495225089
                  },
                  "pixel_2d": {
                     "x": 301,
                     "y": 252
                  }
               },
               "dip": {
                  "global_3d": {
                     "x": 3.0155885134424483,
                     "y": 0.17601489275693893,
                     "z": 0.7908975971596581
                  },
                  "pixel_2d": {
                     "x": 302,
                     "y": 253
                  }
               },
               "tip": {
                  "global_3d": {
                     "x": 3.00403849946128,
                     "y": 0.16008171066641808,
                     "z": 0.7808139440086153
                  },
                  "pixel_2d": {
                     "x": 303,
                     "y": 253
                  }
               }
            },
            "index": {
               "mcp": {
                  "global_3d": {
                     "x": 3.0073896845181785,
                     "y": 0.18931840235988298,
                     "z": 0.8608985245227814
                  },
                  "pixel_2d": {
                     "x": 299,
                     "y": 252
                  }
               },
               "pip": {
                  "global_3d": {
                     "x": 2.9877939224243164,
                     "y": 0.18804713657924108,
                     "z": 0.8387880687202726
                  },
                  "pixel_2d": {
                     "x": 300,
                     "y": 252
                  }
               },
               "dip": {
                  "global_3d": {
                     "x": 2.975856397833143,
                     "y": 0.17883752499307906,
                     "z": 0.8217926238264356
                  },
                  "pixel_2d": {
                     "x": 301,
                     "y": 252
                  }
               },
               "tip": {
                  "global_3d": {
                     "x": 2.966130839453803,
                     "y": 0.16420943869484794,
                     "z": 0.8072161542044746
                  },
                  "pixel_2d": {
                     "x": 302,
                     "y": 253
                  }
               }
            },
            "pinky": {
               "mcp": {
                  "global_3d": {
                     "x": 3.068544775247574,
                     "y": 0.1823321022093296,
                     "z": 0.8251442338029543
                  },
                  "pixel_2d": {
                     "x": 300,
                     "y": 252
                  }
               },
               "pip": {
                  "global_3d": {
                     "x": 3.0592514957700456,
                     "y": 0.18443845159241132,
                     "z": 0.8093934186867305
                  },
                  "pixel_2d": {
                     "x": 301,
                     "y": 252
                  }
               },
               "dip": {
                  "global_3d": {
                     "x": 3.0479227559907094,
                     "y": 0.17870617923992022,
                     "z": 0.797650511775698
                  },
                  "pixel_2d": {
                     "x": 301,
                     "y": 252
                  }
               },
               "tip": {
                  "global_3d": {
                     "x": 3.0331811242633395,
                     "y": 0.16667547035548422,
                     "z": 0.7878368298212687
                  },
                  "pixel_2d": {
                     "x": 302,
                     "y": 253
                  }
               }
            }
         },
         "wrist": {
            "global_3d": {
               "x": 3.100652684768041,
               "y": 0.15558448123435178,
               "z": 0.9199480439225832
            },
            "pixel_2d": {
               "x": 295,
               "y": 254
            }
         }
      },
      "left": {
         "finger": {
            "thumb": {
               "ip": {
                  "global_3d": {
                     "x": 2.789235464164189,
                     "y": -0.47648851360593525,
                     "z": 0.9679678721087319
                  },
                  "pixel_2d": {
                     "x": 296,
                     "y": 287
                  }
               },
               "cmc": {
                  "global_3d": {
                     "x": 2.8140671054522195,