{
   "keypoints_3d_coordinates": {
      "1": [
         -0.06812181323766708,
         0.005630481988191605,
         0.13395452499389648
      ],
      "2": [
         -0.06523019075393677,
         0.0031610578298568726,
         0.1165701150894165
      ],
      "3": [
         -0.060354508459568024,
         0.0033546313643455505,
         0.09970486164093018
      ],
      "4": [
         -0.05573611333966255,
         0.0018639005720615387,
         0.08026015758514404
      ],
      "5": [
         -0.04993407055735588,
         -0.0045158397406339645,
         0.06595385074615479
      ],
      "6": [
         -0.04432829096913338,
         -0.017891978845000267,
         0.057784199714660645
      ],
      "7": [
         -0.03531220927834511,
         -0.027315281331539154,
         0.050671935081481934
      ],
      "8": [
         -0.02554907649755478,
         -0.0382189080119133,
         0.044478774070739746
      ],
      "9": [
         -0.002472429536283016,
         -0.04462088644504547,
         0.039664268493652344
      ],
      "10": [
         0.020365498960018158,
         -0.0375080443918705,
         0.04598188400268555
      ],
      "11": [
         0.030345045030117035,
         -0.026353491470217705,
         0.05284559726715088
      ],
      "12": [
         0.0390353724360466,
         -0.01621609553694725,
         0.06037318706512451
      ],
      "13": [
         0.04475190117955208,
         -0.0019216984510421753,
         0.06911599636077881
      ],
      "14": [
         0.048916976898908615,
         0.005035843700170517,
         0.08401739597320557
      ],
      "15": [
         0.05338491499423981,
         0.006804808974266052,
         0.10245013236999512
      ],
      "16": [
         0.05697541683912277,
         0.006849657744169235,
         0.11999404430389404
      ],
      "17": [
         0.059059448540210724,
         0.010876990854740143,
         0.13704538345336914
      ],
      "18": [
         -0.052225641906261444,
         -0.041991788893938065,
         0.15472018718719482
      ],
      "19": [
         -0.04891704022884369,
         -0.04527248814702034,
         0.1570901870727539
      ],
      "20": [
         -0.040983740240335464,
         -0.051080089062452316,
         0.15986013412475586
      ],
      "21": [
         -0.031889237463474274,
         -0.05622389167547226,
         0.1603701114654541
      ],
      "22": [
         -0.021196339279413223,
         -0.0599282905459404,
         0.1579301357269287
      ],
      "23": [
         0.0149452593177557,
         -0.058772191405296326,
         0.15889012813568115
      ],
      "24": [
         0.02542906068265438,
         -0.0543069913983345,
         0.16198015213012695
      ],
      "25": [
         0.03457115963101387,
         -0.04860559105873108,
         0.16180014610290527
      ],
      "26": [
         0.04233255982398987,
         -0.042238786816596985,
         0.15939009189605713
      ],
      "27": [
         0.04559246078133583,
         -0.03863392770290375,
         0.15729010105133057
      ],
      "28": [
         -0.003473748452961445,
         -0.05886460095643997,
         0.14303648471832275
      ],
      "29": [
         -0.0036927396431565285,
         -0.061835795640945435,
         0.12933456897735596
      ],
      "30": [
         -0.0037916419096291065,
         -0.06749624013900757,
         0.1217038631439209
      ],
      "31": [
         -0.0038392175920307636,
         -0.07562875002622604,
         0.11083221435546875
      ],
      "32": [
         -0.01992620900273323,
         -0.05818651244044304,
         0.0978384017944336
      ],
      "33": [
         -0.012214681133627892,
         -0.06183106452226639,
         0.09657740592956543
      ],
      "34": [
         -0.004028994124382734,
         -0.06404383480548859,
         0.09648299217224121
      ],
      "35": [
         0.0044323112815618515,
         -0.06162067875266075,
         0.09676122665405273
      ],
      "36": [
         0.012036656029522419,
         -0.05789792537689209,
         0.09812939167022705
      ],
      "37": [
         -0.045152697712183,
         -0.044667549431324005,
         0.13569092750549316
      ],
      "38": [
         -0.03880404308438301,
         -0.0523761548101902,
         0.1338261365890503
      ],
      "39": [
         -0.02909187227487564,
         -0.05191399157047272,
         0.13456189632415771
      ],
      "40": [
         -0.02095256932079792,
         -0.04914949834346771,
         0.13435232639312744
      ],
      "41": [
         -0.028640544041991234,
         -0.05130413919687271,
         0.1326056718826294
      ],
      "42": [
         -0.03876924887299538,
         -0.05073066055774689,
         0.13153421878814697
      ],
      "43": [
         0.014322260394692421,
         -0.04823395609855652,
         0.1346977949142456
      ],
      "44": [
         0.023274635896086693,
         -0.051041167229413986,
         0.135725736618042
      ],
      "45": [
         0.03363477811217308,
         -0.05092329904437065,
         0.13560271263122559
      ],
      "46": [
         0.038695916533470154,
         -0.043060265481472015,
         0.13699662685394287
      ],
      "47": [
         0.03319540619850159,
         -0.04890549182891846,
         0.13332915306091309
      ],
      "48": [
         0.022821683436632156,
         -0.05008365958929062,
         0.13358449935913086
      ],
      "49": [
         -0.025832295417785645,
         -0.05345059186220169,
         0.07525384426116943
      ],
      "50": [
         -0.020816560834646225,
         -0.06272991001605988,
         0.07970547676086426
      ],
      "51": [
         -0.012823018245398998,
         -0.06773260980844498,
         0.08368539810180664
      ],
      "52": [
         -0.0033526963088661432,
         -0.07000887393951416,
         0.08345770835876465
      ],
      "53": [
         0.00625024177134037,
         -0.06734585762023926,
         0.08382391929626465
      ],
      "54": [
         0.014200091361999512,
         -0.06283842027187347,
         0.08051908016204834
      ],
      "55": [
         0.01842845231294632,
         -0.053876444697380066,
         0.07621371746063232
      ],
      "56": [
         0.013621967285871506,
         -0.05892393738031387,
         0.07065105438232422
      ],
      "57": [
         0.006687702611088753,
         -0.06343171000480652,
         0.06604516506195068
      ],
      "58": [
         -0.0030086275655776262,
         -0.0653793215751648,
         0.06422781944274902
      ],
      "59": [
         -0.012464669533073902,
         -0.0636938139796257,
         0.06567656993865967
      ],
      "60": [
         -0.02049635723233223,
         -0.05876908451318741,
         0.06993210315704346
      ],
      "61": [
         -0.023340674117207527,
         -0.05274093151092529,
         0.07561397552490234
      ],
      "62": [
         -0.010843444615602493,
         -0.06452271342277527,
         0.0754009485244751
      ],
      "63": [
         -0.003480633720755577,
         -0.0653180330991745,
         0.07465791702270508
      ],
      "64": [
         0.004506506957113743,
         -0.06418849527835846,
         0.0756157636642456
      ],
      "65": [
         0.01622099056839943,
         -0.053422436118125916,
         0.07658100128173828
      ],
      "66": [
         0.00422658259049058,
         -0.0631079226732254,
         0.07484734058380127
      ],
      "67": [
         -0.0034252514597028494,
         -0.0639168918132782,
         0.0740889310836792
      ],
      "68": [
         -0.010697443038225174,
         -0.06295697391033173,
         0.07484877109527588
      ]
   },
   "keypoints_2d_coordinates": {
      "1": [
         56,
         25
      ],
      "2": [
         66,
         27
      ],
      "3": [
         76,
         30
      ],