{
   "keypoints_3d_coordinates": {
      "1": [
         -0.06053528934717178,
         -0.012110142037272453,
         0.13371706008911133
      ],
      "2": [
         -0.05523234233260155,
         -0.015737630426883698,
         0.1172863245010376
      ],
      "3": [
         -0.05061277002096176,
         -0.015054391697049141,
         0.09977209568023682
      ],
      "4": [
         -0.04387826472520828,
         -0.01565423421561718,
         0.08182430267333984
      ],
      "5": [
         -0.03546420857310295,
         -0.018131043761968613,
         0.06994366645812988
      ],
      "6": [
         -0.025474216789007187,
         -0.02952246367931366,
         0.06439220905303955
      ],
      "7": [
         -0.012056335806846619,
         -0.03661327436566353,
         0.060178279876708984
      ],
      "8": [
         0.0014133392833173275,
         -0.04295466095209122,
         0.05715286731719971
      ],
      "9": [
         0.024919133633375168,
         -0.04094932600855827,
         0.05255162715911865
      ],
      "10": [
         0.04058177024126053,
         -0.023768894374370575,
         0.05837595462799072
      ],
      "11": [
         0.04354172199964523,
         -0.010874487459659576,
         0.061240434646606445
      ],
      "12": [
         0.046033214777708054,
         -0.0004952512681484222,
         0.06552469730377197
      ],
      "13": [
         0.0452723391354084,
         0.01352805644273758,
         0.07148361206054688
      ],
      "14": [
         0.048524364829063416,
         0.02687729522585869,
         0.08313632011413574
      ],
      "15": [
         0.05205930769443512,
         0.033274486660957336,
         0.10032534599304199
      ],
      "16": [
         0.05472010746598244,
         0.03651866316795349,
         0.11787641048431396
      ],
      "17": [
         0.05624685809016228,
         0.043045707046985626,
         0.1340733766555786
      ],
      "18": [
         -0.027757229283452034,
         -0.04088430106639862,
         0.1622544229030609
      ],
      "19": [
         -0.02396150678396225,
         -0.04251021891832352,
         0.16534067690372467
      ],
      "20": [
         -0.014907196164131165,
         -0.04485306888818741,
         0.16933998465538025
      ],
      "21": [
         -0.005330968648195267,
         -0.04509701207280159,
         0.17073418200016022
      ],
      "22": [
         0.00582949910312891,
         -0.04388889670372009,
         0.16921180486679077
      ],
      "23": [
         0.036815106868743896,
         -0.029112882912158966,
         0.1696176677942276
      ],
      "24": [
         0.044627781957387924,
         -0.02104252763092518,
         0.1710122525691986
      ],
      "25": [
         0.05061548948287964,
         -0.013356063514947891,
         0.16960464417934418
      ],
      "26": [
         0.0548781119287014,
         -0.005162158980965614,
         0.16577504575252533
      ],
      "27": [
         0.05618290603160858,
         -0.001179886981844902,
         0.1627170592546463
      ],
      "28": [
         0.021839868277311325,
         -0.03769960254430771,
         0.15619313716888428
      ],
      "29": [
         0.025271296501159668,
         -0.04435808211565018,
         0.14366841316223145
      ],
      "30": [
         0.027826596051454544,
         -0.04943326860666275,
         0.1367790699005127
      ],
      "31": [
         0.030840639024972916,
         -0.056050993502140045,
         0.1266103982925415
      ],
      "32": [
         0.010159426368772984,
         -0.047361329197883606,
         0.11318397521972656
      ],
      "33": [
         0.01809387467801571,
         -0.04847472161054611,
         0.11187779903411865
      ],
      "34": [
         0.02680922858417034,
         -0.04740680754184723,
         0.11133193969726562
      ],
      "35": [
         0.03275497257709503,
         -0.041057586669921875,
         0.11166203022003174
      ],
      "36": [
         0.03685715049505234,
         -0.03413437306880951,
         0.1134195327758789
      ],
      "37": [
         -0.01885027438402176,
         -0.044641487300395966,
         0.14432311058044434
      ],
      "38": [
         -0.010633490979671478,
         -0.04848508909344673,
         0.15017712116241455
      ],
      "39": [
         -0.0017346746753901243,
         -0.044821273535490036,
         0.15081167221069336
      ],
      "40": [
         0.004118334501981735,
         -0.03854812681674957,
         0.14542019367218018
      ],
      "41": [
         -0.0006758165545761585,
         -0.04345613718032837,
         0.14322268962860107
      ],
      "42": [
         -0.009495178237557411,
         -0.04728113114833832,
         0.14123022556304932
      ],
      "43": [
         0.03375519812107086,
         -0.024312805384397507,
         0.1456584930419922
      ],
      "44": [
         0.043047089129686356,
         -0.024178529158234596,
         0.1508629322052002
      ],
      "45": [
         0.05145885795354843,
         -0.01969015970826149,
         0.15050745010375977
      ],
      "46": [
         0.05342523381114006,
         -0.01085093803703785,
         0.1443082094192505
      ],
      "47": [
         0.049835205078125,
         -0.019426610320806503,
         0.14157021045684814
      ],
      "48": [
         0.040489327162504196,
         -0.024304993450641632,
         0.14320850372314453
      ],
      "49": [
         0.0028439098969101906,
         -0.04871831834316254,
         0.09070026874542236
      ],
      "50": [
         0.009662337601184845,
         -0.05368270352482796,
         0.09541070461273193
      ],
      "51": [
         0.018567683175206184,
         -0.053940244019031525,
         0.0997384786605835
      ],
      "52": [
         0.028955351561307907,
         -0.05126821994781494,
         0.09957802295684814
      ],
      "53": [
         0.037057213485240936,
         -0.043857086449861526,
         0.0999135971069336
      ],
      "54": [
         0.04278843104839325,
         -0.035806845873594284,
         0.09558749198913574
      ],
      "55": [
         0.04292448237538338,
         -0.028481513261795044,
         0.0915532112121582
      ],
      "56": [
         0.04126797616481781,
         -0.03503972291946411,
         0.08742713928222656
      ],
      "57": [
         0.036954376846551895,
         -0.043873272836208344,
         0.08553266525268555
      ],
      "58": [
         0.029103439301252365,
         -0.05105767026543617,
         0.08512639999389648
      ],
      "59": [
         0.019360069185495377,
         -0.05375522002577782,
         0.08535206317901611
      ],
      "60": [
         0.009877907112240791,
         -0.05220527946949005,
         0.08731722831726074
      ],
      "61": [
         0.003342472016811371,
         -0.04678475856781006,
         0.09006214141845703
      ],
      "62": [
         0.01854565180838108,
         -0.05021783709526062,
         0.09257936477661133
      ],
      "63": [
         0.026903390884399414,
         -0.047135233879089355,
         0.09247565269470215
      ],
      "64": [
         0.034068457782268524,
         -0.041252195835113525,
         0.09264063835144043
      ],
      "65": [
         0.040762484073638916,
         -0.02700311318039894,
         0.09074103832244873
      ],
      "66": [
         0.03373346105217934,
         -0.04095775634050369,
         0.09081768989562988
      ],
      "67": [
         0.026727836579084396,
         -0.04687435179948807,
         0.09053456783294678
      ],
      "68": [
         0.018471956253051758,
         -0.049946196377277374,
         0.09067988395690918
      ]
   },
   "keypoints_2d_coordinates": {
      "1": [
         449,
         233
      ],
      "2": [
         525,
         257
      ],
      "3": [
         605,
         278
      ],