{
   "keypoints_3d_coordinates": {
      "1": [
         -0.05525856092572212,
         0.008552536368370056,
         0.13464868068695068
      ],
      "2": [
         -0.05387019366025925,
         0.0033738017082214355,
         0.1180039644241333
      ],
      "3": [
         -0.04999975487589836,
         0.002864137291908264,
         0.10243070125579834
      ],
      "4": [
         -0.04611733555793762,
         0.0009757541120052338,
         0.08389222621917725
      ],
      "5": [
         -0.04131180793046951,
         -0.005854520946741104,
         0.06981146335601807
      ],
      "6": [
         -0.03502608835697174,
         -0.019533438608050346,
         0.06171762943267822
      ],
      "7": [
         -0.02724606916308403,
         -0.029114965349435806,
         0.053542375564575195
      ],
      "8": [
         -0.01804109662771225,
         -0.03975044563412666,
         0.045801758766174316
      ],
      "9": [
         0.004241692367941141,
         -0.04695899039506912,
         0.03807950019836426
      ],
      "10": [
         0.02648901753127575,
         -0.04015844315290451,
         0.04415333271026611
      ],
      "11": [
         0.03563487157225609,
         -0.029196415096521378,
         0.051785826683044434
      ],
      "12": [
         0.0436268150806427,
         -0.019182369112968445,
         0.058878540992736816
      ],
      "13": [
         0.0493670254945755,
         -0.005046902224421501,
         0.06714153289794922
      ],
      "14": [
         0.054639507085084915,
         0.0012523755431175232,
         0.08241701126098633
      ],
      "15": [
         0.05954368785023689,
         0.002126440405845642,
         0.10172271728515625
      ],
      "16": [
         0.06319553405046463,
         0.002210814505815506,
         0.11815595626831055
      ],
      "17": [
         0.06502856314182281,
         0.00740857794880867,
         0.1339355707168579
      ],
      "18": [
         -0.04296843335032463,
         -0.042176179587841034,
         0.15598011016845703
      ],
      "19": [
         -0.03989723324775696,
         -0.04566424340009689,
         0.15820002555847168
      ],
      "20": [
         -0.03267393261194229,
         -0.052721843123435974,
         0.16109001636505127
      ],
      "21": [
         -0.023974532261490822,
         -0.05918024107813835,
         0.16151010990142822
      ],
      "22": [
         -0.012973932549357414,
         -0.06343764066696167,
         0.15887010097503662
      ],
      "23": [
         0.023444969207048416,
         -0.06288794428110123,
         0.15868008136749268
      ],
      "24": [
         0.0340251699090004,
         -0.05826374143362045,
         0.16160011291503906
      ],
      "25": [
         0.042698368430137634,
         -0.05230224132537842,
         0.16071009635925293
      ],
      "26": [
         0.05019726976752281,
         -0.04521124064922333,
         0.15792012214660645
      ],
      "27": [
         0.05308176949620247,
         -0.04158678278326988,
         0.1558300256729126
      ],
      "28": [
         0.005261305253952742,
         -0.06303671002388,
         0.14305603504180908
      ],
      "29": [
         0.005465595982968807,
         -0.06585361063480377,
         0.1294386386871338
      ],
      "30": [
         0.005702690687030554,
         -0.07199458032846451,
         0.12206077575683594
      ],
      "31": [
         0.005708476062864065,
         -0.08103031665086746,
         0.11227762699127197
      ],
      "32": [
         -0.011035120114684105,
         -0.06485826522111893,
         0.09865009784698486
      ],
      "33": [
         -0.003407086245715618,
         -0.06922952830791473,
         0.09716594219207764
      ],
      "34": [
         0.005378670524805784,
         -0.07149919122457504,
         0.09706056118011475
      ],
      "35": [
         0.014194030314683914,
         -0.06893756985664368,
         0.09725475311279297
      ],
      "36": [
         0.021217582747340202,
         -0.06441374123096466,
         0.09891724586486816
      ],
      "37": [
         -0.03749041259288788,
         -0.04719068855047226,
         0.13514530658721924
      ],
      "38": [
         -0.030659742653369904,
         -0.05765344202518463,
         0.13844501972198486
      ],
      "39": [
         -0.019884591922163963,
         -0.05765625461935997,
         0.1382828950881958
      ],
      "40": [
         -0.011310474947094917,
         -0.054472945630550385,
         0.1334226131439209
      ],
      "41": [
         -0.01921798661351204,
         -0.056133754551410675,
         0.13141417503356934
      ],
      "42": [
         -0.03055228665471077,
         -0.05514209717512131,
         0.13039112091064453
      ],
      "43": [
         0.022053129971027374,
         -0.05405106395483017,
         0.1327306032180786
      ],
      "44": [
         0.03007551282644272,
         -0.05688675493001938,
         0.13800477981567383
      ],
      "45": [
         0.04047682508826256,
         -0.05648994445800781,
         0.13890230655670166
      ],
      "46": [
         0.04698888584971428,
         -0.04693848639726639,
         0.13494443893432617
      ],
      "47": [
         0.04041675105690956,
         -0.05400441586971283,
         0.1305103302001953
      ],
      "48": [
         0.030010413378477097,
         -0.05525550991296768,
         0.13096833229064941
      ],
      "49": [
         -0.017344409599900246,
         -0.05989578366279602,
         0.07643449306488037
      ],
      "50": [
         -0.012941436842083931,
         -0.07020258903503418,
         0.08120214939117432
      ],
      "51": [
         -0.004692245274782181,
         -0.07556560635566711,
         0.0861046314239502
      ],
      "52": [
         0.00578100373968482,
         -0.07832781225442886,
         0.08616518974304199
      ],
      "53": [
         0.016190476715564728,
         -0.07526341080665588,
         0.08603179454803467
      ],
      "54": [
         0.023921074345707893,
         -0.07057221233844757,
         0.0813823938369751
      ],
      "55": [
         0.027309684082865715,
         -0.06094643473625183,
         0.07659471035003662
      ],
      "56": [
         0.023193899542093277,
         -0.06567715108394623,
         0.06982755661010742
      ],
      "57": [
         0.015554776415228844,
         -0.07019969075918198,
         0.06390810012817383
      ],
      "58": [
         0.005879816133528948,
         -0.07132584601640701,
         0.06162858009338379
      ],
      "59": [
         -0.004142786376178265,
         -0.07011762261390686,
         0.06345701217651367
      ],
      "60": [
         -0.012344421818852425,
         -0.06499774008989334,
         0.06901013851165771
      ],
      "61": [
         -0.014378368854522705,
         -0.05971425771713257,
         0.07685327529907227
      ],
      "62": [
         -0.002171290572732687,
         -0.07235126942396164,
         0.07642018795013428
      ],
      "63": [
         0.005475338082760572,
         -0.07380210608243942,
         0.07565629482269287
      ],
      "64": [
         0.013293442316353321,
         -0.07291232794523239,
         0.07675933837890625
      ],
      "65": [
         0.025054266676306725,
         -0.060769110918045044,
         0.07739591598510742
      ],
      "66": [
         0.012837957590818405,
         -0.07184753566980362,
         0.07472646236419678
      ],
      "67": [
         0.005542449187487364,
         -0.07228288054466248,
         0.07384586334228516
      ],
      "68": [
         -0.0020509380847215652,
         -0.07103011012077332,
         0.07448756694793701
      ]
   },
   "keypoints_2d_coordinates": {
      "1": [
         56,
         33
      ],
      "2": [
         65,
         33
      ],
      "3": [
         74,
         35
      ],